id,centroid_lon,centroid_lat,area_m2,equivalent_diameter_m,perimeter_m,eccentricity,solidity,touches_edge,height_m,shadow_length_m,height_reason,confidence,confidence_bucket,signal_shape,signal_size,signal_separation,signal_shadow,detector_score
1,-5.9502582,39.9316092,7.13,3.013,9.665,0.7032,0.9189,True,,,unavailable,0.7894,high,0.9591,0.7673,0.6079,0.0,
2,-5.9514298,39.9315992,15.308,4.415,15.098,0.5879,0.9012,True,,,unavailable,0.7304,high,0.8439,0.8607,0.4639,0.0,
3,-5.9509838,39.9316039,8.178,3.227,10.787,0.5138,0.8864,True,,,unavailable,0.6054,medium,0.8832,0.5936,0.2838,0.0,
4,-5.9517915,39.9316005,5.871,2.734,9.191,0.9295,0.8235,True,,,unavailable,0.5638,medium,0.8734,0.7559,0.0,0.0,
5,-5.951533,39.9315978,2.516,1.79,5.354,0.7692,0.8571,False,,,unavailable,0.5953,medium,1.0,0.7049,0.0,0.0,
6,-5.9502276,39.9315993,12.162,3.935,11.86,0.5699,0.9667,True,,,unavailable,0.8565,high,1.0,0.8825,0.6583,0.0,
7,-5.9486139,39.9315943,9.646,3.505,10.454,0.6648,1.0,False,,,unavailable,0.8114,high,1.0,0.8739,0.5227,0.0,
8,-5.9493764,39.9315884,13.211,4.101,12.887,0.4817,0.9403,False,,,unavailable,0.785,high,0.9996,0.8658,0.4466,0.0,
9,-5.9509453,39.9315884,16.356,4.563,16.266,0.7385,0.8667,False,,,unavailable,0.7169,high,0.7769,0.7597,0.6021,0.0,
10,-5.9501688,39.9315909,2.936,1.933,6.08,0.8518,0.875,False,,,unavailable,0.5721,medium,0.9978,0.6334,0.0,0.0,
11,-5.9488607,39.9315827,6.081,2.783,8.197,0.5343,0.9667,False,,,unavailable,0.8029,high,1.0,0.7109,0.6583,0.0,
12,-5.9510252,39.9315803,14.469,4.292,12.508,0.0,1.0,False,,,unavailable,0.8361,high,1.0,0.622,0.8535,0.0,
13,-5.9482762,39.9315788,17.614,4.736,17.94,0.7323,0.7778,False,,,unavailable,0.6792,medium,0.6877,0.7681,0.5802,0.0,
14,-5.9502733,39.9315786,15.937,4.505,14.987,0.5697,0.9048,False,,,unavailable,0.8384,high,0.8916,0.97,0.6429,0.0,
15,-5.9485543,39.931575,18.243,4.82,15.366,0.586,0.9457,False,,,unavailable,0.7257,high,0.9709,0.3971,0.7601,0.0,
16,-5.9482349,39.9315684,7.13,3.013,10.028,0.8753,0.8947,False,,,unavailable,0.5544,medium,0.8909,0.2752,0.4299,0.0,
17,-5.9501885,39.9315651,35.229,6.697,23.831,0.5512,0.8842,False,,,unavailable,0.506,medium,0.7795,0.0,0.6837,0.0,
18,-5.9493224,39.9315625,29.776,6.157,19.788,0.3809,0.9221,False,,,unavailable,0.6087,medium,0.9556,0.0,0.801,0.0,
19,-5.9486097,39.9315652,12.372,3.969,12.413,0.6808,0.9516,False,,,unavailable,0.8658,high,1.0,0.9178,0.6527,0.0,
20,-5.9513219,39.931549,3.355,2.067,5.986,0.8596,0.9412,False,,,unavailable,0.6051,medium,1.0,0.2933,0.4431,0.0,
21,-5.9509549,39.931552,15.308,4.415,13.597,0.4887,0.9359,False,,,unavailable,0.8031,high,1.0,0.5402,0.8298,0.0,
22,-5.9483661,39.9315538,15.937,4.505,15.288,0.7305,0.8837,False,,,unavailable,0.8016,high,0.8569,0.8938,0.6429,0.0,
23,-5.9510324,39.9315404,11.953,3.901,11.592,0.612,0.9828,False,,,unavailable,0.843,high,1.0,0.7932,0.7043,0.0,
24,-5.950078,39.9315333,104.847,11.554,43.638,0.6007,0.8865,False,,,unavailable,0.4481,low,0.6919,0.0,0.6037,0.0,
25,-5.9482933,39.931531,15.308,4.415,15.35,0.2814,0.8202,False,,,unavailable,0.7961,high,0.8164,0.9455,0.6224,0.0,
26,-5.9482635,39.9315264,5.452,2.635,8.007,0.8342,0.9286,False,,,unavailable,0.5249,medium,1.0,0.132,0.3476,0.0,
27,-5.950968,39.9315247,8.807,3.349,10.944,0.8065,0.913,False,,,unavailable,0.6691,medium,0.924,0.6454,0.3868,0.0,
28,-5.9495156,39.9315208,3.145,2.001,5.717,0.8215,0.9375,False,,,unavailable,0.7445,high,1.0,0.7248,0.4576,0.0,
29,-5.9495759,39.9315142,2.516,1.79,4.69,0.795,1.0,False,,,unavailable,0.7404,high,1.0,0.6576,0.5117,0.0,
30,-5.9483507,39.9315181,13.001,4.069,13.613,0.7208,0.8857,False,,,unavailable,0.7721,high,0.8816,0.7763,0.6367,0.0,
31,-5.9517429,39.9315071,3.145,2.001,5.449,0.5585,1.0,False,,,unavailable,0.7292,high,1.0,0.4861,0.6472,0.0,
32,-5.9517028,39.9315073,10.904,3.726,11.592,0.6423,0.9811,False,,,unavailable,0.7829,high,1.0,0.8136,0.4916,0.0,
33,-5.9509227,39.9314933,14.259,4.261,14.83,0.7977,0.9067,False,,,unavailable,0.7312,high,0.8148,0.7542,0.6079,0.0,
34,-5.9496096,39.9314914,26.631,5.823,24.937,0.7425,0.784,False,,,unavailable,0.3644,low,0.5382,0.0484,0.4718,0.0,
35,-5.9509436,39.9314697,9.227,3.427,10.297,0.6304,0.9565,False,,,unavailable,0.7994,high,1.0,0.7607,0.5975,0.0,
36,-5.9513975,39.9315179,126.445,12.688,54.393,0.5164,0.859,False,,,unavailable,0.2518,low,0.5371,0.0,0.1614,0.0,
37,-5.9508752,39.931463,19.082,4.929,18.303,0.7312,0.8505,False,,,unavailable,0.4326,low,0.7158,0.0,0.5255,0.0,
38,-5.951217,39.9314681,10.485,3.654,11.323,0.4406,0.9434,False,,,unavailable,0.8389,high,1.0,0.9831,0.5013,0.0,
39,-5.9501976,39.9314625,23.066,5.419,20.011,0.5977,0.8527,False,,,unavailable,0.6188,medium,0.7239,0.6334,0.478,0.0,
40,-5.9495654,39.9314648,20.55,5.115,16.092,0.5561,0.9515,False,,,unavailable,0.6938,medium,0.9972,0.2852,0.7382,0.0,
41,-5.9485444,39.9314561,6.92,2.968,9.112,0.7481,0.9706,False,,,unavailable,0.6812,medium,1.0,0.5435,0.4363,0.0,
42,-5.9517938,39.931458,2.307,1.714,4.69,0.803,1.0,True,,,unavailable,0.6739,medium,1.0,0.422,0.5344,0.0,
43,-5.9485942,39.9314526,9.856,3.542,10.866,0.4891,0.94,False,,,unavailable,0.88,high,1.0,0.8849,0.7313,0.0,
44,-5.9496209,39.9314557,7.759,3.143,11.055,0.8093,0.8605,False,,,unavailable,0.709,high,0.7977,0.8996,0.4121,0.0,
45,-5.9509239,39.93145,8.388,3.268,10.676,0.695,0.9302,False,,,unavailable,0.7348,high,0.9248,0.9615,0.2802,0.0,
46,-5.9494414,39.9314437,21.598,5.244,15.903,0.4275,0.981,False,,,unavailable,0.6065,medium,1.0,0.0,0.741,0.0,
47,-5.9486798,39.9314337,31.244,6.307,23.563,0.687,0.8663,False,,,unavailable,0.4467,low,0.7072,0.0,0.5808,0.0,
48,-5.9495164,39.9314386,6.5,2.877,8.465,0.7796,0.9688,False,,,unavailable,0.8142,high,1.0,0.7689,0.6367,0.0,
49,-5.9494902,39.9314392,7.339,3.057,9.727,0.629,0.8974,False,,,unavailable,0.7671,high,0.9747,0.8613,0.4237,0.0,
50,-5.9510724,39.9314318,17.614,4.736,15.098,0.5868,0.9438,False,,,unavailable,0.5553,medium,0.971,0.0,0.6116,0.0,
51,-5.9483868,39.9314333,16.775,4.622,13.803,0.4637,0.9877,False,,,unavailable,0.8581,high,1.0,0.7532,0.7927,0.0,
52,-5.9517317,39.931429,11.533,3.832,12.239,0.5567,0.9322,False,,,unavailable,0.8234,high,0.9675,0.7569,0.717,0.0,
53,-5.9508787,39.9314305,6.081,2.783,9.381,0.8975,0.9355,False,,,unavailable,0.6805,medium,0.8684,0.8062,0.3291,0.0,
54,-5.9505099,39.9314258,15.937,4.505,17.577,0.6234,0.8444,False,,,unavailable,0.4863,medium,0.6482,0.4909,0.2875,0.0,
55,-5.9504092,39.9314296,124.139,12.572,46.922,0.5538,0.9178,False,,,unavailable,0.5202,medium,0.7085,0.0,0.8145,0.0,
56,-5.9497639,39.9314182,6.5,2.877,8.465,0.8782,0.9118,False,,,unavailable,0.8071,high,1.0,0.9325,0.4502,0.0,
57,-5.9495453,39.9314234,15.727,4.475,15.477,0.6599,0.8824,False,,,unavailable,0.6164,medium,0.825,0.3353,0.6472,0.0,
58,-5.9485418,39.9314254,15.517,4.445,13.803,0.4745,0.9737,False,,,unavailable,0.8778,high,1.0,0.7848,0.8242,0.0,
59,-5.9508017,39.931418,3.145,2.001,4.801,0.7217,0.9375,False,,,unavailable,0.7314,high,1.0,0.6829,0.4576,0.0,
60,-5.9505596,39.9314146,15.517,4.445,17.182,0.5845,0.7872,False,,,unavailable,0.5827,medium,0.6605,0.4891,0.5828,0.0,
61,-5.948648,39.9314099,2.936,1.933,5.606,0.7879,1.0,False,,,unavailable,0.6933,medium,1.0,0.5448,0.4737,0.0,
62,-5.9494964,39.9314116,11.323,3.797,12.508,0.4232,0.9153,False,,,unavailable,0.852,high,0.9096,0.9527,0.6822,0.0,
63,-5.951682,39.9314083,11.743,3.867,11.592,0.4285,0.9655,False,,,unavailable,0.8171,high,1.0,0.7448,0.6699,0.0,
64,-5.9510292,39.9314031,13.42,4.134,12.887,0.5205,0.9552,False,,,unavailable,0.7483,high,1.0,0.5299,0.6647,0.0,
65,-5.9504814,39.9313979,7.968,3.185,9.492,0.4074,0.95,False,,,unavailable,0.7512,high,1.0,0.561,0.6429,0.0,
66,-5.9485883,39.9314062,11.743,3.867,12.619,0.5596,0.918,False,,,unavailable,0.7909,high,0.9267,0.9452,0.4737,0.0,
67,-5.9517342,39.9314011,8.807,3.349,10.676,0.4955,0.9333,False,,,unavailable,0.8597,high,0.971,0.9743,0.6116,0.0,
68,-5.9498215,39.9313933,7.13,3.013,10.424,0.7809,0.8718,False,,,unavailable,0.6837,medium,0.8245,0.8945,0.304,0.0,
69,-5.9497541,39.9313881,3.774,2.192,6.365,0.8257,0.9474,False,,,unavailable,0.7192,high,1.0,0.6835,0.4178,0.0,
70,-5.9495375,39.9313891,5.871,2.734,8.576,0.8133,0.9032,False,,,unavailable,0.7208,high,1.0,0.6328,0.4737,0.0,
71,-5.9490573,39.9313908,5.033,2.531,8.039,0.8743,0.96,False,,,unavailable,0.734,high,0.9785,0.6628,0.5117,0.0,
72,-5.9515387,39.9313868,99.814,11.273,40.446,0.679,0.9261,False,,,unavailable,0.5216,medium,0.7667,0.0,0.749,0.0,
73,-5.9510939,39.9313844,9.646,3.505,11.592,0.626,0.8846,False,,,unavailable,0.8001,high,0.9021,0.955,0.5227,0.0,
74,-5.9510608,39.9313849,8.597,3.309,11.402,0.5602,0.82,False,,,unavailable,0.7061,high,0.831,0.8707,0.3915,0.0,
75,-5.9505435,39.9313818,9.227,3.427,11.055,0.8048,0.9167,False,,,unavailable,0.7964,high,0.9487,0.8127,0.5975,0.0,
76,-5.9496528,39.9313803,12.162,3.935,12.887,0.591,0.9206,False,,,unavailable,0.7149,high,0.9203,0.6629,0.5204,0.0,
77,-5.9504756,39.9313707,10.904,3.726,13.44,0.7859,0.8254,False,,,unavailable,0.7609,high,0.7586,0.975,0.5496,0.0,
78,-5.9504348,39.931367,11.323,3.797,12.887,0.7718,0.871,False,,,unavailable,0.7816,high,0.8568,0.9907,0.4824,0.0,
79,-5.9509455,39.9313666,8.597,3.309,11.513,0.837,0.8367,False,,,unavailable,0.789,high,0.8151,0.9932,0.5536,0.0,
80,-5.9505886,39.9313697,11.743,3.867,12.887,0.5837,0.875,False,,,unavailable,0.8316,high,0.8886,0.925,0.6699,0.0,
81,-5.950172,39.9313641,11.323,3.797,13.535,0.6469,0.871,False,,,unavailable,0.8038,high,0.7768,0.9577,0.6822,0.0,
82,-5.9498478,39.9313663,12.791,4.036,12.508,0.5341,0.9531,False,,,unavailable,0.6273,medium,1.0,0.3535,0.4539,0.0,
83,-5.9496241,39.9313655,7.759,3.143,10.597,0.8484,0.8605,False,,,unavailable,0.6137,medium,0.8682,0.51,0.4121,0.0,
84,-5.9495061,39.9313633,9.436,3.466,12.239,0.5518,0.8491,False,,,unavailable,0.7236,high,0.7916,0.8372,0.5284,0.0,
85,-5.9505152,39.9313669,13.001,4.069,14.83,0.6586,0.7561,False,,,unavailable,0.7099,high,0.7429,0.7436,0.6367,0.0,
86,-5.9501404,39.9313583,7.339,3.057,9.459,0.7926,0.9211,False,,,unavailable,0.8341,high,1.0,0.8698,0.5992,0.0,
87,-5.9493947,39.9313638,10.694,3.69,11.055,0.6316,0.9808,False,,,unavailable,0.8928,high,1.0,0.955,0.702,0.0,
88,-5.9495784,39.9313566,13.63,4.166,12.887,0.614,0.9286,False,,,unavailable,0.7817,high,1.0,0.8098,0.4916,0.0,
89,-5.9511262,39.9313582,5.033,2.531,8.576,0.9333,0.8889,False,,,unavailable,0.5617,medium,0.8599,0.4037,0.3618,0.0,
90,-5.9501157,39.9313582,2.726,1.863,5.338,0.7526,1.0,False,,,unavailable,0.7327,high,1.0,0.6529,0.4916,0.0,
91,-5.9505407,39.9313443,10.904,3.726,11.814,0.5281,0.963,False,,,unavailable,0.8862,high,0.9818,0.9626,0.6952,0.0,
92,-5.9509691,39.9313451,2.307,1.714,4.422,0.7475,1.0,False,,,unavailable,0.7103,high,1.0,0.5385,0.5344,0.0,
93,-5.9484282,39.931342,27.68,5.937,19.899,0.601,0.9231,False,,,unavailable,0.5282,medium,0.8784,0.0,0.6361,0.0,
94,-5.9504801,39.9313395,11.533,3.832,12.714,0.6993,0.8333,False,,,unavailable,0.7917,high,0.8967,0.9231,0.5344,0.0,
95,-5.9495381,39.9313378,10.694,3.69,11.765,0.545,0.9107,False,,,unavailable,0.8643,high,0.9709,0.8988,0.702,0.0,
96,-5.949494,39.931333,18.453,4.847,15.634,0.3004,0.9462,False,,,unavailable,0.6227,medium,0.9487,0.0983,0.7558,0.0,
97,-5.950195,39.9313339,12.582,4.002,12.887,0.6837,0.9091,False,,,unavailable,0.8413,high,0.952,0.8633,0.6865,0.0,
98,-5.9497153,39.9313244,14.679,4.323,16.236,0.3304,0.8333,False,,,unavailable,0.5666,medium,0.6997,0.4997,0.4737,0.0,
99,-5.9505092,39.9313259,5.662,2.685,8.197,0.8025,0.931,False,,,unavailable,0.6339,medium,1.0,0.346,0.4824,0.0,
100,-5.9501225,39.9313273,17.195,4.679,15.366,0.7488,0.9318,False,,,unavailable,0.7729,high,0.9151,0.6693,0.7057,0.0,
101,-5.9482112,39.9313223,7.13,3.013,10.833,0.901,0.8718,True,,,unavailable,0.5581,medium,0.7634,0.5659,0.304,0.0,
102,-5.9510055,39.9313153,12.372,3.969,13.724,0.6919,0.8551,False,,,unavailable,0.7244,high,0.8254,0.8117,0.516,0.0,
103,-5.9483762,39.9313128,13.001,4.069,12.239,0.5166,0.9688,False,,,unavailable,0.8682,high,1.0,0.9029,0.6753,0.0,
104,-5.9495679,39.9313084,11.953,3.901,11.592,0.5347,0.9661,False,,,unavailable,0.8759,high,1.0,0.8987,0.7043,0.0,
105,-5.951663,39.9313018,4.404,2.368,6.633,0.6875,1.0,False,,,unavailable,0.8192,high,1.0,0.8745,0.547,0.0,
106,-5.9498574,39.9312994,2.097,1.634,4.154,0.6164,1.0,False,,,unavailable,0.7305,high,1.0,0.577,0.5605,0.0,
107,-5.9514061,39.9312903,2.516,1.79,4.801,0.7676,1.0,False,,,unavailable,0.7529,high,1.0,0.6977,0.5117,0.0,
108,-5.9509741,39.9312861,17.824,4.764,17.577,0.8391,0.85,False,,,unavailable,0.5418,medium,0.725,0.4793,0.3845,0.0,
109,-5.9502795,39.9312924,2.307,1.714,4.422,0.7559,1.0,False,,,unavailable,0.6157,medium,1.0,0.2357,0.5344,0.0,
110,-5.9487182,39.9312836,26.421,5.8,24.21,0.8345,0.7975,False,,,unavailable,0.3228,low,0.5664,0.0,0.3531,0.0,
111,-5.9485229,39.9312882,9.017,3.388,10.944,0.3837,0.9149,False,,,unavailable,0.8073,high,0.946,0.8439,0.6044,0.0,
112,-5.9495908,39.931282,12.372,3.969,13.44,0.7288,0.831,False,,,unavailable,0.7639,high,0.8607,0.8956,0.516,0.0,
113,-5.9483295,39.9312811,11.114,3.762,11.323,0.6059,0.9636,False,,,unavailable,0.8905,high,1.0,0.9609,0.6886,0.0,
114,-5.9510244,39.9312802,17.405,4.707,14.719,0.5439,0.954,False,,,unavailable,0.6182,medium,1.0,0.0,0.7782,0.0,
115,-5.9509414,39.9312789,5.452,2.635,8.37,0.8648,0.8966,False,,,unavailable,0.7343,high,0.978,0.8287,0.3476,0.0,
116,-5.9507131,39.9312741,12.791,4.036,12.429,0.5265,0.9385,False,,,unavailable,0.8589,high,1.0,0.9065,0.6419,0.0,
117,-5.9509672,39.931265,4.404,2.368,7.438,0.6228,0.913,False,,,unavailable,0.7437,high,1.0,0.793,0.3868,0.0,
118,-5.9502441,39.9312745,5.242,2.584,7.928,0.837,0.9615,False,,,unavailable,0.7062,high,1.0,0.7054,0.3545,0.0,
119,-5.9486744,39.9312634,3.984,2.252,6.238,0.8215,0.95,False,,,unavailable,0.7419,high,1.0,0.7674,0.4066,0.0,
120,-5.9485861,39.9312738,11.533,3.832,11.323,0.6372,1.0,False,,,unavailable,0.8844,high,1.0,0.9542,0.676,0.0,
121,-5.9506026,39.931266,12.582,4.002,12.239,0.3886,0.9524,False,,,unavailable,0.8682,high,1.0,0.8918,0.6865,0.0,
122,-5.9496592,39.9312564,17.614,4.736,18.035,0.8353,0.875,False,,,unavailable,0.4424,low,0.6805,0.3255,0.2735,0.0,
123,-5.9506494,39.9312549,27.26,5.891,23.072,0.7734,0.8497,False,,,unavailable,0.4356,low,0.6435,0.0,0.6218,0.0,
124,-5.9495707,39.9312574,7.549,3.1,10.139,0.7779,0.9,False,,,unavailable,0.706,high,0.9227,0.7343,0.4178,0.0,
125,-5.9487024,39.9312523,7.339,3.057,9.839,0.7323,0.875,False,,,unavailable,0.8074,high,0.9528,0.8413,0.5992,0.0,
126,-5.9498904,39.9312572,2.307,1.714,4.138,0.826,0.8462,False,,,unavailable,0.6051,medium,1.0,0.7364,0.0,0.0,
127,-5.9497711,39.9312585,4.613,2.424,6.79,0.6107,1.0,False,,,unavailable,0.7184,high,1.0,0.5644,0.5344,0.0,
128,-5.950816,39.9312992,153.915,13.999,59.698,0.7146,0.8865,False,,,unavailable,0.2492,low,0.5427,0.0,0.1463,0.0,
129,-5.9485479,39.9312431,25.163,5.66,23.468,0.8549,0.8571,False,,,unavailable,0.3413,low,0.5741,0.0412,0.3618,0.0,
130,-5.9507002,39.931244,11.533,3.832,11.971,0.5743,0.9322,False,,,unavailable,0.87,high,1.0,0.908,0.676,0.0,
131,-5.950454,39.9312433,6.92,2.968,9.587,0.8937,0.825,False,,,unavailable,0.6847,medium,0.9462,0.7471,0.3085,0.0,
132,-5.9513884,39.9312314,53.472,8.251,31.334,0.5407,0.8673,False,,,unavailable,0.3997,low,0.6844,0.0,0.4576,0.0,
133,-5.9496188,39.9312413,11.323,3.797,12.082,0.5638,0.9474,False,,,unavailable,0.7699,high,0.9748,0.8115,0.4824,0.0,
134,-5.9487777,39.9312315,119.316,12.325,46.543,0.6319,0.8989,False,,,unavailable,0.451,medium,0.6921,0.0,0.6127,0.0,
135,-5.9499536,39.9312246,18.663,4.875,14.987,0.5562,0.9674,False,,,unavailable,0.8119,high,1.0,0.6467,0.7515,0.0,
136,-5.9498777,39.9312241,37.955,6.952,26.405,0.6435,0.8303,False,,,unavailable,0.4624,medium,0.6841,0.0,0.6587,0.0,
137,-5.9507825,39.9312178,8.807,3.349,11.608,0.8416,0.84,False,,,unavailable,0.6911,medium,0.8214,0.6788,0.547,0.0,
138,-5.9497828,39.9312275,19.501,4.983,20.057,0.8444,0.7881,False,,,unavailable,0.5663,medium,0.6092,0.67,0.411,0.0,
139,-5.9485408,39.9312177,5.452,2.635,8.308,0.3042,0.9286,False,,,unavailable,0.7468,high,0.9927,0.707,0.4916,0.0,
140,-5.9507627,39.9312011,11.533,3.832,11.971,0.6853,0.9322,False,,,unavailable,0.89,high,1.0,0.9719,0.676,0.0,
141,-5.9495601,39.9312014,3.774,2.192,5.986,0.7717,1.0,False,,,unavailable,0.7567,high,1.0,0.6306,0.5908,0.0,
142,-5.9489738,39.9312017,8.597,3.309,10.028,0.734,0.9535,False,,,unavailable,0.7216,high,1.0,0.5555,0.5536,0.0,
143,-5.9508203,39.931197,4.194,2.311,6.823,0.6652,0.9091,False,,,unavailable,0.6719,medium,1.0,0.3897,0.5605,0.0,
144,-5.9499523,39.9311927,9.017,3.388,11.118,0.716,0.8958,False,,,unavailable,0.7977,high,0.9167,0.912,0.5406,0.0,
145,-5.951793,39.9311901,3.355,2.067,6.254,0.8938,1.0,True,,,unavailable,0.7454,high,1.0,0.7421,0.4431,0.0,
146,-5.9499136,39.9311899,9.646,3.505,11.876,0.5436,0.902,False,,,unavailable,0.8276,high,0.8594,0.8778,0.7392,0.0,
147,-5.9504597,39.9311796,5.452,2.635,8.197,0.731,0.8667,False,,,unavailable,0.6524,medium,1.0,0.5401,0.3476,0.0,
148,-5.9496942,39.9311849,9.436,3.466,11.592,0.6716,0.8654,False,,,unavailable,0.7778,high,0.8825,0.9016,0.5284,0.0,
149,-5.9493681,39.931185,4.404,2.368,6.633,0.5458,0.9545,False,,,unavailable,0.7774,high,1.0,0.7406,0.547,0.0,
150,-5.9495605,39.9311783,5.452,2.635,7.817,0.6587,0.8966,False,,,unavailable,0.7635,high,1.0,0.7515,0.4916,0.0,
151,-5.9498922,39.9311732,9.227,3.427,11.435,0.8209,0.9167,False,,,unavailable,0.7678,high,0.8868,0.8583,0.5344,0.0,
152,-5.9506294,39.93117,12.372,3.969,13.646,0.4848,0.9077,False,,,unavailable,0.8261,high,0.8349,0.9888,0.6527,0.0,
153,-5.9496159,39.9311638,7.759,3.143,9.381,0.573,0.9487,False,,,unavailable,0.845,high,1.0,0.9214,0.5828,0.0,
154,-5.9484405,39.9311698,10.904,3.726,11.703,0.6542,0.9455,False,,,unavailable,0.8126,high,1.0,0.8508,0.5496,0.0,
155,-5.9498148,39.9311644,14.049,4.229,13.708,0.467,0.9178,False,,,unavailable,0.682,medium,0.9396,0.37,0.6848,0.0,
156,-5.9494706,39.931156,4.194,2.311,7.281,0.8255,0.7692,False,,,unavailable,0.6988,medium,0.9942,0.6467,0.3963,0.0,
157,-5.950329,39.9311577,11.114,3.762,12.239,0.6956,0.9138,False,,,unavailable,0.7277,high,0.9323,0.5213,0.6886,0.0,
158,-5.9497731,39.9311573,10.485,3.654,12.239,0.7459,0.8475,False,,,unavailable,0.7792,high,0.8795,0.9367,0.5013,0.0,
159,-5.9489079,39.9311525,10.065,3.58,11.055,0.7271,0.9796,False,,,unavailable,0.8434,high,1.0,0.7752,0.7236,0.0,
160,-5.9483992,39.9311573,5.662,2.685,8.576,0.8122,0.9,False,,,unavailable,0.6714,medium,0.9674,0.6464,0.3411,0.0,
161,-5.9504518,39.9311511,8.597,3.309,10.944,0.6519,0.7736,False,,,unavailable,0.8065,high,0.902,0.8795,0.619,0.0,
162,-5.948955,39.9311504,6.5,2.877,8.955,0.7799,0.9394,False,,,unavailable,0.6215,medium,1.0,0.3387,0.4502,0.0,
163,-5.9515589,39.9311422,5.033,2.531,7.012,0.0,1.0,False,,,unavailable,0.8415,high,1.0,0.9813,0.5117,0.0,
164,-5.9504924,39.9311562,15.098,4.384,18.257,0.8273,0.766,False,,,unavailable,0.4879,medium,0.5692,0.4604,0.4178,0.0,
165,-5.9504326,39.931135,7.549,3.1,9.76,0.7613,0.9231,False,,,unavailable,0.8003,high,0.9959,0.7751,0.5908,0.0,
166,-5.9502032,39.9311316,6.5,2.877,8.733,0.7529,0.9394,False,,,unavailable,0.7579,high,1.0,0.7752,0.4502,0.0,
167,-5.9489795,39.9311326,13.63,4.166,13.077,0.2071,0.942,False,,,unavailable,0.8345,high,1.0,0.7752,0.6952,0.0,
168,-5.9507932,39.931125,8.388,3.268,11.166,0.5292,0.8,False,,,unavailable,0.7412,high,0.8453,0.9613,0.3963,0.0,
169,-5.9503876,39.9311272,14.049,4.229,13.266,0.4186,0.9437,False,,,unavailable,0.7608,high,1.0,0.6219,0.6125,0.0,
170,-5.9489425,39.9311189,12.162,3.935,11.703,0.6453,0.9831,False,,,unavailable,0.8628,high,1.0,0.9026,0.6583,0.0,
171,-5.9485221,39.9310959,46.762,7.716,27.985,0.4574,0.878,False,,,unavailable,0.4811,medium,0.7503,0.0,0.6392,0.0,
172,-5.9502429,39.9311134,23.486,5.468,19.978,0.7088,0.8485,False,,,unavailable,0.5018,medium,0.7395,0.0484,0.6699,0.0,
173,-5.9494728,39.9311137,7.549,3.1,10.028,0.7342,0.878,False,,,unavailable,0.6883,medium,0.9433,0.7752,0.2954,0.0,
174,-5.950652,39.9311,12.372,3.969,11.86,0.5772,0.9672,False,,,unavailable,0.7421,high,1.0,0.4823,0.6923,0.0,
175,-5.9486961,39.9311005,15.727,4.475,15.746,0.7871,0.8929,False,,,unavailable,0.6918,medium,0.7971,0.8479,0.4093,0.0,
176,-5.9483346,39.9310934,32.922,6.474,22.11,0.668,0.9023,False,,,unavailable,0.6413,medium,0.8462,0.4364,0.6002,0.0,
177,-5.9496914,39.9310898,7.339,3.057,9.492,0.7286,0.8974,False,,,unavailable,0.8153,high,1.0,0.8097,0.5992,0.0,
178,-5.9495968,39.9310878,9.856,3.542,11.055,0.5884,0.94,False,,,unavailable,0.7481,high,1.0,0.6767,0.5171,0.0,
179,-5.950189,39.9310884,32.712,6.454,21.999,0.3807,0.9176,False,,,unavailable,0.5402,medium,0.8494,0.0,0.7095,0.0,
180,-5.9503789,39.9310836,9.227,3.427,10.408,0.7562,0.9778,False,,,unavailable,0.8055,high,1.0,0.8433,0.5344,0.0,
181,-5.9495093,39.9310804,30.406,6.222,21.541,0.6861,0.8631,False,,,unavailable,0.5145,medium,0.8234,0.0,0.6583,0.0,
182,-5.9489777,39.9310807,11.533,3.832,11.323,0.6372,1.0,False,,,unavailable,0.8553,high,1.0,0.8611,0.676,0.0,
183,-5.950244,39.9310763,7.759,3.143,10.486,0.5627,0.8409,False,,,unavailable,0.7555,high,0.8867,0.7709,0.5828,0.0,
184,-5.9494054,39.9310698,9.646,3.505,10.787,0.6138,0.9583,False,,,unavailable,0.6883,medium,1.0,0.48,0.5227,0.0,
185,-5.9507471,39.9310666,8.807,3.349,10.519,0.6527,0.913,False,,,unavailable,0.8722,high,1.0,0.9796,0.6116,0.0,
186,-5.9508603,39.9310545,9.017,3.388,10.676,0.2648,0.8958,False,,,unavailable,0.8437,high,0.9942,0.9026,0.6044,0.0,
187,-5.9504657,39.9310561,12.162,3.935,11.971,0.6211,0.9508,False,,,unavailable,0.7531,high,1.0,0.6896,0.5204,0.0,
188,-5.9505259,39.9310469,9.017,3.388,11.955,0.6645,0.7963,False,,,unavailable,0.6692,medium,0.7928,0.9197,0.2703,0.0,
189,-5.9498887,39.9310528,7.759,3.143,9.492,0.6542,0.925,False,,,unavailable,0.7811,high,1.0,0.648,0.6516,0.0,
190,-5.9495589,39.9310561,6.081,2.783,8.655,0.7969,0.8788,False,,,unavailable,0.7074,high,1.0,0.5984,0.4655,0.0,
191,-5.9488127,39.9310458,14.259,4.261,16.109,0.5687,0.8,False,,,unavailable,0.7023,high,0.6905,0.9888,0.4299,0.0,
192,-5.9487386,39.9310516,16.356,4.563,13.692,0.5562,1.0,False,,,unavailable,0.8205,high,1.0,0.7021,0.7236,0.0,
193,-5.9482973,39.9310662,24.744,5.613,23.2,0.8649,0.8613,False,,,unavailable,0.5547,medium,0.5777,0.717,0.3649,0.0,
194,-5.9501247,39.9310484,28.728,6.048,20.547,0.6485,0.9133,False,,,unavailable,0.667,medium,0.8551,0.351,0.7572,0.0,
195,-5.9486214,39.9310377,4.404,2.368,6.712,0.6916,0.9545,False,,,unavailable,0.6413,medium,1.0,0.3051,0.547,0.0,
196,-5.9509537,39.9310355,11.953,3.901,11.971,0.5209,0.9661,False,,,unavailable,0.8947,high,1.0,0.9587,0.7043,0.0,
197,-5.9508947,39.9310415,3.774,2.192,5.874,0.6124,1.0,False,,,unavailable,0.6194,medium,1.0,0.3642,0.4178,0.0,
198,-5.9487809,39.9310336,7.339,3.057,9.76,0.7484,0.9211,False,,,unavailable,0.6576,medium,0.9682,0.3434,0.5992,0.0,
199,-5.950686,39.9310246,8.807,3.349,10.787,0.6744,0.913,False,,,unavailable,0.8361,high,0.9511,0.9225,0.6116,0.0,
200,-5.9505813,39.9310226,22.228,5.32,20.168,0.7095,0.8618,False,,,unavailable,0.4189,low,0.6867,0.0,0.5165,0.0,
201,-5.9486993,39.9310292,12.372,3.969,11.86,0.5263,0.9672,False,,,unavailable,0.8752,high,1.0,0.9084,0.6923,0.0,
202,-5.9485951,39.931074,108.202,11.737,55.181,0.6667,0.7599,False,,,unavailable,0.2364,low,0.4465,0.0,0.2207,0.0,
203,-5.9483681,39.9310133,35.648,6.737,31.112,0.8874,0.7727,False,,,unavailable,0.2685,low,0.4628,0.0,0.304,0.0,
204,-5.9505373,39.9310232,9.017,3.388,10.944,0.7439,0.9149,False,,,unavailable,0.831,high,0.946,0.9197,0.6044,0.0,
205,-5.9504343,39.9310242,32.502,6.433,21.352,0.3427,0.9012,False,,,unavailable,0.5584,medium,0.8959,0.0,0.7118,0.0,
206,-5.9497088,39.9310287,50.746,8.038,28.966,0.4306,0.903,False,,,unavailable,0.513,medium,0.76,0.0,0.7296,0.0,
207,-5.94888,39.9310195,17.614,4.736,18.13,0.76,0.8155,False,,,unavailable,0.6327,medium,0.6734,0.6363,0.5802,0.0,
208,-5.950079,39.9310202,12.791,4.036,12.998,0.474,0.9385,False,,,unavailable,0.8409,high,0.9514,0.9072,0.6419,0.0,
209,-5.9482598,39.9310168,31.873,6.37,26.199,0.8084,0.8128,True,,,unavailable,0.4082,low,0.5835,0.2846,0.3215,0.0,
210,-5.9487331,39.9310167,9.227,3.427,11.481,0.7099,0.88,False,,,unavailable,0.7718,high,0.8797,0.8798,0.5344,0.0,
211,-5.9485829,39.9310165,14.469,4.292,13.803,0.517,0.92,False,,,unavailable,0.8587,high,0.9544,0.9625,0.6401,0.0,
212,-5.9507965,39.931005,15.098,4.384,13.914,0.5979,0.96,False,,,unavailable,0.7164,high,0.98,0.4899,0.6267,0.0,
213,-5.950658,39.9310086,6.081,2.783,8.844,0.6786,0.8529,False,,,unavailable,0.7189,high,0.977,0.6627,0.4655,0.0,
214,-5.9484163,39.9310061,11.953,3.901,11.971,0.4635,0.9344,False,,,unavailable,0.8466,high,1.0,0.845,0.664,0.0,
215,-5.9505186,39.9310081,6.291,2.83,8.37,0.6281,0.9091,False,,,unavailable,0.7261,high,1.0,0.6659,0.4576,0.0,
216,-5.9482164,39.9309989,3.565,2.13,6.522,0.78,0.9444,True,,,unavailable,0.6473,medium,1.0,0.4415,0.4299,0.0,
217,-5.9509041,39.9310127,21.389,5.219,21.352,0.8893,0.8361,False,,,unavailable,0.4479,low,0.5896,0.3332,0.3924,0.0,
218,-5.9488682,39.9309952,2.516,1.79,4.864,0.7297,0.9231,False,,,unavailable,0.6331,medium,1.0,0.3142,0.5117,0.0,
219,-5.9516449,39.9309917,6.081,2.783,7.928,0.3371,0.9667,False,,,unavailable,0.8757,high,1.0,0.9438,0.6583,0.0,
220,-5.9506036,39.9309879,7.13,3.013,9.76,0.7906,0.8718,False,,,unavailable,0.697,medium,0.9405,0.7976,0.304,0.0,
221,-5.9500621,39.9309917,10.065,3.58,12.73,0.5249,0.8421,False,,,unavailable,0.6763,medium,0.7805,0.6556,0.5721,0.0,
222,-5.9490676,39.9309865,2.936,1.933,5.891,0.7206,0.9333,False,,,unavailable,0.6397,medium,1.0,0.3732,0.4737,0.0,
223,-5.9487265,39.9309801,21.808,5.269,18.65,0.701,0.8525,False,,,unavailable,0.5653,medium,0.7879,0.237,0.6267,0.0,
224,-5.950766,39.9309864,6.5,2.877,8.576,0.7086,0.8857,False,,,unavailable,0.6834,medium,1.0,0.5368,0.4502,0.0,
225,-5.948462,39.9309825,9.856,3.542,11.229,0.4669,0.9038,False,,,unavailable,0.7485,high,0.9823,0.6383,0.5781,0.0,
226,-5.9504725,39.930971,22.228,5.32,16.55,0.2091,0.9725,False,,,unavailable,0.6324,medium,1.0,0.135,0.6886,0.0,
227,-5.9500168,39.930966,12.582,4.002,12.619,0.272,0.9231,False,,,unavailable,0.8359,high,0.9929,0.8361,0.6472,0.0,
228,-5.9484163,39.9309672,13.42,4.134,12.965,0.5603,0.8649,False,,,unavailable,0.8391,high,1.0,0.9896,0.4954,0.0,
229,-5.9509383,39.9309615,12.791,4.036,12.239,0.5417,0.9683,False,,,unavailable,0.8417,high,1.0,0.986,0.5075,0.0,
230,-5.9490961,39.9309707,14.469,4.292,14.987,0.691,0.8846,False,,,unavailable,0.6851,medium,0.8095,0.7437,0.4771,0.0,
231,-5.9490501,39.9309621,5.871,2.734,7.928,0.3458,0.9655,False,,,unavailable,0.8157,high,1.0,0.7402,0.6699,0.0,
232,-5.9485042,39.9309646,28.728,6.048,21.715,0.6231,0.8562,False,,,unavailable,0.4822,medium,0.7656,0.0,0.6244,0.0,
233,-5.9487083,39.9309494,4.404,2.368,7.17,0.7758,0.9545,False,,,unavailable,0.6721,medium,1.0,0.5641,0.3868,0.0,
234,-5.9486749,39.930952,10.904,3.726,11.592,0.6766,0.9455,False,,,unavailable,0.9033,high,1.0,0.9953,0.6952,0.0,
235,-5.9484506,39.9309508,12.791,4.036,12.586,0.6008,0.9242,False,,,unavailable,0.8807,high,1.0,0.9375,0.6808,0.0,
236,-5.9483427,39.930952,13.63,4.166,13.06,0.4575,0.9286,False,,,unavailable,0.8753,high,1.0,0.9791,0.6218,0.0,
237,-5.950825,39.9309388,13.001,4.069,12.239,0.3353,0.9688,False,,,unavailable,0.8951,high,1.0,0.989,0.6753,0.0,
238,-5.9506721,39.9309355,10.904,3.726,11.323,0.449,0.9455,False,,,unavailable,0.8843,high,1.0,0.8925,0.7374,0.0,
239,-5.9502749,39.9309329,20.969,5.167,16.661,0.3906,0.9434,False,,,unavailable,0.6116,medium,0.9492,0.2863,0.5317,0.0,
240,-5.9509859,39.9309315,19.711,5.01,15.903,0.4118,0.9307,False,,,unavailable,0.6881,medium,0.9794,0.2954,0.7313,0.0,
241,-5.9485897,39.9309295,19.501,4.983,16.678,0.6242,0.9029,False,,,unavailable,0.7585,high,0.8811,0.7072,0.6627,0.0,
242,-5.9483649,39.9309251,13.42,4.134,12.508,0.4476,0.9552,False,,,unavailable,0.8888,high,1.0,0.9795,0.6647,0.0,
243,-5.9499608,39.9309253,18.453,4.847,20.04,0.708,0.8224,False,,,unavailable,0.5246,medium,0.5774,0.5632,0.4225,0.0,
244,-5.9498644,39.9309221,7.968,3.185,11.435,0.9331,0.9048,False,,,unavailable,0.6365,medium,0.7658,0.8302,0.2875,0.0,
245,-5.9489749,39.9309187,13.63,4.166,12.239,0.4169,0.9848,False,,,unavailable,0.8422,high,1.0,0.7997,0.6952,0.0,
246,-5.9504336,39.9309149,13.211,4.101,12.239,0.5008,0.9692,False,,,unavailable,0.8172,high,1.0,0.7833,0.6316,0.0,
247,-5.9507614,39.9309092,11.953,3.901,11.703,0.6669,0.9661,False,,,unavailable,0.8545,high,1.0,0.8703,0.664,0.0,
248,-5.9485669,39.9309068,9.227,3.427,10.676,0.7589,0.9565,False,,,unavailable,0.7337,high,1.0,0.5504,0.5975,0.0,
249,-5.9484603,39.9309107,13.63,4.166,12.508,0.4229,0.9559,False,,,unavailable,0.8753,high,1.0,0.9791,0.6218,0.0,
250,-5.9483142,39.9309109,12.162,3.935,12.697,0.6822,0.9062,False,,,unavailable,0.8023,high,0.948,0.7714,0.6583,0.0,
251,-5.9517352,39.9309084,2.936,1.933,5.433,0.5504,0.8235,False,,,unavailable,0.7396,high,1.0,0.693,0.4737,0.0,
252,-5.9505379,39.9309063,11.323,3.797,11.323,0.5852,0.9643,False,,,unavailable,0.904,high,1.0,0.9691,0.7236,0.0,
253,-5.9499092,39.9309239,34.39,6.617,25.885,0.8228,0.9111,False,,,unavailable,0.3642,low,0.645,0.0,0.3915,0.0,
254,-5.9485336,39.9309011,12.791,4.036,12.508,0.5482,0.9385,False,,,unavailable,0.7635,high,1.0,0.7892,0.4539,0.0,
255,-5.9517847,39.9308965,10.275,3.617,11.592,0.7542,0.9608,True,,,unavailable,0.9013,high,0.9609,0.9715,0.7596,0.0,
256,-5.9500645,39.9308951,20.131,5.063,17.466,0.6424,0.8649,False,,,unavailable,0.5987,medium,0.8292,0.3488,0.5721,0.0,
257,-5.9501821,39.9308911,16.775,4.622,14.071,0.6223,0.9877,False,,,unavailable,0.8415,high,1.0,0.7002,0.7927,0.0,
258,-5.948825,39.9308891,79.893,10.086,35.22,0.4929,0.9225,False,,,unavailable,0.546,medium,0.8094,0.0,0.7758,0.0,
259,-5.9490103,39.9308912,3.145,2.001,5.717,0.8215,0.9375,False,,,unavailable,0.7201,high,1.0,0.6467,0.4576,0.0,
260,-5.9482679,39.9308928,40.89,7.215,24.779,0.6406,0.9112,False,,,unavailable,0.5121,medium,0.8368,0.0,0.6346,0.0,
261,-5.9509032,39.9308819,19.082,4.929,14.987,0.4982,0.9681,False,,,unavailable,0.7148,high,1.0,0.3442,0.7432,0.0,
262,-5.9506886,39.9308835,10.694,3.69,11.323,0.5796,0.9444,False,,,unavailable,0.8473,high,1.0,0.8095,0.702,0.0,
263,-5.9484721,39.9308803,13.42,4.134,12.508,0.4508,0.9412,False,,,unavailable,0.8767,high,1.0,0.9789,0.6267,0.0,
264,-5.9500329,39.9308775,7.339,3.057,10.297,0.8822,0.875,False,,,unavailable,0.5705,medium,0.8699,0.358,0.4237,0.0,
265,-5.9483385,39.9308777,15.727,4.475,15.271,0.6843,0.8929,False,,,unavailable,0.7617,high,0.8474,0.8066,0.614,0.0,
266,-5.951717,39.9308748,19.501,4.983,20.168,0.87,0.8158,False,,,unavailable,0.4958,medium,0.6025,0.3437,0.5199,0.0,
267,-5.9509782,39.9308668,11.743,3.867,11.592,0.6049,0.9655,False,,,unavailable,0.843,high,1.0,0.8277,0.6699,0.0,
268,-5.950315,39.9308683,29.776,6.157,21.084,0.4993,0.9045,False,,,unavailable,0.5016,medium,0.8418,0.0,0.595,0.0,
269,-5.949973,39.9308568,14.049,4.229,13.898,0.6278,0.8375,False,,,unavailable,0.8411,high,0.9141,0.9449,0.6496,0.0,
270,-5.948226,39.9308703,15.517,4.445,14.166,0.6422,0.8916,True,,,unavailable,0.8884,high,0.9717,0.9338,0.7429,0.0,
271,-5.9516856,39.930855,1.887,1.55,3.774,0.6946,1.0,False,,,unavailable,0.7627,high,1.0,0.6498,0.5908,0.0,
272,-5.9483813,39.9308569,13.84,4.198,12.239,0.3755,1.0,False,,,unavailable,0.9236,high,1.0,0.9689,0.7866,0.0,
273,-5.9512551,39.9308581,2.936,1.933,5.606,0.7879,1.0,False,,,unavailable,0.6852,medium,1.0,0.5189,0.4737,0.0,
274,-5.9485527,39.9308521,22.437,5.345,16.55,0.2414,0.9817,False,,,unavailable,0.6059,medium,1.0,0.0323,0.7065,0.0,
275,-5.9486227,39.9308505,18.243,4.82,14.719,0.6476,0.9886,False,,,unavailable,0.7425,high,1.0,0.416,0.7601,0.0,
276,-5.9517423,39.9308435,16.566,4.593,15.477,0.4034,0.8876,False,,,unavailable,0.8085,high,0.869,0.8255,0.719,0.0,
277,-5.9501149,39.9308428,13.001,4.069,11.971,0.5299,1.0,False,,,unavailable,0.8839,high,1.0,0.9917,0.6367,0.0,
278,-5.9508937,39.930841,12.791,4.036,12.239,0.563,0.9683,False,,,unavailable,0.8364,high,1.0,0.7956,0.6808,0.0,
279,-5.9506208,39.9308396,39.213,7.066,24.322,0.178,0.8947,False,,,unavailable,0.5189,medium,0.833,0.0,0.6609,0.0,
280,-5.9504148,39.9308365,25.583,5.707,18.604,0.4074,0.9173,False,,,unavailable,0.599,medium,0.9288,0.0,0.8024,0.0,
281,-5.9499609,39.9308341,3.145,2.001,5.227,0.4899,1.0,False,,,unavailable,0.6763,medium,1.0,0.5064,0.4576,0.0,
282,-5.9494196,39.9308347,4.823,2.478,7.281,0.7379,0.9583,False,,,unavailable,0.7046,high,1.0,0.6853,0.3696,0.0,
283,-5.9512827,39.9308379,21.598,5.244,20.498,0.751,0.8175,False,,,unavailable,0.539,medium,0.646,0.4557,0.494,0.0,
284,-5.9495726,39.9308378,4.613,2.424,6.744,0.6373,0.8462,False,,,unavailable,0.72,high,1.0,0.7263,0.3779,0.0,
285,-5.9517804,39.9308367,5.662,2.685,8.039,0.7503,1.0,True,,,unavailable,0.7715,high,1.0,0.7865,0.4824,0.0,
286,-5.951091,39.9308311,13.42,4.134,12.619,0.4224,0.9697,False,,,unavailable,0.8387,high,1.0,0.7832,0.7006,0.0,
287,-5.9502672,39.9308318,13.42,4.134,12.887,0.4484,0.9552,False,,,unavailable,0.794,high,1.0,0.8978,0.4431,0.0,
288,-5.9501652,39.9308315,12.791,4.036,12.128,0.5197,0.9839,False,,,unavailable,0.9002,high,1.0,0.9999,0.6808,0.0,
289,-5.9506855,39.9308243,14.049,4.229,16.109,0.6797,0.859,False,,,unavailable,0.7225,high,0.6804,0.8831,0.6125,0.0,
290,-5.9499105,39.9308192,11.114,3.762,12.998,0.5489,0.8689,False,,,unavailable,0.7655,high,0.8266,0.9132,0.5444,0.0,
291,-5.9484871,39.9308228,12.582,4.002,12.887,0.5598,0.9091,False,,,unavailable,0.7835,high,0.952,0.907,0.4576,0.0,
292,-5.9512545,39.9308212,9.436,3.466,12.239,0.5146,0.8654,False,,,unavailable,0.743,high,0.7916,0.8368,0.5908,0.0,
293,-5.9500112,39.9308154,14.259,4.261,13.535,0.3264,0.9315,False,,,unavailable,0.8184,high,0.9782,0.7654,0.6797,0.0,
294,-5.9498404,39.9308166,5.662,2.685,8.576,0.8598,0.871,False,,,unavailable,0.6317,medium,0.9674,0.5194,0.3411,0.0,
295,-5.9512068,39.9308115,6.92,2.968,8.576,0.5222,0.9706,False,,,unavailable,0.8062,high,1.0,0.6898,0.6899,0.0,
296,-5.9507855,39.9308053,18.243,4.82,16.014,0.6001,0.8878,False,,,unavailable,0.6282,medium,0.894,0.3673,0.5701,0.0,
297,-5.9485465,39.9308084,13.211,4.101,12.128,0.4403,0.9844,False,,,unavailable,0.8935,high,1.0,0.9893,0.6699,0.0,
298,-5.9510509,39.9308024,14.888,4.354,13.155,0.498,0.9726,False,,,unavailable,0.8513,high,1.0,0.7658,0.7584,0.0,
299,-5.9502118,39.930804,9.017,3.388,10.565,0.8184,0.9348,False,,,unavailable,0.7359,high,1.0,0.6143,0.5406,0.0,
300,-5.9501681,39.9308007,13.42,4.134,12.776,0.6745,0.9552,False,,,unavailable,0.8711,high,1.0,0.9229,0.6647,0.0,
301,-5.9512903,39.9307979,10.485,3.654,11.497,0.5271,0.9434,False,,,unavailable,0.8103,high,0.9968,0.8362,0.5605,0.0,
302,-5.9510075,39.9307956,8.388,3.268,10.676,0.8271,0.9302,False,,,unavailable,0.6845,medium,0.9248,0.52,0.5605,0.0,
303,-5.9505331,39.9307919,33.132,6.495,20.547,0.555,0.9576,False,,,unavailable,0.6651,medium,0.9862,0.1856,0.7594,0.0,
304,-5.9504586,39.9307953,12.372,3.969,12.35,0.5205,0.9516,False,,,unavailable,0.8608,high,1.0,0.902,0.6527,0.0,
305,-5.950116,39.9307911,12.582,4.002,16.377,0.9061,0.7143,False,,,unavailable,0.6245,medium,0.5895,0.9675,0.3236,0.0,
306,-5.9500767,39.9307924,15.098,4.384,14.702,0.6984,0.8471,False,,,unavailable,0.7583,high,0.8777,0.7466,0.6267,0.0,
307,-5.9483432,39.9307951,23.276,5.444,17.688,0.6124,0.9328,False,,,unavailable,0.6421,medium,0.9348,0.219,0.7138,0.0,
308,-5.9502405,39.9307934,11.953,3.901,12.776,0.4483,0.8906,False,,,unavailable,0.8615,high,0.9202,0.9885,0.664,0.0,
309,-5.9490695,39.9307922,11.114,3.762,11.323,0.6961,0.9815,False,,,unavailable,0.8907,high,1.0,0.9616,0.6886,0.0,
310,-5.9484455,39.9307914,13.63,4.166,12.239,0.3328,0.9848,False,,,unavailable,0.9352,high,1.0,1.0,0.7927,0.0,
311,-5.9512321,39.9307895,19.921,5.036,19.631,0.6655,0.7983,False,,,unavailable,0.586,medium,0.6496,0.5503,0.5455,0.0,
312,-5.949412,39.9307883,9.436,3.466,12.082,0.5581,0.8491,False,,,unavailable,0.5967,medium,0.8123,0.5611,0.3737,0.0,
313,-5.9503453,39.9307787,9.856,3.542,11.212,0.6046,0.9216,False,,,unavailable,0.7865,high,0.9851,0.7566,0.5781,0.0,
314,-5.9507627,39.9307831,10.065,3.58,14.182,0.8569,0.7164,False,,,unavailable,0.4713,medium,0.6289,0.4978,0.2558,0.0,
315,-5.9485424,39.9307771,10.694,3.69,11.592,0.4372,0.9444,False,,,unavailable,0.846,high,1.0,0.8051,0.702,0.0,
316,-5.9508677,39.9307739,23.066,5.419,17.309,0.2351,0.9649,False,,,unavailable,0.6702,medium,0.9675,0.2868,0.6968,0.0,
317,-5.9503842,39.9307734,13.001,4.069,12.396,0.5402,0.9538,False,,,unavailable,0.8184,high,1.0,0.7436,0.6753,0.0,
318,-5.9502954,39.9307716,10.275,3.617,11.703,0.6822,0.9245,False,,,unavailable,0.7755,high,0.9428,0.8438,0.5064,0.0,
319,-5.9508147,39.9307698,13.63,4.166,12.508,0.4158,0.9701,False,,,unavailable,0.8906,high,1.0,0.9904,0.6595,0.0,
320,-5.9501182,39.9307623,9.017,3.388,10.297,0.6265,0.9556,False,,,unavailable,0.751,high,1.0,0.5989,0.6044,0.0,
321,-5.9493934,39.9307578,5.452,2.635,8.308,0.8237,0.9286,False,,,unavailable,0.8021,high,0.9927,0.884,0.4916,0.0,
322,-5.9487673,39.9307627,18.453,4.847,14.719,0.52,0.9778,False,,,unavailable,0.8905,high,1.0,0.8937,0.7558,0.0,
323,-5.9500108,39.9307592,9.227,3.427,11.703,0.6936,0.898,False,,,unavailable,0.691,medium,0.8466,0.5979,0.5975,0.0,
324,-5.9506801,39.9307429,5.033,2.531,8.655,0.8166,0.8276,False,,,unavailable,0.4778,medium,0.8443,0.5158,0.0,0.0,
325,-5.9507383,39.9307426,7.13,3.013,8.844,0.4283,0.9714,False,,,unavailable,0.7066,high,1.0,0.6311,0.4299,0.0,
326,-5.9487041,39.9307438,11.953,3.901,12.619,0.3629,0.9344,False,,,unavailable,0.8135,high,0.9433,0.8073,0.664,0.0,
327,-5.9482561,39.9307471,40.051,7.141,30.892,0.7081,0.8377,False,,,unavailable,0.3423,low,0.5274,0.0,0.4624,0.0,
328,-5.9509739,39.9307363,4.823,2.478,8.749,0.7665,0.7931,False,,,unavailable,0.4799,medium,0.7917,0.216,0.3696,0.0,
329,-5.9504104,39.9307407,15.308,4.415,13.803,0.5318,0.9605,False,,,unavailable,0.7995,high,1.0,0.6106,0.748,0.0,
330,-5.9503352,39.9307444,10.904,3.726,11.101,0.5151,1.0,False,,,unavailable,0.9101,high,1.0,0.9749,0.7374,0.0,
331,-5.950177,39.930741,14.049,4.229,12.508,0.3148,0.9853,False,,,unavailable,0.8245,high,1.0,0.7538,0.6848,0.0,
332,-5.9500343,39.9307435,12.372,3.969,13.518,0.7416,0.8082,False,,,unavailable,0.7557,high,0.8508,0.9357,0.4615,0.0,
333,-5.951034,39.9307359,12.791,4.036,12.239,0.4652,0.9531,False,,,unavailable,0.8821,high,1.0,0.942,0.6808,0.0,
334,-5.9504957,39.9307361,16.775,4.622,14.987,0.6215,0.9412,False,,,unavailable,0.7894,high,0.9386,0.6853,0.7145,0.0,
335,-5.9497862,39.930736,11.533,3.832,11.703,0.5787,0.9483,False,,,unavailable,0.8441,high,1.0,0.8252,0.676,0.0,
336,-5.9504534,39.9307329,10.275,3.617,12.413,0.7668,0.875,False,,,unavailable,0.641,medium,0.838,0.6875,0.3581,0.0,
337,-5.9506489,39.9307253,18.243,4.82,16.204,0.7254,0.9062,False,,,unavailable,0.7811,high,0.8732,0.7667,0.6852,0.0,
338,-5.9502986,39.9307262,11.323,3.797,12.965,0.7621,0.8438,False,,,unavailable,0.7518,high,0.8465,0.9076,0.4824,0.0,
339,-5.9498648,39.9307301,12.791,4.036,13.803,0.7238,0.8971,False,,,unavailable,0.7628,high,0.8437,0.7865,0.6419,0.0,
340,-5.9503706,39.930717,10.904,3.726,11.212,0.6734,0.963,False,,,unavailable,0.8194,high,1.0,0.8725,0.5496,0.0,
341,-5.951194,39.9307292,93.733,10.924,45.47,0.5416,0.9085,False,,,unavailable,0.2722,low,0.5697,0.0,0.1875,0.0,
342,-5.9503356,39.9307135,12.791,4.036,12.665,0.6337,0.9385,False,,,unavailable,0.8015,high,1.0,0.7228,0.6419,0.0,
343,-5.9499174,39.9307569,115.122,12.107,69.363,0.4807,0.6976,False,,,unavailable,0.1462,low,0.3007,0.0,0.107,0.0,
344,-5.9485035,39.9307119,20.76,5.141,16.092,0.5329,0.9167,False,,,unavailable,0.663,medium,1.0,0.187,0.7345,0.0,
345,-5.9508328,39.9306969,18.453,4.847,15.746,0.4431,0.9263,False,,,unavailable,0.8892,high,0.9353,0.9673,0.7558,0.0,
346,-5.9497438,39.9307011,3.145,2.001,5.449,0.2582,0.8824,False,,,unavailable,0.5986,medium,1.0,0.2578,0.4576,0.0,
347,-5.9485652,39.930706,7.339,3.057,9.381,0.3557,0.9211,False,,,unavailable,0.6952,medium,1.0,0.4254,0.5992,0.0,
348,-5.9517807,39.9306952,26.841,5.846,25.552,0.9457,0.7901,True,,,unavailable,0.2916,low,0.5166,0.0,0.3133,0.0,
349,-5.9516571,39.930692,10.485,3.654,10.787,0.5027,1.0,False,,,unavailable,0.8678,high,1.0,0.8679,0.709,0.0,
350,-5.9504555,39.9306951,13.84,4.198,13.345,0.5493,0.9167,False,,,unavailable,0.8511,high,0.9766,0.8969,0.6545,0.0,
351,-5.9510325,39.9306929,19.711,5.01,15.634,0.5161,0.9691,False,,,unavailable,0.6799,medium,1.0,0.2444,0.7313,0.0,
352,-5.9504924,39.9307005,6.081,2.783,8.085,0.7524,0.9667,False,,,unavailable,0.6352,medium,1.0,0.3671,0.4655,0.0,
353,-5.950189,39.9306916,14.888,4.354,13.155,0.3038,0.9595,False,,,unavailable,0.8619,high,1.0,0.7165,0.8414,0.0,
354,-5.9485379,39.9306906,11.953,3.901,12.871,0.5692,0.8769,False,,,unavailable,0.842,high,0.9067,0.9422,0.664,0.0,
355,-5.9486041,39.9306894,22.228,5.32,18.604,0.5921,0.9298,False,,,unavailable,0.5244,medium,0.807,0.0,0.7098,0.0,
356,-5.9517388,39.9306803,42.358,7.344,27.606,0.6572,0.886,False,,,unavailable,0.4024,low,0.6985,0.0,0.4496,0.0,
357,-5.9516011,39.9306813,9.227,3.427,10.408,0.644,0.9565,False,,,unavailable,0.8508,high,1.0,0.9251,0.5975,0.0,
358,-5.9505248,39.9306805,18.243,4.82,18.588,0.8422,0.8208,False,,,unavailable,0.5015,medium,0.6635,0.3838,0.4249,0.0,
359,-5.9502298,39.9306781,11.323,3.797,12.429,0.5355,0.9,False,,,unavailable,0.7852,high,0.9211,0.925,0.4824,0.0,
360,-5.9501135,39.9306814,5.242,2.584,7.66,0.8096,0.8621,False,,,unavailable,0.6314,medium,1.0,0.466,0.3545,0.0,
361,-5.9496524,39.9306787,9.436,3.466,11.055,0.7946,0.9184,False,,,unavailable,0.8469,high,0.9702,0.955,0.5908,0.0,
362,-5.9488035,39.9306819,85.345,10.424,38.504,0.4912,0.9292,False,,,unavailable,0.4654,medium,0.7234,0.0,0.6212,0.0,
363,-5.9483609,39.9306755,15.937,4.505,16.187,0.7811,0.7379,False,,,unavailable,0.7626,high,0.7643,0.9481,0.5751,0.0,
364,-5.9506754,39.9306717,10.904,3.726,10.944,0.5851,0.9811,False,,,unavailable,0.8126,high,1.0,0.6628,0.7374,0.0,
365,-5.9504135,39.9306751,14.259,4.261,12.508,0.2323,0.9855,False,,,unavailable,0.7962,high,1.0,0.5728,0.775,0.0,
366,-5.9502718,39.9306745,6.291,2.83,9.76,0.8924,0.8824,False,,,unavailable,0.5473,medium,0.8299,0.4321,0.3236,0.0,
367,-5.9499838,39.9306748,13.84,4.198,12.239,0.3755,1.0,False,,,unavailable,0.8454,high,1.0,0.7187,0.7866,0.0,
368,-5.9497918,39.9306719,9.646,3.505,10.676,0.6279,0.9388,False,,,unavailable,0.8851,high,1.0,0.8933,0.7392,0.0,
369,-5.950475,39.930665,10.694,3.69,11.592,0.6017,0.8947,False,,,unavailable,0.7776,high,1.0,0.7335,0.555,0.0,
370,-5.9516537,39.9306642,9.856,3.542,11.323,0.7105,0.94,False,,,unavailable,0.8265,high,0.9659,0.9076,0.5781,0.0,
371,-5.9511049,39.9306636,13.84,4.198,12.239,0.3755,1.0,False,,,unavailable,0.8989,high,1.0,0.89,0.7866,0.0,
372,-5.9509667,39.9306887,45.294,7.594,30.844,0.7825,0.8889,False,,,unavailable,0.2777,low,0.5983,0.0,0.1706,0.0,
373,-5.9503351,39.9306606,4.613,2.424,8.56,0.4924,0.7586,False,,,unavailable,0.5069,medium,0.7912,0.2948,0.3779,0.0,
374,-5.9498736,39.9306588,10.485,3.654,10.676,0.6438,1.0,False,,,unavailable,0.8931,high,1.0,0.9489,0.709,0.0,
375,-5.9500892,39.9306499,28.099,5.981,25.237,0.685,0.8272,False,,,unavailable,0.2756,low,0.5544,0.0,0.2165,0.0,
376,-5.948298,39.9306549,12.372,3.969,12.508,0.5726,0.9365,False,,,unavailable,0.7964,high,0.9938,0.8401,0.516,0.0,
377,-5.9516058,39.9306559,9.856,3.542,12.491,0.6896,0.8103,False,,,unavailable,0.758,high,0.7937,0.9561,0.5171,0.0,
378,-5.9503581,39.9306488,8.807,3.349,11.971,0.6843,0.8571,False,,,unavailable,0.5798,medium,0.7723,0.5417,0.3868,0.0,
379,-5.9501444,39.9306553,3.355,2.067,5.986,0.8178,1.0,False,,,unavailable,0.5281,medium,1.0,0.0469,0.4431,0.0,
380,-5.9483384,39.9306499,13.211,4.101,12.887,0.5269,0.9403,False,,,unavailable,0.8645,high,0.9996,0.8605,0.7062,0.0,
381,-5.9503168,39.9306455,9.227,3.427,12.05,0.7453,0.8462,False,,,unavailable,0.6542,medium,0.7985,0.7572,0.3779,0.0,
382,-5.9492805,39.9306415,2.726,1.863,5.07,0.7297,0.9286,False,,,unavailable,0.5339,medium,1.0,0.0168,0.4916,0.0,
383,-5.9502603,39.9306444,13.211,4.101,12.776,0.6869,0.9403,False,,,unavailable,0.8437,high,1.0,0.8298,0.6699,0.0,
384,-5.951247,39.9306442,92.685,10.863,44.665,0.7182,0.8805,False,,,unavailable,0.368,low,0.5838,0.0,0.4769,0.0,
385,-5.95089,39.9306389,21.598,5.244,16.361,0.3722,0.945,False,,,unavailable,0.7871,high,1.0,0.5779,0.741,0.0,
386,-5.9501792,39.9306402,15.727,4.475,16.645,0.7354,0.8242,False,,,unavailable,0.665,medium,0.7133,0.8626,0.4093,0.0,
387,-5.9515709,39.9306319,12.582,4.002,13.266,0.7349,0.9091,False,,,unavailable,0.7189,high,0.8984,0.5751,0.6472,0.0,
388,-5.9504746,39.9306382,11.114,3.762,13.724,0.5794,0.8154,False,,,unavailable,0.6881,medium,0.7415,0.8251,0.4869,0.0,
389,-5.9501181,39.9306286,2.307,1.714,4.311,0.7084,1.0,False,,,unavailable,0.6252,medium,1.0,0.2661,0.5344,0.0,
390,-5.948934,39.9306322,10.904,3.726,11.592,0.3126,0.9286,False,,,unavailable,0.8092,high,1.0,0.8399,0.5496,0.0,
391,-5.9517321,39.9306304,12.791,4.036,12.508,0.5681,0.9531,False,,,unavailable,0.8806,high,1.0,0.9759,0.6419,0.0,
392,-5.9483791,39.9306312,7.759,3.143,9.95,0.6462,0.881,False,,,unavailable,0.728,high,0.9849,0.4961,0.6516,0.0,
393,-5.9504403,39.9306215,14.259,4.261,12.887,0.3425,0.9714,False,,,unavailable,0.8838,high,1.0,0.8531,0.775,0.0,
394,-5.9490505,39.9306216,9.856,3.542,11.166,0.5104,0.9592,False,,,unavailable,0.8963,high,0.9933,0.9451,0.7313,0.0,
395,-5.9517717,39.9305836,43.826,7.47,27.115,0.8839,0.9587,True,,,unavailable,0.4389,low,0.7491,0.0,0.5055,0.0,
396,-5.951016,39.9306173,12.791,4.036,12.887,0.4406,0.9242,False,,,unavailable,0.8707,high,0.9679,0.9438,0.6808,0.0,
397,-5.9509263,39.9306184,11.533,3.832,13.155,0.6133,0.9167,False,,,unavailable,0.7838,high,0.8375,0.9688,0.5344,0.0,
398,-5.9488948,39.9306181,13.211,4.101,12.887,0.3695,0.9403,False,,,unavailable,0.8878,high,0.9996,0.9353,0.7062,0.0,
399,-5.95152,39.9306058,7.759,3.143,9.492,0.6811,0.9487,False,,,unavailable,0.7498,high,1.0,0.5476,0.6516,0.0,
400,-5.9509725,39.9306036,12.372,3.969,11.971,0.4852,0.9672,False,,,unavailable,0.8405,high,1.0,0.8369,0.6527,0.0,
401,-5.9507139,39.9306038,20.131,5.063,15.634,0.494,0.9697,False,,,unavailable,0.682,medium,1.0,0.2589,0.7236,0.0,
402,-5.9499322,39.9306058,10.485,3.654,12.239,0.6815,0.8772,False,,,unavailable,0.7814,high,0.8795,0.9438,0.5013,0.0,
403,-5.951697,39.9306038,10.694,3.69,11.212,0.641,0.9808,False,,,unavailable,0.8131,high,1.0,0.8471,0.555,0.0,
404,-5.9509127,39.9305976,6.5,2.877,8.906,0.7728,0.9118,False,,,unavailable,0.8081,high,1.0,0.7492,0.6367,0.0,
405,-5.9507858,39.9305964,7.13,3.013,9.175,0.6251,0.9444,False,,,unavailable,0.8135,high,1.0,0.7953,0.6079,0.0,
406,-5.9485889,39.9306009,12.582,4.002,11.971,0.4712,0.9677,False,,,unavailable,0.8362,high,1.0,0.7522,0.7236,0.0,
407,-5.9508382,39.9305983,21.598,5.244,16.171,0.4172,0.9717,False,,,unavailable,0.5718,medium,1.0,0.0,0.6297,0.0,
408,-5.9503069,39.9305969,14.049,4.229,12.508,0.3148,0.9853,False,,,unavailable,0.7782,high,1.0,0.5095,0.7807,0.0,
409,-5.9498291,39.9305957,6.291,2.83,9.381,0.8572,0.8571,False,,,unavailable,0.6227,medium,0.8984,0.5911,0.3236,0.0,
410,-5.9488863,39.9305947,3.774,2.192,5.986,0.7227,1.0,False,,,unavailable,0.6667,medium,1.0,0.5157,0.4178,0.0,
411,-5.9516127,39.9305928,8.178,3.227,9.871,0.4938,0.975,False,,,unavailable,0.7673,high,1.0,0.6208,0.6346,0.0,
412,-5.9507527,39.9305895,8.388,3.268,11.196,0.7086,0.8333,False,,,unavailable,0.7208,high,0.8409,0.737,0.5605,0.0,
413,-5.9496474,39.9305951,23.905,5.517,20.39,0.5448,0.8636,False,,,unavailable,0.4859,medium,0.7226,0.0033,0.6845,0.0,
414,-5.9515631,39.930585,4.613,2.424,7.739,0.888,0.8462,False,,,unavailable,0.5895,medium,0.968,0.1904,0.5344,0.0,
415,-5.9511231,39.930586,10.275,3.617,10.944,0.5416,0.9423,False,,,unavailable,0.8241,high,1.0,0.7208,0.7162,0.0,
416,-5.950383,39.9305862,30.615,6.243,20.91,0.5522,0.8957,False,,,unavailable,0.5592,medium,0.8799,0.0,0.7334,0.0,
417,-5.9516961,39.9305781,12.162,3.935,12.302,0.6271,0.9355,False,,,unavailable,0.8956,high,1.0,0.9679,0.6982,0.0,
418,-5.9509016,39.9305806,7.13,3.013,10.408,0.7534,0.85,False,,,unavailable,0.6443,medium,0.8271,0.6393,0.4299,0.0,
419,-5.9506235,39.9305794,13.211,4.101,12.239,0.422,0.9692,False,,,unavailable,0.8509,high,1.0,0.8168,0.7062,0.0,
420,-5.9514888,39.9305764,10.904,3.726,12.429,0.8028,0.8667,False,,,unavailable,0.7887,high,0.887,0.9678,0.4916,0.0,
421,-5.9500425,39.9305734,13.001,4.069,12.714,0.7412,0.8986,False,,,unavailable,0.81,high,1.0,0.7553,0.6367,0.0,
422,-5.950147,39.93057,16.566,4.593,14.719,0.5315,0.9634,False,,,unavailable,0.8743,high,0.9609,0.8471,0.7977,0.0,
423,-5.948439,39.9305696,148.673,13.758,62.099,0.4578,0.8511,False,,,unavailable,0.2282,low,0.4845,0.0,0.1488,0.0,
424,-5.9507453,39.9305692,6.291,2.83,9.381,0.4903,0.9091,False,,,unavailable,0.7281,high,0.8984,0.6048,0.6472,0.0,
425,-5.9486817,39.9305692,11.953,3.901,12.619,0.5771,0.9048,False,,,unavailable,0.6866,medium,0.9433,0.5403,0.525,0.0,
426,-5.9515326,39.9305652,12.582,4.002,13.077,0.2091,0.8824,False,,,unavailable,0.8035,high,0.9246,0.7752,0.6865,0.0,
427,-5.950338,39.9305674,8.597,3.309,11.323,0.7703,0.8723,False,,,unavailable,0.7762,high,0.8426,0.9192,0.5536,0.0,
428,-5.9508201,39.9305583,18.034,4.792,18.872,0.7582,0.8037,False,,,unavailable,0.6016,medium,0.6363,0.7793,0.3823,0.0,
429,-5.9507727,39.9305533,14.259,4.261,15.461,0.4885,0.7473,False,,,unavailable,0.6245,medium,0.7496,0.4539,0.6448,0.0,
430,-5.9502986,39.9305588,10.904,3.726,11.971,0.4497,0.9123,False,,,unavailable,0.8802,high,0.9562,0.974,0.6952,0.0,
431,-5.950083,39.9305521,9.436,3.466,10.676,0.5614,0.9574,False,,,unavailable,0.9054,high,1.0,0.95,0.7473,0.0,
432,-5.9499994,39.9305522,8.807,3.349,10.787,0.587,0.913,False,,,unavailable,0.8125,high,0.9511,0.9117,0.547,0.0,
433,-5.9515906,39.9305478,19.292,4.956,14.987,0.4578,0.9787,False,,,unavailable,0.6382,medium,1.0,0.103,0.7392,0.0,
434,-5.9515003,39.9305469,12.582,4.002,12.239,0.4859,0.9677,False,,,unavailable,0.8195,high,1.0,0.7752,0.6472,0.0,
435,-5.9504986,39.9305429,10.904,3.726,11.971,0.5227,0.8814,False,,,unavailable,0.8016,high,0.9562,0.868,0.5496,0.0,
436,-5.9485247,39.9305402,18.034,4.792,16.851,0.722,0.86,False,,,unavailable,0.7207,high,0.7981,0.7752,0.5734,0.0,
437,-5.9508586,39.9305404,3.355,2.067,6.522,0.7626,0.8,False,,,unavailable,0.6081,medium,0.9912,0.3134,0.4431,0.0,
438,-5.9496426,39.9305374,10.275,3.617,11.055,0.5028,0.9245,False,,,unavailable,0.8455,high,1.0,0.7895,0.7162,0.0,
439,-5.9483644,39.9305355,2.097,1.634,4.69,0.8165,1.0,False,,,unavailable,0.6519,medium,1.0,0.3255,0.5605,0.0,
440,-5.9500254,39.9305455,3.355,2.067,5.606,0.6002,1.0,False,,,unavailable,0.6335,medium,1.0,0.3842,0.4431,0.0,
441,-5.951728,39.9305319,14.049,4.229,12.887,0.2964,0.971,False,,,unavailable,0.8107,high,1.0,0.7445,0.6496,0.0,
442,-5.9490129,39.9305247,34.18,6.597,25.996,0.6682,0.8956,False,,,unavailable,0.4553,medium,0.6356,0.0,0.6941,0.0,
443,-5.9486498,39.9305262,18.453,4.847,14.987,0.3696,0.9565,False,,,unavailable,0.8573,high,1.0,0.7877,0.7558,0.0,
444,-5.9507651,39.9305231,10.694,3.69,11.212,0.6,0.9444,False,,,unavailable,0.8874,high,1.0,0.9375,0.702,0.0,
445,-5.9505547,39.9305226,9.227,3.427,11.166,0.7336,0.9167,False,,,unavailable,0.7777,high,0.9299,0.7752,0.5975,0.0,
446,-5.9498707,39.9305214,12.791,4.036,12.239,0.5167,0.9531,False,,,unavailable,0.8491,high,1.0,0.8752,0.6419,0.0,
447,-5.950687,39.9305144,14.049,4.229,12.508,0.3148,0.9853,False,,,unavailable,0.8185,high,1.0,0.7344,0.6848,0.0,
448,-5.9499554,39.93051,5.033,2.531,7.66,0.7161,0.9231,False,,,unavailable,0.5465,medium,1.0,0.187,0.3618,0.0,
449,-5.9508652,39.9305102,18.453,4.847,18.209,0.6634,0.8148,False,,,unavailable,0.4777,medium,0.6994,0.155,0.5344,0.0,
450,-5.9508212,39.9304984,16.146,4.534,15.255,0.7194,0.9059,False,,,unavailable,0.6473,medium,0.8719,0.454,0.5713,0.0,
451,-5.9498296,39.9304982,13.63,4.166,12.619,0.4068,0.9848,False,,,unavailable,0.8916,high,1.0,0.9578,0.6952,0.0,
452,-5.9507769,39.9305001,9.436,3.466,10.817,0.6756,0.8491,False,,,unavailable,0.8074,high,1.0,0.8551,0.5284,0.0,
453,-5.9500209,39.9304911,8.178,3.227,9.76,0.5751,1.0,False,,,unavailable,0.7894,high,1.0,0.7585,0.5676,0.0,
454,-5.9482855,39.9304912,28.099,5.981,20.168,0.5392,0.9054,False,,,unavailable,0.6617,medium,0.8681,0.3101,0.7656,0.0,
455,-5.9509866,39.930495,95.62,11.034,38.458,0.6095,0.9441,False,,,unavailable,0.5614,medium,0.8124,0.0,0.8217,0.0,
456,-5.9506125,39.9304908,22.018,5.295,15.903,0.2684,0.9906,False,,,unavailable,0.6943,medium,1.0,0.157,0.8649,0.0,
457,-5.950343,39.9304902,2.516,1.79,4.801,0.5563,1.0,False,,,unavailable,0.6871,medium,1.0,0.487,0.5117,0.0,
458,-5.9495807,39.9304827,24.744,5.613,18.192,0.5487,0.9219,False,,,unavailable,0.7073,high,0.9395,0.3201,0.8158,0.0,
459,-5.950805,39.930472,5.242,2.584,7.801,0.6982,0.8333,False,,,unavailable,0.7299,high,1.0,0.7812,0.3545,0.0,
460,-5.9501492,39.930482,26.841,5.846,19.631,0.6351,0.9275,False,,,unavailable,0.524,medium,0.8752,0.0,0.6267,0.0,
461,-5.9496811,39.93048,26.212,5.777,19.899,0.6351,0.9058,False,,,unavailable,0.5162,medium,0.8318,0.0,0.6536,0.0,
462,-5.9507761,39.9304755,8.597,3.309,11.402,0.4524,0.8723,False,,,unavailable,0.7181,high,0.831,0.7471,0.5536,0.0,
463,-5.9502354,39.930479,20.969,5.167,17.119,0.2614,0.9346,False,,,unavailable,0.719,high,0.8991,0.5129,0.709,0.0,
464,-5.9496329,39.9304777,12.582,4.002,12.128,0.5449,0.9524,False,,,unavailable,0.8893,high,1.0,0.9591,0.6865,0.0,
465,-5.951226,39.9304641,24.534,5.589,20.357,0.6271,0.8931,False,,,unavailable,0.7558,high,0.7439,0.9351,0.5908,0.0,
466,-5.9506587,39.9304755,11.953,3.901,11.971,0.5217,0.95,False,,,unavailable,0.8284,high,1.0,0.7869,0.664,0.0,
467,-5.948715,39.9304696,17.195,4.679,14.719,0.6389,0.9647,False,,,unavailable,0.874,high,0.9974,0.8168,0.7829,0.0,
468,-5.9504736,39.9304632,18.872,4.902,17.862,0.3716,0.8108,False,,,unavailable,0.4634,medium,0.7433,0.0,0.5908,0.0,
469,-5.9508335,39.9304626,6.92,2.968,8.955,0.7399,0.9706,False,,,unavailable,0.8491,high,1.0,0.9001,0.6171,0.0,
470,-5.9504354,39.9304585,6.92,2.968,9.76,0.6634,0.825,False,,,unavailable,0.7209,high,0.9129,0.7752,0.4363,0.0,
471,-5.9495708,39.930445,13.63,4.166,15.239,0.7255,0.7143,False,,,unavailable,0.6123,medium,0.7376,0.8543,0.2198,0.0,
472,-5.9512666,39.9304544,8.807,3.349,11.245,0.687,0.8571,False,,,unavailable,0.7423,high,0.8752,0.7134,0.6116,0.0,
473,-5.9500098,39.9304528,13.211,4.101,13.266,0.3864,0.9265,False,,,unavailable,0.8021,high,0.9433,0.8032,0.6316,0.0,
474,-5.9488206,39.9304516,23.695,5.493,17.672,0.392,0.9262,False,,,unavailable,0.8533,high,0.9534,0.8406,0.7457,0.0,
475,-5.9482522,39.9304527,13.84,4.198,12.508,0.2334,0.9706,False,,,unavailable,0.8956,high,1.0,0.8793,0.7866,0.0,
476,-5.9503874,39.930447,11.743,3.867,11.592,0.571,0.9655,False,,,unavailable,0.8799,high,1.0,0.9459,0.6699,0.0,
477,-5.9498443,39.9304423,11.953,3.901,12.73,0.5892,0.9194,False,,,unavailable,0.7642,high,0.9269,0.8638,0.4695,0.0,
478,-5.9487769,39.9304405,7.13,3.013,9.492,0.6323,0.8718,False,,,unavailable,0.7698,high,0.9944,0.5905,0.6797,0.0,
479,-5.9486442,39.9304432,19.292,4.956,16.661,0.4998,0.9293,False,,,unavailable,0.7289,high,0.8733,0.7002,0.5844,0.0,
480,-5.9483611,39.930443,10.485,3.654,11.939,0.433,0.8772,False,,,unavailable,0.7762,high,0.9244,0.6655,0.709,0.0,
481,-5.9508714,39.930439,3.145,2.001,4.801,0.7217,0.9375,False,,,unavailable,0.7324,high,1.0,0.686,0.4576,0.0,
482,-5.9495835,39.9304227,7.339,3.057,12.223,0.878,0.6863,False,,,unavailable,0.4903,medium,0.6173,0.8283,0.0,0.0,
483,-5.9502822,39.9304307,11.953,3.901,12.508,0.4699,0.9194,False,,,unavailable,0.8328,high,0.9601,0.9879,0.525,0.0,
484,-5.9495409,39.9304298,3.984,2.252,7.012,0.6797,0.9048,False,,,unavailable,0.7121,high,1.0,0.672,0.4066,0.0,
485,-5.9491606,39.9304324,10.904,3.726,11.435,0.5793,0.963,False,,,unavailable,0.9005,high,1.0,0.9865,0.6952,0.0,
486,-5.950322,39.9304232,19.082,4.929,17.94,0.6198,0.8426,False,,,unavailable,0.4536,medium,0.745,0.0,0.5574,0.0,
487,-5.9496221,39.9304292,16.146,4.534,14.244,0.378,0.9167,False,,,unavailable,0.8821,high,1.0,0.8944,0.7283,0.0,
488,-5.9499577,39.9304244,14.469,4.292,12.508,0.0,1.0,False,,,unavailable,0.915,high,1.0,0.8744,0.8535,0.0,
489,-5.9495719,39.9304136,4.613,2.424,7.17,0.7014,0.9565,False,,,unavailable,0.7104,high,1.0,0.6954,0.3779,0.0,
490,-5.948448,39.9304201,13.211,4.101,12.508,0.3583,0.9403,False,,,unavailable,0.8683,high,1.0,0.9469,0.6316,0.0,
491,-5.9512517,39.9304022,43.826,7.47,27.717,0.8545,0.8894,False,,,unavailable,0.6324,medium,0.7169,0.5503,0.613,0.0,
492,-5.9511668,39.9304174,91.636,10.802,41.964,0.634,0.8758,False,,,unavailable,0.4588,medium,0.6539,0.0,0.6836,0.0,
493,-5.9496713,39.9304161,13.211,4.101,13.266,0.3127,0.9403,False,,,unavailable,0.8427,high,0.9433,0.9331,0.6316,0.0,
494,-5.9485973,39.930412,8.178,3.227,9.381,0.4285,0.975,False,,,unavailable,0.7304,high,1.0,0.5696,0.5676,0.0,
495,-5.9483466,39.9304139,19.711,5.01,15.903,0.5575,0.9495,False,,,unavailable,0.8142,high,0.9794,0.771,0.6591,0.0,
496,-5.9506969,39.9304133,19.711,5.01,16.014,0.5702,0.94,False,,,unavailable,0.7238,high,0.9659,0.4979,0.6591,0.0,
497,-5.9502447,39.9304135,7.759,3.143,9.776,0.7373,0.8043,False,,,unavailable,0.7673,high,1.0,0.8434,0.4121,0.0,
498,-5.9517159,39.9304045,10.065,3.58,10.944,0.6675,0.9231,False,,,unavailable,0.7711,high,1.0,0.6954,0.5721,0.0,
499,-5.9505965,39.9304113,7.549,3.1,10.408,0.7775,0.8372,False,,,unavailable,0.6007,medium,0.8758,0.5759,0.2954,0.0,
500,-5.9498875,39.9304081,19.711,5.01,16.472,0.382,0.9216,False,,,unavailable,0.6402,medium,0.9129,0.375,0.5781,0.0,
501,-5.9484067,39.9304037,14.049,4.229,12.508,0.3148,0.9853,False,,,unavailable,0.8486,high,1.0,0.8307,0.6848,0.0,
502,-5.9482741,39.9304047,21.808,5.269,16.55,0.3883,0.963,False,,,unavailable,0.7982,high,1.0,0.6167,0.7374,0.0,
503,-5.9517785,39.930398,12.372,3.969,12.239,0.6053,0.9516,True,,,unavailable,0.806,high,1.0,0.8632,0.516,0.0,
504,-5.9505432,39.9303954,17.614,4.736,15.209,0.6403,0.913,False,,,unavailable,0.7561,high,0.9569,0.574,0.6973,0.0,
505,-5.9500111,39.9303943,15.308,4.415,14.261,0.5084,0.9359,False,,,unavailable,0.8219,high,0.9459,0.7471,0.748,0.0,
506,-5.9497038,39.930398,8.388,3.268,10.139,0.5555,0.9756,False,,,unavailable,0.7772,high,1.0,0.6603,0.6267,0.0,
507,-5.9495086,39.9303926,6.5,2.877,8.576,0.7035,0.9394,False,,,unavailable,0.8212,high,1.0,0.7912,0.6367,0.0,
508,-5.9508987,39.9303917,5.033,2.531,8.197,0.7245,0.8571,False,,,unavailable,0.7173,high,0.9413,0.804,0.3618,0.0,
509,-5.9500565,39.9303887,7.759,3.143,10.061,0.7647,0.9024,False,,,unavailable,0.6449,medium,0.9632,0.4958,0.4121,0.0,
510,-5.9498521,39.9303903,8.388,3.268,10.849,0.777,0.9091,False,,,unavailable,0.6556,medium,0.8955,0.4627,0.5605,0.0,
511,-5.949626,39.9303764,30.615,6.243,20.214,0.3172,0.9542,False,,,unavailable,0.5823,medium,0.9416,0.0,0.7334,0.0,
512,-5.9496813,39.9303809,10.065,3.58,11.592,0.717,0.8889,False,,,unavailable,0.7565,high,0.9413,0.7794,0.5117,0.0,
513,-5.949793,39.9303847,66.263,9.185,33.434,0.4595,0.8852,False,,,unavailable,0.4789,medium,0.7449,0.0,0.6384,0.0,
514,-5.9485991,39.9303781,13.211,4.101,12.619,0.4668,0.9692,False,,,unavailable,0.8697,high,1.0,0.9515,0.6316,0.0,
515,-5.9516916,39.9303763,10.065,3.58,10.676,0.6442,0.96,False,,,unavailable,0.7526,high,1.0,0.6364,0.5721,0.0,
516,-5.9509401,39.9303707,22.018,5.295,17.561,0.7201,0.8974,False,,,unavailable,0.619,medium,0.8972,0.2805,0.6237,0.0,
517,-5.9504359,39.9303659,8.807,3.349,10.787,0.7471,0.913,False,,,unavailable,0.7466,high,0.9511,0.8608,0.3868,0.0,
518,-5.951738,39.9303624,14.888,4.354,13.329,0.3629,0.9595,False,,,unavailable,0.8955,high,1.0,0.8241,0.8414,0.0,
519,-5.9513485,39.9303617,12.582,4.002,12.239,0.4736,0.9231,False,,,unavailable,0.8374,high,1.0,0.7932,0.6865,0.0,
520,-5.950533,39.9303653,11.323,3.797,13.456,0.7565,0.8438,False,,,unavailable,0.7404,high,0.7859,0.9438,0.4824,0.0,
521,-5.9501702,39.9303639,11.533,3.832,11.971,0.6812,0.9167,False,,,unavailable,0.8113,high,1.0,0.9183,0.478,0.0,
522,-5.950035,39.9303653,12.372,3.969,13.535,0.7395,0.9077,False,,,unavailable,0.7885,high,0.8487,0.9888,0.516,0.0,
523,-5.9497198,39.9303695,11.533,3.832,14.702,0.739,0.8209,False,,,unavailable,0.6637,medium,0.6705,0.8411,0.478,0.0,
524,-5.9494801,39.9303617,13.001,4.069,12.887,0.268,0.9254,False,,,unavailable,0.7702,high,0.9838,0.6475,0.6367,0.0,
525,-5.95179,39.9303506,3.984,2.252,7.17,0.4978,0.8261,True,,,unavailable,0.5607,medium,0.974,0.0505,0.5751,0.0,
526,-5.9508717,39.9303531,52.214,8.154,30.67,0.4036,0.8676,False,,,unavailable,0.4722,medium,0.6975,0.0,0.6739,0.0,
527,-5.9506529,39.9303619,5.242,2.584,7.722,0.8013,0.8621,False,,,unavailable,0.6471,medium,1.0,0.5161,0.3545,0.0,
528,-5.9505959,39.930343,26.631,5.823,25.885,0.8898,0.8355,False,,,unavailable,0.3805,low,0.4995,0.3957,0.2224,0.0,
529,-5.9499939,39.930358,12.582,4.002,12.508,0.4874,0.9524,False,,,unavailable,0.8815,high,1.0,0.9344,0.6865,0.0,
530,-5.949755,39.9303492,14.888,4.354,15.255,0.7704,0.8452,False,,,unavailable,0.6907,medium,0.8039,0.7752,0.4704,0.0,
531,-5.9485394,39.9303477,32.293,6.412,24.969,0.7512,0.8105,False,,,unavailable,0.405,low,0.6509,0.0,0.515,0.0,
532,-5.9496545,39.9303328,57.875,8.584,34.16,0.8249,0.8288,False,,,unavailable,0.3671,low,0.6233,0.0,0.4268,0.0,
533,-5.9490833,39.9303422,1.887,1.55,3.886,0.8452,0.8182,False,,,unavailable,0.581,medium,1.0,0.6591,0.0,0.0,
534,-5.9507695,39.9303373,13.42,4.134,14.025,0.7281,0.9143,False,,,unavailable,0.7751,high,0.8574,0.956,0.4954,0.0,
535,-5.95004,39.9303359,9.436,3.466,10.408,0.5678,0.9375,False,,,unavailable,0.8222,high,1.0,0.6836,0.7473,0.0,
536,-5.9517069,39.9302642,119.316,12.325,63.316,0.6369,0.7597,False,,,unavailable,0.1635,low,0.374,0.0,0.0743,0.0,
537,-5.9509517,39.9303323,8.388,3.268,11.229,0.7663,0.8696,False,,,unavailable,0.7143,high,0.836,0.8862,0.3963,0.0,
538,-5.9506451,39.9303269,14.888,4.354,14.987,0.6275,0.8875,False,,,unavailable,0.7596,high,0.833,0.8001,0.6311,0.0,
539,-5.9503454,39.9303302,7.339,3.057,9.871,0.815,0.9459,False,,,unavailable,0.7809,high,0.9465,0.7639,0.5992,0.0,
540,-5.9484945,39.9303334,3.355,2.067,5.796,0.79,0.9412,False,,,unavailable,0.7059,high,1.0,0.6158,0.4431,0.0,
541,-5.9486565,39.9303266,3.774,2.192,6.254,0.8061,0.9474,False,,,unavailable,0.7322,high,1.0,0.7252,0.4178,0.0,
542,-5.9487021,39.9303167,57.456,8.553,33.009,0.5004,0.8644,False,,,unavailable,0.4436,low,0.6627,0.0,0.6244,0.0,
543,-5.9507227,39.9303127,10.065,3.58,11.703,0.5881,0.8889,False,,,unavailable,0.766,high,0.9235,0.8314,0.5117,0.0,
544,-5.9504549,39.9303058,10.275,3.617,11.703,0.656,0.9245,False,,,unavailable,0.8844,high,0.9428,0.9827,0.7162,0.0,
545,-5.9517674,39.9303073,14.888,4.354,13.234,0.5593,0.9595,False,,,unavailable,0.8297,high,1.0,0.8241,0.6311,0.0,
546,-5.9508391,39.9303066,8.807,3.349,10.676,0.8266,0.9333,False,,,unavailable,0.7905,high,0.971,0.9775,0.3868,0.0,
547,-5.9505089,39.9303055,20.969,5.167,16.171,0.1447,0.9524,False,,,unavailable,0.6961,medium,1.0,0.3185,0.709,0.0,
548,-5.9501678,39.9303061,6.081,2.783,8.197,0.7541,0.9667,False,,,unavailable,0.6885,medium,1.0,0.345,0.6583,0.0,
549,-5.9482617,39.9303069,24.954,5.637,24.368,0.8184,0.7438,False,,,unavailable,0.4952,medium,0.5281,0.4634,0.4874,0.0,
550,-5.9506344,39.9302991,6.71,2.923,8.844,0.673,0.9412,False,,,unavailable,0.7111,high,1.0,0.6325,0.4431,0.0,
551,-5.9497442,39.9303013,19.292,4.956,15.523,0.5601,0.9583,False,,,unavailable,0.6963,medium,1.0,0.2889,0.7392,0.0,
552,-5.9496304,39.930301,2.307,1.714,4.422,0.7559,1.0,False,,,unavailable,0.7332,high,1.0,0.6117,0.5344,0.0,
553,-5.9483878,39.930285,35.648,6.737,26.487,0.307,0.85,False,,,unavailable,0.4801,medium,0.6385,0.2095,0.5605,0.0,
554,-5.9499955,39.9302762,11.323,3.797,12.792,0.7082,0.871,False,,,unavailable,0.764,high,0.8696,0.9188,0.4824,0.0,
555,-5.9498382,39.9302798,13.42,4.134,12.239,0.4446,0.9846,False,,,unavailable,0.8856,high,1.0,0.9694,0.6647,0.0,
556,-5.9497827,39.9302777,11.743,3.867,11.592,0.6085,0.9655,False,,,unavailable,0.8895,high,1.0,0.9358,0.7106,0.0,
557,-5.950652,39.9302747,16.356,4.563,18.526,0.7301,0.7429,False,,,unavailable,0.5781,medium,0.5989,0.9306,0.2007,0.0,
558,-5.9500934,39.9302743,12.372,3.969,11.971,0.5665,0.9672,False,,,unavailable,0.857,high,1.0,0.8501,0.6923,0.0,
559,-5.9503644,39.9302724,4.823,2.478,7.565,0.4803,0.92,False,,,unavailable,0.7292,high,1.0,0.6109,0.5227,0.0,
560,-5.9499588,39.9302686,6.92,2.968,9.112,0.6649,0.9167,False,,,unavailable,0.7137,high,1.0,0.4667,0.6171,0.0,
561,-5.9503941,39.9302613,8.178,3.227,10.297,0.664,0.907,False,,,unavailable,0.7115,high,0.9693,0.7122,0.4014,0.0,
562,-5.9502553,39.9302631,14.049,4.229,13.044,0.5844,0.9571,False,,,unavailable,0.578,medium,1.0,0.0,0.6496,0.0,
563,-5.9500346,39.9302635,13.211,4.101,12.508,0.487,0.9692,False,,,unavailable,0.818,high,1.0,0.7858,0.6316,0.0,
564,-5.9498952,39.9302607,11.323,3.797,11.592,0.643,0.9474,False,,,unavailable,0.8931,high,1.0,0.9757,0.6822,0.0,
565,-5.949623,39.9302629,7.759,3.143,9.871,0.7222,0.9487,False,,,unavailable,0.7851,high,1.0,0.7294,0.5828,0.0,
566,-5.951235,39.9302608,17.405,4.707,14.719,0.4722,0.9432,False,,,unavailable,0.8898,high,1.0,0.8692,0.7782,0.0,
567,-5.9495248,39.9302628,2.097,1.634,4.154,0.6164,1.0,False,,,unavailable,0.7804,high,1.0,0.7369,0.5605,0.0,
568,-5.948925,39.9302578,2.516,1.79,4.422,0.0,1.0,False,,,unavailable,0.776,high,1.0,0.7715,0.5117,0.0,
569,-5.9510776,39.9302536,105.056,11.566,52.483,0.6086,0.8789,False,,,unavailable,0.2292,low,0.4793,0.0,0.1584,0.0,
570,-5.9497109,39.9302475,14.469,4.292,12.508,0.0,1.0,False,,,unavailable,0.7656,high,1.0,0.3964,0.8535,0.0,
571,-5.9493842,39.9302451,13.211,4.101,16.298,0.7589,0.759,False,,,unavailable,0.5545,medium,0.625,0.7087,0.3158,0.0,
572,-5.94852,39.9302482,6.71,2.923,9.871,0.6443,0.8205,False,,,unavailable,0.7132,high,0.8654,0.8006,0.4431,0.0,
573,-5.9499482,39.9302415,16.566,4.593,15.54,0.626,0.8144,False,,,unavailable,0.6399,medium,0.8621,0.3826,0.6306,0.0,
574,-5.9502469,39.9302372,5.242,2.584,8.102,0.8007,0.8929,False,,,unavailable,0.7384,high,1.0,0.6617,0.5013,0.0,
575,-5.9494227,39.9302338,3.145,2.001,5.338,0.5527,1.0,False,,,unavailable,0.6536,medium,1.0,0.4338,0.4576,0.0,
576,-5.9499893,39.9302336,10.904,3.726,11.703,0.6195,0.9286,False,,,unavailable,0.8826,high,1.0,0.929,0.6952,0.0,
577,-5.9497695,39.9302281,10.275,3.617,10.676,0.6353,0.98,False,,,unavailable,0.8411,high,1.0,0.7752,0.7162,0.0,
578,-5.9496657,39.9302331,7.968,3.185,10.028,0.5825,0.8636,False,,,unavailable,0.797,high,0.9957,0.7804,0.5751,0.0,
579,-5.9501007,39.9302143,6.71,2.923,8.955,0.6249,0.9412,False,,,unavailable,0.6852,medium,1.0,0.3661,0.6267,0.0,
580,-5.9495361,39.9302118,15.727,4.475,14.83,0.5809,0.9036,False,,,unavailable,0.6554,medium,0.8986,0.4049,0.614,0.0,
581,-5.9493974,39.9302114,4.823,2.478,6.097,0.7782,0.8214,False,,,unavailable,0.6677,medium,1.0,0.567,0.3696,0.0,
582,-5.9493351,39.9302109,12.582,4.002,13.266,0.5272,0.9091,False,,,unavailable,0.7365,high,0.8984,0.6315,0.6472,0.0,
583,-5.9483398,39.9302103,11.533,3.832,11.592,0.5415,0.9322,False,,,unavailable,0.8861,high,1.0,0.9594,0.676,0.0,
584,-5.9517513,39.930214,13.63,4.166,13.535,0.7935,0.9286,False,,,unavailable,0.854,high,0.935,0.989,0.6218,0.0,
585,-5.9516011,39.9302032,2.936,1.933,5.07,0.6293,1.0,False,,,unavailable,0.7481,high,1.0,0.7203,0.4737,0.0,
586,-5.9499622,39.9302039,11.743,3.867,11.86,0.5006,0.9492,False,,,unavailable,0.8962,high,1.0,0.9571,0.7106,0.0,
587,-5.9508064,39.930199,5.033,2.531,7.66,0.7042,0.96,False,,,unavailable,0.6155,medium,1.0,0.408,0.3618,0.0,
588,-5.9506471,39.9302005,128.542,12.793,48.976,0.4656,0.8936,False,,,unavailable,0.4903,medium,0.6734,0.0,0.761,0.0,
589,-5.9500068,39.9302057,13.84,4.198,13.646,0.6258,0.9429,False,,,unavailable,0.7651,high,0.934,0.6729,0.6545,0.0,
590,-5.9496906,39.9302047,14.679,4.323,14.941,0.5398,0.875,False,,,unavailable,0.6265,medium,0.8263,0.5396,0.4737,0.0,
591,-5.9504722,39.9301932,12.791,4.036,12.635,0.6078,0.8971,False,,,unavailable,0.8795,high,1.0,0.9336,0.6808,0.0,
592,-5.9484741,39.930193,8.388,3.268,11.055,0.626,0.8163,False,,,unavailable,0.6952,medium,0.8624,0.9095,0.2802,0.0,
593,-5.9497199,39.9301889,7.968,3.185,9.492,0.7237,0.9744,False,,,unavailable,0.7443,high,1.0,0.6065,0.5751,0.0,
594,-5.9509565,39.9301741,11.953,3.901,12.619,0.6018,0.8906,False,,,unavailable,0.8841,high,0.9433,0.9927,0.7043,0.0,
595,-5.9498692,39.9301735,4.613,2.424,7.392,0.7508,0.9167,False,,,unavailable,0.5556,medium,1.0,0.2,0.3779,0.0,
596,-5.9498053,39.9301798,10.065,3.58,11.703,0.5685,0.9057,False,,,unavailable,0.7465,high,0.9235,0.7689,0.5117,0.0,
597,-5.951041,39.9301723,10.485,3.654,11.402,0.6171,0.9091,False,,,unavailable,0.8199,high,1.0,0.7146,0.709,0.0,
598,-5.9504492,39.9301685,13.001,4.069,12.429,0.546,0.9394,False,,,unavailable,0.8773,high,1.0,0.9705,0.6367,0.0,
599,-5.9489726,39.9301709,3.355,2.067,5.717,0.7071,1.0,False,,,unavailable,0.7616,high,1.0,0.7939,0.4431,0.0,
600,-5.9517617,39.930153,14.049,4.229,17.008,0.8553,0.8171,False,,,unavailable,0.6205,medium,0.6103,0.8201,0.4331,0.0,
601,-5.9517917,39.9301465,5.662,2.685,8.717,0.9222,0.931,True,,,unavailable,0.7461,high,0.9364,0.7814,0.4824,0.0,
602,-5.950129,39.9301451,28.309,6.004,20.168,0.5005,0.9,False,,,unavailable,0.5663,medium,0.8746,0.0,0.7627,0.0,
603,-5.9516258,39.9301423,12.372,3.969,13.266,0.5808,0.9219,False,,,unavailable,0.7281,high,0.8834,0.7538,0.516,0.0,
604,-5.9509292,39.9301436,14.679,4.323,13.881,0.5266,0.9333,False,,,unavailable,0.8711,high,0.9573,0.8751,0.7638,0.0,
605,-5.9517204,39.9301389,3.565,2.13,5.986,0.6969,0.9444,False,,,unavailable,0.6412,medium,1.0,0.4219,0.4299,0.0,
606,-5.9515102,39.9301407,6.71,2.923,9.381,0.8457,0.9143,False,,,unavailable,0.8046,high,0.9582,0.798,0.6267,0.0,
607,-5.9512074,39.9301386,11.953,3.901,11.971,0.4416,0.95,False,,,unavailable,0.8374,high,1.0,0.8155,0.664,0.0,
608,-5.9498928,39.9301405,13.42,4.134,12.508,0.4586,0.9552,False,,,unavailable,0.8362,high,1.0,0.7752,0.7006,0.0,
609,-5.9509738,39.9301358,13.211,4.101,13.329,0.5868,0.9,False,,,unavailable,0.8322,high,0.9345,0.9101,0.6316,0.0,
610,-5.9501973,39.930131,5.871,2.734,8.465,0.8003,0.9032,False,,,unavailable,0.6348,medium,1.0,0.4963,0.335,0.0,
611,-5.9496998,39.9301363,17.824,4.764,14.987,0.567,0.9659,False,,,unavailable,0.7665,high,0.9972,0.4872,0.769,0.0,
612,-5.9513918,39.9301829,162.722,14.394,95.585,0.942,0.7004,False,,,unavailable,0.1038,low,0.2238,0.0,0.0636,0.0,
613,-5.951022,39.9301336,20.131,5.063,15.903,0.3305,0.9505,False,,,unavailable,0.5923,medium,1.0,0.1232,0.5721,0.0,
614,-5.950066,39.9301275,13.42,4.134,14.987,0.4319,0.8205,False,,,unavailable,0.7428,high,0.7508,0.8112,0.6647,0.0,
615,-5.9500212,39.9301298,9.646,3.505,10.676,0.3101,0.9388,False,,,unavailable,0.8019,high,1.0,0.7818,0.5844,0.0,
616,-5.9484166,39.9301296,11.743,3.867,11.592,0.5129,0.9655,False,,,unavailable,0.9049,high,1.0,0.985,0.7106,0.0,
617,-5.9502311,39.9301271,12.372,3.969,11.592,0.5583,1.0,False,,,unavailable,0.9021,high,1.0,0.9944,0.6923,0.0,
618,-5.9506844,39.9301206,3.145,2.001,5.528,0.7479,0.8333,False,,,unavailable,0.7382,high,1.0,0.7047,0.4576,0.0,
619,-5.9516687,39.9301097,25.583,5.707,20.135,0.7871,0.8777,False,,,unavailable,0.4808,medium,0.7929,0.0084,0.5786,0.0,
620,-5.9515268,39.9301013,27.26,5.891,25.947,0.8764,0.7558,False,,,unavailable,0.2994,low,0.5088,0.0,0.3476,0.0,
621,-5.9514704,39.9301096,12.162,3.935,12.508,0.5889,0.9355,False,,,unavailable,0.8146,high,0.977,0.9689,0.4655,0.0,
622,-5.9502643,39.9301037,14.888,4.354,14.15,0.5591,0.8452,False,,,unavailable,0.8397,high,0.9345,0.8073,0.7584,0.0,
623,-5.9499421,39.9301014,10.904,3.726,12.082,0.4048,0.8966,False,,,unavailable,0.859,high,0.9387,0.9273,0.6952,0.0,
624,-5.9515892,39.9300993,14.679,4.323,13.312,0.4555,0.9722,False,,,unavailable,0.7496,high,1.0,0.5631,0.6355,0.0,
625,-5.9506989,39.9300984,16.356,4.563,14.719,0.4695,0.9286,False,,,unavailable,0.7975,high,0.9488,0.7788,0.6346,0.0,
626,-5.9501207,39.9301023,11.114,3.762,11.592,0.413,0.9636,False,,,unavailable,0.8903,high,1.0,0.9603,0.6886,0.0,
627,-5.9497644,39.9300904,39.213,7.066,27.638,0.6096,0.8274,False,,,unavailable,0.4753,medium,0.6451,0.197,0.5499,0.0,
628,-5.9503238,39.9300978,63.327,8.979,33.323,0.6368,0.858,False,,,unavailable,0.46,medium,0.7167,0.0,0.612,0.0,
629,-5.9501823,39.9300948,13.84,4.198,13.803,0.3423,0.9565,False,,,unavailable,0.8008,high,0.9129,0.8501,0.6171,0.0,
630,-5.9500862,39.9300998,6.71,2.923,8.733,0.5885,0.9412,False,,,unavailable,0.752,high,1.0,0.5797,0.6267,0.0,
631,-5.9516609,39.9300753,3.355,2.067,5.874,0.8696,1.0,False,,,unavailable,0.7342,high,1.0,0.7063,0.4431,0.0,
632,-5.9515869,39.9300742,7.759,3.143,10.849,0.8223,0.8409,False,,,unavailable,0.7232,high,0.8283,0.9083,0.4121,0.0,
633,-5.9502349,39.9300788,11.114,3.762,11.971,0.7057,0.9636,False,,,unavailable,0.8155,high,0.9745,0.8958,0.5444,0.0,
634,-5.9494504,39.9300773,7.968,3.185,9.871,0.7489,0.9268,False,,,unavailable,0.7209,high,1.0,0.7002,0.4066,0.0,
635,-5.9515384,39.9300671,4.404,2.368,6.522,0.5001,1.0,False,,,unavailable,0.7443,high,1.0,0.6347,0.547,0.0,
636,-5.9516246,39.930075,7.339,3.057,9.76,0.389,0.8974,False,,,unavailable,0.8313,high,0.9682,0.8992,0.5992,0.0,
637,-5.9514671,39.9300699,23.066,5.419,17.862,0.4751,0.9402,False,,,unavailable,0.6583,medium,0.9085,0.2605,0.7558,0.0,
638,-5.950205,39.9300642,6.5,2.877,8.844,0.4795,0.9118,False,,,unavailable,0.6876,medium,1.0,0.5503,0.4502,0.0,
639,-5.9498399,39.9300173,63.118,8.965,43.194,0.8373,0.7601,False,,,unavailable,0.2233,low,0.4251,0.0,0.2043,0.0,
640,-5.9496752,39.9300564,4.823,2.478,7.739,0.6964,0.8846,False,,,unavailable,0.675,medium,1.0,0.5905,0.3696,0.0,
641,-5.9506686,39.9300553,3.984,2.252,6.365,0.6194,1.0,False,,,unavailable,0.8031,high,1.0,0.7947,0.5751,0.0,
642,-5.9500362,39.9300448,11.323,3.797,11.592,0.3744,0.9474,False,,,unavailable,0.8923,high,1.0,0.9731,0.6822,0.0,
643,-5.9493032,39.9300455,3.355,2.067,5.717,0.741,0.9412,False,,,unavailable,0.6457,medium,1.0,0.4233,0.4431,0.0,
644,-5.9495055,39.9300393,13.211,4.101,14.561,0.4874,0.8182,False,,,unavailable,0.774,high,0.7829,0.9057,0.6316,0.0,
645,-5.9497515,39.9300202,100.024,11.285,46.857,0.391,0.8238,False,,,unavailable,0.3689,low,0.5725,0.0,0.4936,0.0,
646,-5.949665,39.9300293,20.131,5.063,18.068,0.702,0.8496,False,,,unavailable,0.6618,medium,0.7749,0.6159,0.5721,0.0,
647,-5.9494379,39.9300319,11.953,3.901,12.239,0.6075,0.9194,False,,,unavailable,0.8319,high,1.0,0.937,0.525,0.0,
648,-5.9494768,39.9300292,7.13,3.013,9.855,0.8059,0.8947,False,,,unavailable,0.6225,medium,0.9225,0.4551,0.4299,0.0,
649,-5.9495445,39.9300156,12.162,3.935,12.239,0.5209,0.9508,False,,,unavailable,0.8998,high,1.0,0.9812,0.6982,0.0,
650,-5.9493686,39.930009,10.694,3.69,11.497,0.6254,0.9444,False,,,unavailable,0.8893,high,1.0,0.9438,0.702,0.0,
651,-5.9490916,39.9300051,19.501,4.983,16.282,0.5589,0.93,False,,,unavailable,0.7179,high,0.9244,0.6366,0.5514,0.0,
652,-5.9514076,39.9299992,4.404,2.368,7.945,0.6534,0.84,False,,,unavailable,0.5004,medium,0.8767,0.1623,0.3868,0.0,
653,-5.9494674,39.9300001,14.469,4.292,15.193,0.6812,0.8519,False,,,unavailable,0.7043,high,0.7877,0.705,0.6035,0.0,
654,-5.9506894,39.9299852,92.894,10.876,38.883,0.58,0.9172,False,,,unavailable,0.4951,medium,0.7721,0.0,0.6577,0.0,
655,-5.9490418,39.929985,22.228,5.32,17.924,0.4455,0.9217,False,,,unavailable,0.7227,high,0.8694,0.5391,0.7304,0.0,
656,-5.9515129,39.9299784,13.001,4.069,12.128,0.5087,0.9841,False,,,unavailable,0.7853,high,1.0,0.6763,0.6367,0.0,
657,-5.9504326,39.9299866,17.195,4.679,17.119,0.7546,0.9318,False,,,unavailable,0.6804,medium,0.7373,0.9011,0.3915,0.0,
658,-5.9485596,39.9299788,11.114,3.762,11.323,0.6463,0.9815,False,,,unavailable,0.8973,high,1.0,0.9827,0.6886,0.0,
659,-5.950385,39.9299716,13.42,4.134,14.198,0.4792,0.8533,False,,,unavailable,0.69,medium,0.8366,0.7087,0.4954,0.0,
660,-5.9492897,39.9299729,8.388,3.268,12.082,0.835,0.8,False,,,unavailable,0.6324,medium,0.722,0.877,0.2802,0.0,
661,-5.9492108,39.9299688,2.726,1.863,5.07,0.7297,0.9286,False,,,unavailable,0.6966,medium,1.0,0.5376,0.4916,0.0,
662,-5.9498934,39.9299603,19.082,4.929,16.171,0.6503,0.9479,False,,,unavailable,0.8102,high,0.917,0.749,0.7432,0.0,
663,-5.9489042,39.9299578,10.275,3.617,11.323,0.6252,0.9245,False,,,unavailable,0.8246,high,1.0,0.9322,0.5064,0.0,
664,-5.9514532,39.929952,10.694,3.69,13.109,0.5674,0.8644,False,,,unavailable,0.7533,high,0.782,0.9759,0.4964,0.0,
665,-5.9504616,39.9299517,21.598,5.244,16.092,0.4467,0.9537,False,,,unavailable,0.7438,high,1.0,0.3991,0.781,0.0,
666,-5.9498243,39.9299479,16.146,4.534,16.819,0.5886,0.8105,False,,,unavailable,0.7448,high,0.7173,0.9167,0.606,0.0,
667,-5.9508568,39.9299466,2.726,1.863,5.07,0.8307,1.0,False,,,unavailable,0.6463,medium,1.0,0.3766,0.4916,0.0,
668,-5.949777,39.9299494,15.937,4.505,14.545,0.2565,0.8837,False,,,unavailable,0.836,high,0.9466,0.9292,0.6099,0.0,
669,-5.9497157,39.9299468,7.759,3.143,10.139,0.7459,0.9024,False,,,unavailable,0.7458,high,0.9484,0.6658,0.5828,0.0,
670,-5.9495356,39.9299493,19.292,4.956,16.583,0.548,0.902,False,,,unavailable,0.615,medium,0.8816,0.2438,0.6663,0.0,
671,-5.9515066,39.9299436,11.953,3.901,13.44,0.4165,0.8507,False,,,unavailable,0.7967,high,0.8316,0.8875,0.664,0.0,
672,-5.9494958,39.9299458,6.081,2.783,8.576,0.663,0.9062,False,,,unavailable,0.6867,medium,1.0,0.3391,0.6583,0.0,
673,-5.9503509,39.9299375,24.115,5.541,19.236,0.5827,0.8647,False,,,unavailable,0.6689,medium,0.819,0.5619,0.5959,0.0,
674,-5.9494648,39.9299376,11.743,3.867,13.077,0.4043,0.8615,False,,,unavailable,0.8374,high,0.863,0.9743,0.6699,0.0,
675,-5.9512357,39.9299248,66.053,9.171,33.087,0.4657,0.8898,False,,,unavailable,0.505,medium,0.7582,0.0,0.7062,0.0,
676,-5.9504075,39.9299267,14.888,4.354,12.887,0.3381,0.9861,False,,,unavailable,0.9329,high,1.0,0.9438,0.8414,0.0,
677,-5.9496428,39.9299271,8.388,3.268,10.519,0.6845,0.9091,False,,,unavailable,0.7963,high,0.9526,0.8444,0.5605,0.0,
678,-5.949867,39.9299239,12.162,3.935,12.35,0.6245,0.9508,False,,,unavailable,0.8698,high,1.0,0.925,0.6583,0.0,
679,-5.9498233,39.9299217,4.823,2.478,7.66,0.7809,0.92,False,,,unavailable,0.6376,medium,1.0,0.3177,0.5227,0.0,
680,-5.949313,39.9299228,13.84,4.198,12.508,0.2971,0.9706,False,,,unavailable,0.8758,high,1.0,0.816,0.7866,0.0,
681,-5.9491524,39.9299258,1.887,1.55,4.043,0.787,1.0,False,,,unavailable,0.713,high,1.0,0.4909,0.5908,0.0,
682,-5.9517057,39.9299183,8.388,3.268,11.435,0.7618,0.8696,False,,,unavailable,0.6566,medium,0.8061,0.8534,0.2802,0.0,
683,-5.9515249,39.9299165,7.13,3.013,8.733,0.4877,0.9444,False,,,unavailable,0.7256,high,1.0,0.5141,0.6079,0.0,
684,-5.9501909,39.929914,154.963,14.047,71.277,0.9196,0.7495,False,,,unavailable,0.2049,low,0.3833,0.0,0.1956,0.0,
685,-5.9497173,39.9299215,10.904,3.726,13.139,0.8344,0.7536,False,,,unavailable,0.7134,high,0.7937,0.9827,0.3476,0.0,
686,-5.9514588,39.9299115,11.743,3.867,12.619,0.5189,0.8889,False,,,unavailable,0.798,high,0.9267,0.9679,0.4737,0.0,
687,-5.9493503,39.9299041,12.162,3.935,12.429,0.3816,0.9206,False,,,unavailable,0.7929,high,0.9893,0.8296,0.5204,0.0,
688,-5.9495968,39.9298991,11.323,3.797,11.323,0.4114,0.9643,False,,,unavailable,0.9019,high,1.0,0.9626,0.7236,0.0,
689,-5.950805,39.9299007,79.893,10.086,38.441,0.654,0.8819,False,,,unavailable,0.4554,medium,0.6794,0.0,0.6421,0.0,
690,-5.9491727,39.929902,20.969,5.167,20.168,0.788,0.8403,False,,,unavailable,0.4989,medium,0.6479,0.3178,0.5013,0.0,
691,-5.949271,39.9298897,14.469,4.292,12.508,0.0,1.0,False,,,unavailable,0.8718,high,1.0,0.7364,0.8535,0.0,
692,-5.9506602,39.929889,13.63,4.166,14.025,0.6778,0.9155,False,,,unavailable,0.7877,high,0.8708,0.8538,0.6218,0.0,
693,-5.9485602,39.9298839,19.292,4.956,17.152,0.6575,0.8846,False,,,unavailable,0.4724,medium,0.8241,0.0,0.5227,0.0,
694,-5.9512309,39.9298788,4.823,2.478,7.359,0.6553,0.92,False,,,unavailable,0.753,high,1.0,0.6869,0.5227,0.0,
695,-5.9491208,39.9298691,14.469,4.292,12.508,0.0,1.0,False,,,unavailable,0.9028,high,1.0,0.8354,0.8535,0.0,
696,-5.9516052,39.9298644,10.275,3.617,11.055,0.5882,0.9423,False,,,unavailable,0.8985,high,1.0,0.9591,0.7162,0.0,
697,-5.9496655,39.9298544,11.114,3.762,11.703,0.4155,0.9298,False,,,unavailable,0.8231,high,1.0,0.7453,0.6886,0.0,
698,-5.950029,39.92984,9.856,3.542,11.055,0.7468,0.9592,False,,,unavailable,0.7892,high,1.0,0.7472,0.5781,0.0,
699,-5.9494532,39.9298429,30.825,6.265,21.195,0.7834,0.9245,False,,,unavailable,0.4678,medium,0.8623,0.0,0.4623,0.0,
700,-5.949324,39.9298442,14.049,4.229,12.508,0.3148,0.9853,False,,,unavailable,0.892,high,1.0,0.9695,0.6848,0.0,
701,-5.9505062,39.9298334,3.355,2.067,6.254,0.8094,0.8421,False,,,unavailable,0.6318,medium,1.0,0.3787,0.4431,0.0,
702,-5.9516549,39.9298297,9.646,3.505,11.323,0.6941,0.8679,False,,,unavailable,0.7929,high,0.9453,0.8801,0.5227,0.0,
703,-5.949787,39.9298296,11.114,3.762,11.323,0.6139,0.9815,False,,,unavailable,0.9003,high,1.0,0.9922,0.6886,0.0,
704,-5.9515767,39.9298257,24.115,5.541,18.336,0.5675,0.8984,False,,,unavailable,0.551,medium,0.9013,0.0,0.6815,0.0,
705,-5.9499604,39.9298177,12.372,3.969,12.239,0.4979,0.9516,False,,,unavailable,0.8735,high,1.0,0.9031,0.6923,0.0,
706,-5.948786,39.9298233,7.968,3.185,10.676,0.7935,0.8636,False,,,unavailable,0.7185,high,0.8786,0.6699,0.5751,0.0,
707,-5.9506988,39.9298158,22.437,5.345,18.826,0.6609,0.8917,False,,,unavailable,0.4971,medium,0.7955,0.2531,0.3831,0.0,
708,-5.95,39.929816,11.953,3.901,11.749,0.6568,0.9828,False,,,unavailable,0.8878,high,1.0,0.9771,0.664,0.0,
709,-5.9505415,39.9298092,27.68,5.937,21.084,0.5611,0.8571,False,,,unavailable,0.509,medium,0.7825,0.0,0.6899,0.0,
710,-5.9494141,39.9298183,15.727,4.475,17.165,0.5439,0.7653,False,,,unavailable,0.6392,medium,0.6707,0.8314,0.4093,0.0,
711,-5.9504841,39.9298091,14.888,4.354,13.898,0.4097,0.8987,False,,,unavailable,0.7856,high,0.9687,0.6863,0.6652,0.0,
712,-5.9500375,39.9298076,12.162,3.935,12.508,0.567,0.9355,False,,,unavailable,0.8935,high,0.977,0.9886,0.6982,0.0,
713,-5.9492295,39.9297921,9.646,3.505,11.055,0.7974,0.902,False,,,unavailable,0.7615,high,0.9918,0.7241,0.5227,0.0,
714,-5.9490693,39.9297918,10.694,3.69,11.323,0.6062,0.9623,False,,,unavailable,0.8952,high,1.0,0.9626,0.702,0.0,
715,-5.9516303,39.9297972,4.404,2.368,6.633,0.8275,0.8077,False,,,unavailable,0.4653,medium,1.0,0.2889,0.0,0.0,
716,-5.9494113,39.9297889,8.597,3.309,10.676,0.2095,0.9318,False,,,unavailable,0.7198,high,0.9479,0.6123,0.5536,0.0,
717,-5.949357,39.9297908,13.63,4.166,12.508,0.4272,0.9701,False,,,unavailable,0.922,high,1.0,0.9578,0.7927,0.0,
718,-5.9517765,39.9297852,9.227,3.427,12.35,0.668,0.8462,False,,,unavailable,0.7587,high,0.7601,0.9812,0.5344,0.0,
719,-5.9497696,39.9297888,10.275,3.617,10.944,0.7164,0.98,False,,,unavailable,0.8367,high,1.0,0.9111,0.5662,0.0,
720,-5.9496584,39.9297832,4.823,2.478,7.66,0.714,0.92,False,,,unavailable,0.6239,medium,1.0,0.2739,0.5227,0.0,
721,-5.950476,39.9297778,12.372,3.969,13.803,0.7641,0.8676,False,,,unavailable,0.7292,high,0.816,0.8381,0.516,0.0,
722,-5.9503262,39.9297771,15.098,4.384,13.535,0.6066,0.96,False,,,unavailable,0.7508,high,1.0,0.542,0.6606,0.0,
723,-5.9491653,39.9297716,2.097,1.634,4.154,0.6164,1.0,False,,,unavailable,0.5502,medium,1.0,0.0,0.5605,0.0,
724,-5.9503606,39.9297676,1.887,1.55,3.774,0.6946,1.0,False,,,unavailable,0.6248,medium,1.0,0.2087,0.5908,0.0,
725,-5.9495599,39.929767,8.388,3.268,11.435,0.6125,0.8511,False,,,unavailable,0.7448,high,0.8061,0.8555,0.5605,0.0,
726,-5.9504663,39.9297582,6.71,2.923,9.129,0.7302,0.9143,False,,,unavailable,0.8342,high,1.0,0.7689,0.7006,0.0,
727,-5.9502692,39.9297615,13.84,4.198,12.887,0.3665,0.9706,False,,,unavailable,0.8347,high,1.0,0.8539,0.6171,0.0,
728,-5.9491976,39.9297618,11.114,3.762,13.724,0.6131,0.8548,False,,,unavailable,0.6595,medium,0.7415,0.8762,0.3443,0.0,
729,-5.9494702,39.9297502,72.554,9.611,32.25,0.3826,0.9454,False,,,unavailable,0.5849,medium,0.8766,0.0,0.8197,0.0,
730,-5.9503495,39.9297481,9.856,3.542,12.161,0.1536,0.8704,False,,,unavailable,0.7928,high,0.8375,0.9537,0.5781,0.0,
731,-5.9517857,39.9297436,9.646,3.505,11.323,0.7853,0.9583,True,,,unavailable,0.8875,high,0.9453,0.9663,0.7392,0.0,
732,-5.9493268,39.9297429,9.646,3.505,10.787,0.5873,0.9388,False,,,unavailable,0.8926,high,1.0,0.9172,0.7392,0.0,
733,-5.9515331,39.9297349,6.5,2.877,9.603,0.8647,0.9394,False,,,unavailable,0.6442,medium,0.8858,0.68,0.3183,0.0,
734,-5.9505222,39.929733,13.84,4.198,14.15,0.5953,0.8919,False,,,unavailable,0.5968,medium,0.8687,0.2127,0.6545,0.0,
735,-5.949646,39.9297325,6.92,2.968,8.733,0.7441,0.9706,False,,,unavailable,0.7831,high,1.0,0.6887,0.6171,0.0,
736,-5.9492475,39.9297344,11.953,3.901,11.971,0.631,0.95,False,,,unavailable,0.7519,high,1.0,0.6811,0.525,0.0,
737,-5.9507454,39.9297244,8.178,3.227,9.492,0.5081,0.975,False,,,unavailable,0.8296,high,1.0,0.8201,0.6346,0.0,
738,-5.9505892,39.9297199,8.597,3.309,10.408,0.6178,0.7885,False,,,unavailable,0.8507,high,0.9974,0.9719,0.5536,0.0,
739,-5.9505185,39.9297056,8.388,3.268,11.118,0.8147,0.8511,False,,,unavailable,0.7899,high,0.8528,0.9438,0.5605,0.0,
740,-5.9503037,39.9297149,8.597,3.309,10.408,0.7643,0.9762,False,,,unavailable,0.8068,high,0.9974,0.8313,0.5536,0.0,
741,-5.9507689,39.9297043,9.646,3.505,10.787,0.4426,0.92,False,,,unavailable,0.9037,high,1.0,0.9527,0.7392,0.0,
742,-5.9491795,39.9297043,12.372,3.969,12.887,0.4728,0.8939,False,,,unavailable,0.6796,medium,0.9362,0.5354,0.516,0.0,
743,-5.9504863,39.9296987,8.807,3.349,11.323,0.813,0.8235,False,,,unavailable,0.7524,high,0.8631,0.985,0.3868,0.0,
744,-5.9489608,39.9296995,9.646,3.505,10.676,0.5222,0.9787,False,,,unavailable,0.9011,high,1.0,0.9444,0.7392,0.0,
745,-5.9493043,39.9296858,14.259,4.261,15.098,0.7083,0.8718,False,,,unavailable,0.6567,medium,0.7861,0.6775,0.4806,0.0,
746,-5.9512069,39.9296858,5.242,2.584,7.66,0.773,0.8333,False,,,unavailable,0.7528,high,1.0,0.8545,0.3545,0.0,
747,-5.950579,39.9296824,7.549,3.1,10.139,0.7188,0.8571,False,,,unavailable,0.7836,high,0.9227,0.8095,0.5908,0.0,
748,-5.9505177,39.9296818,8.807,3.349,10.139,0.5665,0.9545,False,,,unavailable,0.8739,high,1.0,0.985,0.6116,0.0,
749,-5.9514721,39.9296779,4.823,2.478,7.281,0.7766,0.9583,False,,,unavailable,0.8017,high,1.0,0.8426,0.5227,0.0,
750,-5.950698,39.9296797,14.049,4.229,13.266,0.283,0.971,False,,,unavailable,0.6455,medium,1.0,0.1807,0.6848,0.0,
751,-5.9491916,39.9296789,8.597,3.309,9.649,0.5216,0.9762,False,,,unavailable,0.8291,high,1.0,0.8343,0.619,0.0,
752,-5.9512405,39.9296748,6.081,2.783,10.139,0.9241,0.8286,False,,,unavailable,0.6274,medium,0.7433,0.7866,0.3291,0.0,
753,-5.9501719,39.9296758,99.395,11.25,47.792,0.4417,0.8893,False,,,unavailable,0.2968,low,0.5468,0.0,0.2935,0.0,
754,-5.9507596,39.92967,11.743,3.867,12.35,0.5638,0.9032,False,,,unavailable,0.7179,high,0.9674,0.4666,0.6699,0.0,
755,-5.9516983,39.9296588,5.242,2.584,8.197,0.7773,0.8621,False,,,unavailable,0.714,high,0.9805,0.7538,0.3545,0.0,
756,-5.9517407,39.9296564,4.404,2.368,6.633,0.418,0.9545,False,,,unavailable,0.6524,medium,1.0,0.3407,0.547,0.0,
757,-5.9493125,39.9296565,6.081,2.783,8.733,0.7171,0.9355,False,,,unavailable,0.6813,medium,1.0,0.6511,0.3291,0.0,
758,-5.9498517,39.9296464,11.743,3.867,11.86,0.6069,0.9333,False,,,unavailable,0.8965,high,1.0,0.9583,0.7106,0.0,
759,-5.951223,39.9296416,8.597,3.309,10.408,0.8367,0.9318,False,,,unavailable,0.6768,medium,0.9974,0.4152,0.5536,0.0,
760,-5.949682,39.9296383,7.13,3.013,9.76,0.879,0.9444,False,,,unavailable,0.5899,medium,0.9405,0.4551,0.304,0.0,
761,-5.9493971,39.9296382,17.824,4.764,19.157,0.7729,0.8173,False,,,unavailable,0.5507,medium,0.6103,0.7579,0.2719,0.0,
762,-5.9492823,39.9296489,8.178,3.227,10.692,0.5828,0.8667,False,,,unavailable,0.7724,high,0.8989,0.7583,0.6346,0.0,
763,-5.9490828,39.92964,9.017,3.388,11.055,0.5714,0.8958,False,,,unavailable,0.8034,high,0.9271,0.8539,0.6044,0.0,
764,-5.9514252,39.929641,5.242,2.584,8.197,0.8901,0.8065,False,,,unavailable,0.7699,high,0.9805,0.9325,0.3545,0.0,
765,-5.9491083,39.929632,7.968,3.185,10.028,0.8147,0.9268,False,,,unavailable,0.8017,high,0.9957,0.7955,0.5751,0.0,
766,-5.9514801,39.9296289,5.242,2.584,8.197,0.8349,0.8333,False,,,unavailable,0.7699,high,0.9805,0.9325,0.3545,0.0,
767,-5.9499695,39.9296267,11.323,3.797,11.212,0.5972,0.9818,False,,,unavailable,0.8986,high,1.0,0.9518,0.7236,0.0,
768,-5.9516875,39.9296218,27.47,5.914,21.685,0.757,0.8851,False,,,unavailable,0.4498,low,0.7341,0.0,0.5584,0.0,
769,-5.9496567,39.9296189,13.63,4.166,13.266,0.421,0.9286,False,,,unavailable,0.8438,high,0.9732,0.8372,0.6952,0.0,
770,-5.9490544,39.929618,13.001,4.069,12.334,0.4222,0.9118,False,,,unavailable,0.757,high,1.0,0.5858,0.6367,0.0,
771,-5.948987,39.9296125,7.13,3.013,8.844,0.6395,0.9444,False,,,unavailable,0.756,high,1.0,0.6111,0.6079,0.0,
772,-5.9513818,39.9296115,4.404,2.368,6.27,0.8454,0.7241,False,,,unavailable,0.6017,medium,1.0,0.7254,0.0,0.0,
773,-5.951757,39.9296035,8.807,3.349,12.887,0.7275,0.8235,False,,,unavailable,0.6383,medium,0.6664,0.9693,0.2735,0.0,
774,-5.9496973,39.9296011,13.211,4.101,13.44,0.571,0.8873,False,,,unavailable,0.8147,high,0.9191,0.8724,0.6316,0.0,
775,-5.9487392,39.929602,10.065,3.58,11.971,0.666,0.8889,False,,,unavailable,0.7331,high,0.8826,0.7752,0.5117,0.0,
776,-5.9500059,39.9295991,3.565,2.13,5.717,0.297,1.0,False,,,unavailable,0.6498,medium,1.0,0.2715,0.6079,0.0,
777,-5.9498863,39.9296022,5.662,2.685,7.928,0.6877,0.931,False,,,unavailable,0.6594,medium,1.0,0.4278,0.4824,0.0,
778,-5.9491559,39.9295843,20.34,5.089,21.257,0.8861,0.7519,False,,,unavailable,0.2974,low,0.5657,0.0928,0.18,0.0,
779,-5.9490826,39.9295996,11.114,3.762,13.25,0.6217,0.8154,False,,,unavailable,0.7266,high,0.7955,0.8262,0.5444,0.0,
780,-5.9498515,39.9295901,14.469,4.292,13.266,0.5232,0.9583,False,,,unavailable,0.8577,high,1.0,0.7752,0.7693,0.0,
781,-5.9495813,39.9295897,12.372,3.969,11.971,0.5132,0.9672,False,,,unavailable,0.8819,high,1.0,0.9297,0.6923,0.0,
782,-5.949259,39.9295866,5.242,2.584,7.928,0.8342,0.9259,False,,,unavailable,0.6879,medium,1.0,0.6467,0.3545,0.0,
783,-5.9490036,39.9295883,9.646,3.505,10.676,0.5067,0.902,False,,,unavailable,0.7868,high,1.0,0.7333,0.5844,0.0,
784,-5.9492948,39.9295853,16.985,4.65,16.125,0.5866,0.871,False,,,unavailable,0.7138,high,0.8209,0.6764,0.6228,0.0,
785,-5.9489016,39.9295848,10.485,3.654,11.323,0.7538,0.9615,False,,,unavailable,0.8318,high,1.0,0.9013,0.5605,0.0,
786,-5.9491839,39.9295779,6.92,2.968,9.492,0.7462,0.9167,False,,,unavailable,0.7405,high,0.9652,0.7752,0.4363,0.0,
787,-5.9489549,39.9295798,13.211,4.101,12.619,0.3498,0.9692,False,,,unavailable,0.7998,high,1.0,0.7278,0.6316,0.0,
788,-5.948584,39.9295811,5.662,2.685,8.955,0.7974,0.871,False,,,unavailable,0.7206,high,0.8872,0.9001,0.3411,0.0,
789,-5.9486108,39.929568,11.953,3.901,11.592,0.5303,1.0,False,,,unavailable,0.7719,high,1.0,0.5658,0.7043,0.0,
790,-5.9513479,39.9295641,9.646,3.505,12.429,0.4314,0.8364,False,,,unavailable,0.3818,low,0.7847,0.0187,0.2613,0.0,
791,-5.9497278,39.9295656,11.114,3.762,11.323,0.5645,0.9464,False,,,unavailable,0.8611,high,1.0,0.8251,0.7304,0.0,
792,-5.9514436,39.9295609,5.871,2.734,8.197,0.8912,0.875,False,,,unavailable,0.7674,high,1.0,0.9207,0.335,0.0,
793,-5.9513797,39.9295642,6.71,2.923,10.139,0.6722,0.8889,False,,,unavailable,0.6013,medium,0.8202,0.6266,0.3133,0.0,
794,-5.9496623,39.9295566,15.727,4.475,15.461,0.5991,0.8242,False,,,unavailable,0.7283,high,0.8268,0.7244,0.614,0.0,
795,-5.9492333,39.9295613,13.42,4.134,12.508,0.3456,0.9412,False,,,unavailable,0.7425,high,1.0,0.4755,0.7006,0.0,
796,-5.9491248,39.9295599,11.743,3.867,14.719,0.8865,0.8235,False,,,unavailable,0.6347,medium,0.6812,0.9767,0.2369,0.0,
797,-5.9507464,39.9295562,6.92,2.968,8.308,0.6671,0.8462,False,,,unavailable,0.7328,high,1.0,0.8365,0.3085,0.0,
798,-5.9491059,39.9295479,4.823,2.478,7.438,0.7865,0.92,False,,,unavailable,0.5966,medium,1.0,0.1864,0.5227,0.0,
799,-5.9510467,39.9295532,34.599,6.637,33.924,0.7303,0.7112,False,,,unavailable,0.2381,low,0.3778,0.0,0.3085,0.0,
800,-5.9509884,39.9295528,37.116,6.874,29.882,0.6769,0.7867,False,,,unavailable,0.2791,low,0.5223,0.0,0.2665,0.0,
801,-5.9508168,39.9295509,9.856,3.542,10.787,0.3068,0.94,False,,,unavailable,0.8654,high,1.0,0.8381,0.7313,0.0,
802,-5.9507091,39.9295353,2.936,1.933,5.449,0.499,0.9333,False,,,unavailable,0.7226,high,1.0,0.4425,0.6699,0.0,
803,-5.9503107,39.9295333,4.404,2.368,7.012,0.6812,0.913,False,,,unavailable,0.7776,high,1.0,0.7415,0.547,0.0,
804,-5.9496945,39.9295383,6.71,2.923,9.224,0.8762,0.9412,False,,,unavailable,0.6246,medium,0.9912,0.3661,0.4431,0.0,
805,-5.9514082,39.9295255,3.145,2.001,5.717,0.8215,0.9375,False,,,unavailable,0.6836,medium,1.0,0.5298,0.4576,0.0,
806,-5.950907,39.9295232,10.275,3.617,11.055,0.5208,0.9423,False,,,unavailable,0.873,high,1.0,0.8774,0.7162,0.0,
807,-5.9490882,39.929524,14.049,4.229,12.508,0.3148,0.9853,False,,,unavailable,0.8495,high,1.0,0.7378,0.7807,0.0,
808,-5.9485736,39.9295256,2.097,1.634,4.612,0.8704,0.8333,False,,,unavailable,0.5306,medium,1.0,0.4979,0.0,0.0,
809,-5.9494836,39.9295171,21.179,5.193,20.011,0.5972,0.7594,False,,,unavailable,0.6591,medium,0.6647,0.7538,0.5577,0.0,
810,-5.9507175,39.9295085,9.017,3.388,10.787,0.6131,0.9149,False,,,unavailable,0.8503,high,0.9738,0.9481,0.6044,0.0,
811,-5.9501643,39.9295101,12.372,3.969,11.592,0.5489,1.0,False,,,unavailable,0.8625,high,1.0,0.8678,0.6923,0.0,
812,-5.9489529,39.9295108,33.551,6.536,24.322,0.6272,0.8696,False,,,unavailable,0.4252,low,0.7127,0.0,0.5052,0.0,
813,-5.9515654,39.9295059,2.097,1.634,4.154,0.6164,1.0,False,,,unavailable,0.72,high,1.0,0.5434,0.5605,0.0,
814,-5.9502232,39.9295007,37.955,6.952,24.21,0.6322,0.896,False,,,unavailable,0.511,medium,0.8137,0.0,0.6587,0.0,
815,-5.949014,39.9295015,13.211,4.101,12.887,0.4851,0.9403,False,,,unavailable,0.8358,high,0.9996,0.9757,0.4993,0.0,
816,-5.9499313,39.9295013,106.734,11.658,43.796,0.5739,0.9009,False,,,unavailable,0.4602,medium,0.6993,0.0,0.6334,0.0,
817,-5.9508374,39.9294901,15.727,4.475,16.773,0.8211,0.8065,False,,,unavailable,0.482,medium,0.7025,0.29,0.4093,0.0,
818,-5.9488242,39.9294919,2.097,1.634,4.154,0.6164,1.0,False,,,unavailable,0.5515,medium,1.0,0.0044,0.5605,0.0,
819,-5.9504033,39.9294854,18.453,4.847,18.984,0.7561,0.8224,False,,,unavailable,0.4083,low,0.6435,0.0,0.5344,0.0,
820,-5.9515564,39.9294824,12.791,4.036,12.998,0.6442,0.9385,False,,,unavailable,0.6531,medium,0.9514,0.4942,0.4539,0.0,
821,-5.9507449,39.9294818,13.63,4.166,12.776,0.4261,0.942,False,,,unavailable,0.7413,high,1.0,0.5503,0.6218,0.0,
822,-5.9503627,39.9294853,4.194,2.311,6.522,0.7753,0.9524,False,,,unavailable,0.74,high,1.0,0.7715,0.3963,0.0,
823,-5.950792,39.929475,6.71,2.923,8.733,0.3716,0.9143,False,,,unavailable,0.834,high,1.0,0.842,0.6267,0.0,
824,-5.9505706,39.9294762,3.355,2.067,6.097,0.7744,0.9412,False,,,unavailable,0.6933,medium,1.0,0.5753,0.4431,0.0,
825,-5.9505236,39.9294738,4.194,2.311,6.996,0.814,0.9091,False,,,unavailable,0.7969,high,1.0,0.7897,0.5605,0.0,
826,-5.9493385,39.9294807,6.081,2.783,8.655,0.4433,0.8788,False,,,unavailable,0.7082,high,1.0,0.6008,0.4655,0.0,
827,-5.9501843,39.9294716,9.227,3.427,10.565,0.6613,0.9362,False,,,unavailable,0.8495,high,1.0,0.9839,0.5344,0.0,
828,-5.9511779,39.9294671,5.871,2.734,9.603,0.9122,0.8485,False,,,unavailable,0.4269,low,0.8001,0.4059,0.0,0.0,
829,-5.950151,39.9294703,9.227,3.427,11.497,0.6798,0.88,False,,,unavailable,0.8122,high,0.8772,0.9489,0.5975,0.0,
830,-5.951609,39.9294764,24.954,5.637,23.926,0.829,0.8623,False,,,unavailable,0.2562,low,0.5478,0.0,0.1625,0.0,
831,-5.9493587,39.9294556,11.533,3.832,11.971,0.6726,0.9322,False,,,unavailable,0.7646,high,1.0,0.7688,0.478,0.0,
832,-5.9512463,39.9294495,10.694,3.69,12.776,0.6068,0.85,False,,,unavailable,0.764,high,0.8234,0.7548,0.702,0.0,
833,-5.9507988,39.9294545,5.033,2.531,8.291,0.7741,0.8,False,,,unavailable,0.6667,medium,0.9199,0.6677,0.3618,0.0,
834,-5.9493018,39.9294505,41.939,7.307,25.885,0.1504,0.9132,False,,,unavailable,0.5332,medium,0.7866,0.0,0.7624,0.0,
835,-5.9490346,39.9294492,2.726,1.863,5.606,0.9358,0.8667,False,,,unavailable,0.3831,low,1.0,0.0258,0.0,0.0,
836,-5.9506683,39.9294432,11.533,3.832,12.776,0.621,0.8594,False,,,unavailable,0.7645,high,0.8879,0.9028,0.478,0.0,
837,-5.9491514,39.9294368,12.372,3.969,15.036,0.7057,0.8429,False,,,unavailable,0.7305,high,0.6877,0.9962,0.516,0.0,
838,-5.948631,39.9294433,4.194,2.311,7.012,0.6846,0.9091,False,,,unavailable,0.7623,high,1.0,0.8432,0.3963,0.0,
839,-5.9494655,39.9294375,80.313,10.112,38.458,0.525,0.8949,False,,,unavailable,0.4769,medium,0.6824,0.0,0.7074,0.0,
840,-5.9506328,39.9294306,13.001,4.069,13.535,0.4807,0.8986,False,,,unavailable,0.8111,high,0.8919,0.8501,0.6753,0.0,
841,-5.9497342,39.9294361,2.516,1.79,5.354,0.7692,0.8571,False,,,unavailable,0.5298,medium,1.0,0.4954,0.0,0.0,
842,-5.9490369,39.9294271,17.405,4.707,14.876,0.4391,0.9326,False,,,unavailable,0.8103,high,0.9884,0.8233,0.5837,0.0,
843,-5.9488301,39.92943,6.5,2.877,9.871,0.8257,0.8378,False,,,unavailable,0.717,high,0.8383,0.97,0.3183,0.0,
844,-5.9507483,39.9294271,10.694,3.69,11.323,0.5028,0.9273,False,,,unavailable,0.7922,high,1.0,0.6332,0.702,0.0,
845,-5.9489813,39.9294248,14.469,4.292,12.508,0.0,1.0,False,,,unavailable,0.9088,high,1.0,0.8545,0.8535,0.0,
846,-5.9505487,39.9294189,67.521,9.272,37.653,0.7392,0.8822,False,,,unavailable,0.4122,low,0.5985,0.0,0.6008,0.0,
847,-5.9512403,39.9294208,10.485,3.654,11.971,0.6757,0.9091,False,,,unavailable,0.7284,high,0.9194,0.6672,0.5605,0.0,
848,-5.9511718,39.9294187,10.904,3.726,11.971,0.4135,0.8667,False,,,unavailable,0.8095,high,0.9562,0.9514,0.4916,0.0,
849,-5.9508286,39.9294073,4.823,2.478,6.097,0.719,0.8846,False,,,unavailable,0.7858,high,1.0,0.7918,0.5227,0.0,
850,-5.9515851,39.9294072,9.856,3.542,11.055,0.289,0.94,False,,,unavailable,0.8321,high,1.0,0.9458,0.5171,0.0,
851,-5.9491447,39.9294116,1.887,1.55,3.774,0.8356,0.8182,False,,,unavailable,0.375,low,1.0,0.0,0.0,0.0,
852,-5.9496626,39.9294011,7.13,3.013,9.112,0.6919,0.9444,False,,,unavailable,0.8105,high,1.0,0.7856,0.6079,0.0,
853,-5.9507642,39.9293997,5.871,2.734,8.197,0.7058,0.9032,False,,,unavailable,0.7979,high,1.0,0.8795,0.4737,0.0,
854,-5.9515112,39.9293819,8.388,3.268,10.787,0.7675,0.8889,False,,,unavailable,0.6799,medium,0.9058,0.8085,0.2802,0.0,
855,-5.9507843,39.9293826,8.178,3.227,11.798,0.8279,0.8125,False,,,unavailable,0.6312,medium,0.7384,0.8501,0.2838,0.0,
856,-5.9485079,39.9293739,8.178,3.227,11.893,0.8418,0.8125,False,,,unavailable,0.5814,medium,0.7266,0.587,0.4014,0.0,
857,-5.9494026,39.9293678,10.904,3.726,11.971,0.6299,0.9286,False,,,unavailable,0.8698,high,0.9562,0.9408,0.6952,0.0,
858,-5.9484689,39.9293729,11.743,3.867,13.155,0.556,0.8615,False,,,unavailable,0.7649,high,0.8527,0.9506,0.4737,0.0,
859,-5.9503554,39.9293664,5.871,2.734,7.928,0.6394,0.9655,False,,,unavailable,0.857,high,1.0,0.8724,0.6699,0.0,
860,-5.9515722,39.9293624,9.436,3.466,10.297,0.6678,0.9783,False,,,unavailable,0.8895,high,1.0,0.8992,0.7473,0.0,
861,-5.9511958,39.9293565,6.5,2.877,8.465,0.725,0.9688,False,,,unavailable,0.8459,high,1.0,0.8703,0.6367,0.0,
862,-5.9489426,39.92936,2.726,1.863,5.07,0.7297,0.9286,False,,,unavailable,0.7199,high,1.0,0.612,0.4916,0.0,
863,-5.9494354,39.9293474,14.049,4.229,14.182,0.7346,0.9178,False,,,unavailable,0.8009,high,0.8778,0.8971,0.6125,0.0,
864,-5.9517902,39.9293516,5.242,2.584,7.817,0.7645,0.9615,True,,,unavailable,0.8676,high,1.0,0.7838,0.7927,0.0,
865,-5.9496083,39.929349,10.275,3.617,11.703,0.735,0.9074,False,,,unavailable,0.8238,high,0.9428,0.9387,0.5662,0.0,
866,-5.9484549,39.9293485,6.081,2.783,10.676,0.5787,0.7073,False,,,unavailable,0.464,medium,0.6705,0.351,0.3291,0.0,
867,-5.9499684,39.9293482,68.779,9.358,34.304,0.6228,0.9266,False,,,unavailable,0.4806,medium,0.7345,0.0,0.6565,0.0,
868,-5.9506856,39.9293454,2.097,1.634,4.154,0.6164,1.0,False,,,unavailable,0.5502,medium,1.0,0.0,0.5605,0.0,
869,-5.9493623,39.9293367,25.583,5.707,19.867,0.6405,0.8714,False,,,unavailable,0.584,medium,0.8145,0.2299,0.6616,0.0,
870,-5.9517248,39.9293317,4.613,2.424,7.012,0.1223,0.9167,False,,,unavailable,0.7659,high,1.0,0.7165,0.5344,0.0,
871,-5.94855,39.9293292,13.211,4.101,12.697,0.5092,0.9265,False,,,unavailable,0.7731,high,1.0,0.6423,0.6316,0.0,
872,-5.9503207,39.9293231,9.856,3.542,10.676,0.5894,0.94,False,,,unavailable,0.8391,high,1.0,0.907,0.5781,0.0,
873,-5.9494469,39.9293227,5.662,2.685,9.129,0.8866,0.8438,False,,,unavailable,0.6507,medium,0.8538,0.7165,0.3411,0.0,
874,-5.9493873,39.9293153,4.404,2.368,6.901,0.7212,0.913,False,,,unavailable,0.6854,medium,1.0,0.6065,0.3868,0.0,
875,-5.9484119,39.9293216,13.001,4.069,13.44,0.4267,0.8986,False,,,unavailable,0.7878,high,0.9045,0.7988,0.6367,0.0,
876,-5.9517417,39.9293154,5.871,2.734,8.308,0.6565,0.9655,False,,,unavailable,0.7928,high,1.0,0.8631,0.4737,0.0,
877,-5.9485041,39.929314,11.953,3.901,12.35,0.6638,0.9344,False,,,unavailable,0.8185,high,0.9847,0.9127,0.525,0.0,
878,-5.9484492,39.9293133,12.372,3.969,12.887,0.6565,0.8676,False,,,unavailable,0.782,high,0.9362,0.8629,0.516,0.0,
879,-5.9516595,39.9293098,11.743,3.867,11.592,0.5911,0.9655,False,,,unavailable,0.5971,medium,1.0,0.0,0.7106,0.0,
880,-5.949068,39.9292918,101.492,11.368,52.577,0.4977,0.7987,False,,,unavailable,0.1982,low,0.4614,0.0,0.0806,0.0,
881,-5.9488487,39.9293081,10.065,3.58,10.408,0.3786,0.9796,False,,,unavailable,0.8718,high,1.0,0.8663,0.7236,0.0,
882,-5.9517917,39.9293003,5.242,2.584,8.733,0.908,0.8621,True,,,unavailable,0.7255,high,0.8638,0.7838,0.5013,0.0,
883,-5.9516099,39.9293014,14.469,4.292,12.508,0.0,1.0,False,,,unavailable,0.7648,high,1.0,0.3939,0.8535,0.0,
884,-5.9503617,39.9293035,6.081,2.783,9.224,0.7935,0.8529,False,,,unavailable,0.6481,medium,0.8982,0.6669,0.3291,0.0,
885,-5.949676,39.929306,79.474,10.059,41.379,0.3395,0.8498,False,,,unavailable,0.4009,low,0.5833,0.0,0.583,0.0,
886,-5.9494993,39.9292982,11.953,3.901,11.481,0.2907,1.0,False,,,unavailable,0.8847,high,1.0,0.9269,0.7043,0.0,
887,-5.948532,39.9292952,10.694,3.69,12.54,0.5589,0.8361,False,,,unavailable,0.6895,medium,0.8546,0.9326,0.2482,0.0,
888,-5.9502742,39.9292891,14.469,4.292,12.508,0.0,1.0,False,,,unavailable,0.7502,high,1.0,0.3472,0.8535,0.0,
889,-5.9513803,39.9292854,4.404,2.368,7.392,0.81,0.875,False,,,unavailable,0.5779,medium,1.0,0.2625,0.3868,0.0,
890,-5.9489807,39.9292848,17.405,4.707,16.282,0.5576,0.8646,False,,,unavailable,0.7236,high,0.825,0.7752,0.5503,0.0,
891,-5.9517337,39.9292864,5.242,2.584,8.481,0.6548,0.8929,False,,,unavailable,0.7599,high,0.9159,0.8314,0.5013,0.0,
892,-5.950795,39.9292702,9.646,3.505,10.408,0.513,0.9787,False,,,unavailable,0.7469,high,1.0,0.6057,0.5844,0.0,
893,-5.9484926,39.9292781,8.388,3.268,10.787,0.2144,0.9302,False,,,unavailable,0.698,medium,0.9058,0.5862,0.5605,0.0,
894,-5.9500961,39.9292656,11.533,3.832,11.323,0.4616,0.9649,False,,,unavailable,0.9079,high,1.0,0.9882,0.717,0.0,
895,-5.9495025,39.9292663,11.533,3.832,11.592,0.4555,0.9483,False,,,unavailable,0.8829,high,1.0,0.9494,0.676,0.0,
896,-5.9507631,39.9292617,7.759,3.143,9.871,0.6484,0.925,False,,,unavailable,0.8163,high,1.0,0.9999,0.4121,0.0,
897,-5.9492025,39.9292595,76.538,9.872,47.256,0.4377,0.8488,False,,,unavailable,0.2025,low,0.4307,0.0,0.1312,0.0,
898,-5.9506936,39.9292433,8.178,3.227,11.971,0.9092,0.8667,False,,,unavailable,0.6592,medium,0.7171,0.9649,0.2838,0.0,
899,-5.9503135,39.9292582,6.291,2.83,9.492,0.7403,0.8333,False,,,unavailable,0.6412,medium,0.8774,0.6753,0.3236,0.0,
900,-5.9498982,39.9292482,10.694,3.69,11.055,0.5056,0.9444,False,,,unavailable,0.9061,high,1.0,0.955,0.7446,0.0,
901,-5.9497051,39.9292622,10.904,3.726,13.266,0.8321,0.8667,False,,,unavailable,0.7499,high,0.7786,0.9738,0.4916,0.0,
902,-5.9487762,39.92925,9.646,3.505,10.676,0.4966,0.9388,False,,,unavailable,0.8539,high,1.0,0.9481,0.5844,0.0,
903,-5.9514035,39.9292463,10.275,3.617,11.971,0.6618,0.875,False,,,unavailable,0.7138,high,0.901,0.6965,0.5064,0.0,
904,-5.950137,39.9292451,11.953,3.901,12.508,0.2703,0.9661,False,,,unavailable,0.8408,high,0.9601,0.8743,0.664,0.0,
905,-5.9488125,39.9292378,11.743,3.867,11.765,0.5151,0.9492,False,,,unavailable,0.8941,high,1.0,0.9913,0.6699,0.0,
906,-5.9507194,39.929231,10.485,3.654,14.45,0.8121,0.7463,False,,,unavailable,0.4959,medium,0.631,0.5789,0.2507,0.0,
907,-5.9494568,39.9292315,3.355,2.067,6.159,0.7664,0.8889,False,,,unavailable,0.7261,high,1.0,0.6805,0.4431,0.0,
908,-5.9487399,39.9292341,13.001,4.069,12.887,0.3942,0.9254,False,,,unavailable,0.7725,high,0.9838,0.7881,0.5033,0.0,
909,-5.9485509,39.9292319,4.404,2.368,7.281,0.9081,0.84,False,,,unavailable,0.5667,medium,1.0,0.2267,0.3868,0.0,
910,-5.9516551,39.929224,10.694,3.69,12.54,0.7219,0.8793,False,,,unavailable,0.6923,medium,0.8546,0.6935,0.4964,0.0,
911,-5.9484147,39.9292304,66.263,9.185,40.512,0.6383,0.8208,False,,,unavailable,0.3772,low,0.5074,0.0,0.5982,0.0,
912,-5.9510161,39.9292286,2.097,1.634,4.154,0.6164,1.0,False,,,unavailable,0.5818,medium,1.0,0.1012,0.5605,0.0,
913,-5.9501347,39.9292213,5.871,2.734,9.476,0.747,0.8485,False,,,unavailable,0.6024,medium,0.8218,0.6065,0.335,0.0,
914,-5.9500862,39.9292225,10.065,3.58,11.435,0.4495,0.9057,False,,,unavailable,0.8758,high,0.9674,0.9182,0.7236,0.0,
915,-5.950979,39.9292162,3.774,2.192,5.986,0.7227,1.0,False,,,unavailable,0.7009,high,1.0,0.6252,0.4178,0.0,
916,-5.9490965,39.929212,12.372,3.969,11.592,0.5489,1.0,False,,,unavailable,0.8844,high,1.0,0.9377,0.6923,0.0,
917,-5.9490319,39.92921,32.293,6.412,24.59,0.705,0.8415,False,,,unavailable,0.4221,low,0.6711,0.0305,0.515,0.0,
918,-5.9516224,39.9292045,6.5,2.877,8.576,0.5593,0.9688,False,,,unavailable,0.8447,high,1.0,0.7912,0.7118,0.0,
919,-5.951166,39.9291923,5.242,2.584,7.928,0.8233,0.9259,False,,,unavailable,0.8036,high,1.0,0.8703,0.5013,0.0,
920,-5.9484681,39.9291887,8.807,3.349,10.408,0.5818,0.9333,False,,,unavailable,0.8332,high,1.0,0.9193,0.547,0.0,
921,-5.9509441,39.929183,7.13,3.013,9.224,0.5379,0.9189,False,,,unavailable,0.8675,high,1.0,0.9679,0.6079,0.0,
922,-5.9492288,39.9291826,12.162,3.935,13.456,0.5289,0.8923,False,,,unavailable,0.8227,high,0.8441,0.9616,0.6583,0.0,
923,-5.9490618,39.9291808,3.774,2.192,5.874,0.6124,1.0,False,,,unavailable,0.6825,medium,1.0,0.5664,0.4178,0.0,
924,-5.9484275,39.9291886,10.275,3.617,11.86,0.793,0.9074,False,,,unavailable,0.8007,high,0.918,0.9542,0.5064,0.0,
925,-5.9497506,39.9291798,10.694,3.69,11.703,0.7478,0.8947,False,,,unavailable,0.8958,high,0.9813,0.987,0.702,0.0,
926,-5.9493311,39.9291776,4.194,2.311,6.98,0.8368,0.7692,False,,,unavailable,0.6318,medium,1.0,0.4254,0.3963,0.0,
927,-5.9491895,39.9291692,8.807,3.349,11.513,0.8753,0.8571,False,,,unavailable,0.674,medium,0.8349,0.7681,0.3868,0.0,
928,-5.9517045,39.9291658,9.856,3.542,12.082,0.7056,0.8868,False,,,unavailable,0.741,high,0.8484,0.7751,0.5781,0.0,
929,-5.9516345,39.9291598,8.597,3.309,12.35,0.79,0.8367,False,,,unavailable,0.6896,medium,0.7083,0.9654,0.3915,0.0,
930,-5.9505451,39.9291645,7.549,3.1,9.871,0.594,0.9,False,,,unavailable,0.851,high,0.9736,0.964,0.5908,0.0,
931,-5.9484252,39.929161,21.179,5.193,20.42,0.8143,0.8632,False,,,unavailable,0.3626,low,0.6383,0.0,0.3944,0.0,
932,-5.950321,39.9291589,10.904,3.726,11.703,0.4234,0.8966,False,,,unavailable,0.8579,high,1.0,0.8501,0.6952,0.0,
933,-5.9492599,39.929157,10.694,3.69,12.619,0.63,0.8793,False,,,unavailable,0.7731,high,0.844,0.9649,0.4964,0.0,
934,-5.9509794,39.929155,7.13,3.013,10.692,0.616,0.8095,False,,,unavailable,0.7382,high,0.7837,0.992,0.4299,0.0,
935,-5.9484656,39.9291459,3.145,2.001,6.08,0.7774,0.8824,False,,,unavailable,0.5339,medium,1.0,0.0508,0.4576,0.0,
936,-5.9504729,39.9291498,10.694,3.69,11.971,0.6496,0.9107,False,,,unavailable,0.6374,medium,0.9378,0.4179,0.4964,0.0,
937,-5.9493429,39.9291522,15.937,4.505,14.719,0.6419,0.8941,False,,,unavailable,0.6735,medium,0.9244,0.4031,0.6429,0.0,
938,-5.9492084,39.9291524,8.388,3.268,9.76,0.3978,0.9524,False,,,unavailable,0.8154,high,1.0,0.7827,0.6267,0.0,
939,-5.9492999,39.9291421,15.098,4.384,14.434,0.6741,0.8571,False,,,unavailable,0.7429,high,0.9106,0.6578,0.6267,0.0,
940,-5.949493,39.9291828,123.719,12.551,49.67,0.5534,0.8939,False,,,unavailable,0.3331,low,0.6302,0.0,0.3096,0.0,
941,-5.9494309,39.9291297,6.5,2.877,9.649,0.8454,0.8857,False,,,unavailable,0.6084,medium,0.8774,0.5757,0.3183,0.0,
942,-5.9485115,39.9291303,10.275,3.617,11.055,0.6435,0.9423,False,,,unavailable,0.8052,high,1.0,0.8703,0.5064,0.0,
943,-5.9498044,39.929117,137.769,13.244,56.447,0.3689,0.8633,False,,,unavailable,0.4076,low,0.5434,0.0,0.6524,0.0,
944,-5.9500689,39.9291091,6.5,2.877,9.302,0.2702,0.8857,False,,,unavailable,0.7952,high,0.944,0.7751,0.6367,0.0,
945,-5.949651,39.9291185,9.227,3.427,10.297,0.5752,0.9362,False,,,unavailable,0.8148,high,1.0,0.8098,0.5975,0.0,
946,-5.9492097,39.9291156,55.778,8.427,36.024,0.6564,0.8061,False,,,unavailable,0.3426,low,0.5401,0.0,0.4481,0.0,
947,-5.9507757,39.9291156,7.339,3.057,9.27,0.8119,0.9722,False,,,unavailable,0.7957,high,1.0,0.747,0.5992,0.0,
948,-5.9504642,39.9291155,7.339,3.057,10.045,0.4657,0.875,False,,,unavailable,0.7358,high,0.9141,0.8338,0.4237,0.0,
949,-5.9501115,39.9291128,17.195,4.679,16.187,0.7967,0.8913,False,,,unavailable,0.6936,medium,0.8246,0.6111,0.619,0.0,
950,-5.9503403,39.9291031,11.953,3.901,11.86,0.5911,0.9344,False,,,unavailable,0.7857,high,1.0,0.6502,0.664,0.0,
951,-5.9483366,39.9291115,26.421,5.8,25.915,0.8939,0.7975,False,,,unavailable,0.2552,low,0.4944,0.0,0.2233,0.0,
952,-5.94841,39.9291005,12.582,4.002,12.887,0.566,0.9231,False,,,unavailable,0.7655,high,0.952,0.7956,0.5117,0.0,
953,-5.9494327,39.929098,11.323,3.797,12.602,0.4669,0.8571,False,,,unavailable,0.7693,high,0.8959,0.7044,0.6822,0.0,
954,-5.9508011,39.929092,26.841,5.846,21.13,0.2928,0.8477,False,,,unavailable,0.4381,low,0.7555,0.0,0.4954,0.0,
955,-5.9507273,39.9290906,10.275,3.617,11.971,0.7398,0.8909,False,,,unavailable,0.6995,medium,0.901,0.5911,0.5662,0.0,
956,-5.9505592,39.9290959,6.291,2.83,9.508,0.8061,0.8824,False,,,unavailable,0.7189,high,0.8744,0.7935,0.4576,0.0,
957,-5.9504556,39.9290932,7.13,3.013,9.76,0.8088,0.8947,False,,,unavailable,0.7945,high,0.9405,0.8059,0.6079,0.0,
958,-5.9492664,39.9290799,10.275,3.617,12.413,0.9041,0.8596,False,,,unavailable,0.7047,high,0.838,0.7431,0.5064,0.0,
959,-5.9509088,39.9290831,67.941,9.301,34.304,0.6685,0.9205,False,,,unavailable,0.4785,medium,0.7255,0.0,0.6606,0.0,
960,-5.950075,39.929082,15.727,4.475,16.534,0.6566,0.8152,False,,,unavailable,0.5764,medium,0.7229,0.363,0.614,0.0,
961,-5.9498649,39.929088,7.13,3.013,10.391,0.8009,0.85,False,,,unavailable,0.6484,medium,0.8297,0.7752,0.304,0.0,
962,-5.950301,39.9290836,14.259,4.261,12.887,0.2078,0.9855,False,,,unavailable,0.7836,high,1.0,0.6628,0.6448,0.0,
963,-5.9493523,39.929082,13.211,4.101,12.239,0.4627,0.9692,False,,,unavailable,0.8724,high,1.0,0.9218,0.6699,0.0,
964,-5.9482859,39.9290842,10.065,3.58,11.592,0.6825,0.9057,False,,,unavailable,0.7448,high,0.9413,0.7422,0.5117,0.0,
965,-5.948363,39.9290799,11.953,3.901,11.876,0.6744,0.9048,False,,,unavailable,0.884,high,1.0,0.9649,0.664,0.0,
966,-5.9491798,39.929066,76.748,9.885,47.681,0.8373,0.7837,False,,,unavailable,0.2886,low,0.4242,0.0,0.4143,0.0,
967,-5.9495274,39.9290686,24.115,5.541,22.444,0.6229,0.8273,False,,,unavailable,0.6136,medium,0.6016,0.6456,0.5959,0.0,
968,-5.9487837,39.9291013,161.254,14.329,78.812,0.8916,0.8181,False,,,unavailable,0.1623,low,0.3262,0.0,0.1278,0.0,
969,-5.950722,39.9290666,7.339,3.057,10.944,0.6861,0.814,False,,,unavailable,0.6593,medium,0.77,0.7619,0.4237,0.0,
970,-5.9501311,39.9290662,10.904,3.726,11.055,0.5648,0.9811,False,,,unavailable,0.8882,high,1.0,0.9471,0.6952,0.0,
971,-5.9500918,39.9290647,1.887,1.55,4.422,0.8051,1.0,False,,,unavailable,0.6784,medium,1.0,0.3802,0.5908,0.0,
972,-5.94941,39.9290625,21.598,5.244,17.309,0.5483,0.9115,False,,,unavailable,0.6138,medium,0.9059,0.1361,0.741,0.0,
973,-5.9490903,39.9290651,7.339,3.057,10.139,0.8538,0.8974,False,,,unavailable,0.7147,high,0.8971,0.7869,0.4237,0.0,
974,-5.9484161,39.9290656,7.339,3.057,9.492,0.5256,0.9211,False,,,unavailable,0.7682,high,1.0,0.6591,0.5992,0.0,
975,-5.9483416,39.9290593,10.694,3.69,12.841,0.6943,0.8361,False,,,unavailable,0.7137,high,0.815,0.8095,0.4964,0.0,
976,-5.9490278,39.9290493,16.146,4.534,16.282,0.7851,0.8556,False,,,unavailable,0.6844,medium,0.7654,0.7003,0.5713,0.0,
977,-5.9482859,39.9290478,12.372,3.969,13.423,0.7655,0.8939,False,,,unavailable,0.7739,high,0.8628,0.9251,0.516,0.0,
978,-5.9493113,39.9290443,11.743,3.867,11.212,0.4956,1.0,False,,,unavailable,0.8386,high,1.0,0.7728,0.7106,0.0,
979,-5.9496536,39.9290296,12.162,3.935,12.128,0.6578,0.9831,False,,,unavailable,0.8563,high,1.0,0.842,0.6982,0.0,
980,-5.9485924,39.9290259,8.597,3.309,11.229,0.7702,0.8913,False,,,unavailable,0.7494,high,0.8569,0.8161,0.5536,0.0,
981,-5.948235,39.9290178,13.63,4.166,17.42,0.6184,0.7471,True,,,unavailable,0.5997,medium,0.5644,0.8022,0.4397,0.0,
982,-5.9486344,39.9290222,12.582,4.002,12.903,0.3488,0.8955,False,,,unavailable,0.8278,high,0.9496,0.7858,0.7236,0.0,
983,-5.9494368,39.929034,29.776,6.157,27.099,0.9169,0.7358,False,,,unavailable,0.2568,low,0.5095,0.0,0.2104,0.0,
984,-5.9493746,39.9290188,13.001,4.069,11.971,0.5299,1.0,False,,,unavailable,0.8526,high,1.0,0.8918,0.6367,0.0,
985,-5.949132,39.9290358,37.325,6.894,25.506,0.8317,0.8768,False,,,unavailable,0.4465,low,0.721,0.0,0.5636,0.0,
986,-5.9489481,39.9290146,17.614,4.736,16.913,0.3001,0.8317,False,,,unavailable,0.6332,medium,0.7738,0.4863,0.6116,0.0,
987,-5.9489901,39.9290068,12.372,3.969,12.602,0.7544,0.9219,False,,,unavailable,0.8197,high,0.9789,0.7956,0.6527,0.0,
988,-5.9483202,39.9290082,16.775,4.622,17.041,0.4298,0.8889,False,,,unavailable,0.5699,medium,0.7259,0.3581,0.5945,0.0,
989,-5.9493137,39.9290073,12.372,3.969,12.239,0.6859,0.9672,False,,,unavailable,0.8438,high,1.0,0.8474,0.6527,0.0,
990,-5.9496736,39.9289939,9.856,3.542,11.323,0.5248,0.8868,False,,,unavailable,0.8943,high,0.9659,0.9715,0.7313,0.0,
991,-5.9485813,39.9289995,13.211,4.101,12.508,0.3522,0.9844,False,,,unavailable,0.8007,high,1.0,0.6923,0.6699,0.0,
992,-5.9495292,39.9289852,16.566,4.593,15.903,0.6253,0.908,False,,,unavailable,0.7647,high,0.8232,0.8609,0.5982,0.0,
993,-5.9486403,39.9289918,10.694,3.69,10.944,0.5198,0.9808,False,,,unavailable,0.8378,high,1.0,0.9259,0.555,0.0,
994,-5.9482165,39.9289929,2.516,1.79,4.88,0.6528,0.8571,False,,,unavailable,0.5349,medium,1.0,0.0,0.5117,0.0,
995,-5.9493505,39.9289904,15.517,4.445,14.83,0.5139,0.881,False,,,unavailable,0.836,high,0.8867,0.993,0.6181,0.0,
996,-5.9489564,39.9289826,8.597,3.309,10.408,0.5727,0.9111,False,,,unavailable,0.8026,high,0.9974,0.818,0.5536,0.0,
997,-5.9497102,39.9289776,7.759,3.143,11.166,0.838,0.8605,False,,,unavailable,0.6591,medium,0.7819,0.8794,0.2914,0.0,
998,-5.9488856,39.928978,7.339,3.057,9.492,0.7833,0.9211,False,,,unavailable,0.6864,medium,1.0,0.5728,0.4237,0.0,
999,-5.9488577,39.9289789,4.194,2.311,6.538,0.7734,0.8,False,,,unavailable,0.5725,medium,1.0,0.2356,0.3963,0.0,
1000,-5.951131,39.9289768,10.904,3.726,12.35,0.7144,0.9286,False,,,unavailable,0.7191,high,0.8983,0.6737,0.5496,0.0,
1001,-5.9500447,39.9289528,42.358,7.344,33.656,0.7503,0.8347,False,,,unavailable,0.2152,low,0.4699,0.0,0.1247,0.0,
1002,-5.9498611,39.9289744,2.936,1.933,5.338,0.8421,1.0,False,,,unavailable,0.7317,high,1.0,0.6676,0.4737,0.0,
1003,-5.9510768,39.9289636,3.355,2.067,5.796,0.765,0.8889,False,,,unavailable,0.7234,high,1.0,0.6719,0.4431,0.0,
1004,-5.9494846,39.9289414,32.502,6.433,27.337,0.9438,0.8289,False,,,unavailable,0.2494,low,0.5465,0.0,0.1424,0.0,
1005,-5.9490013,39.9289628,9.856,3.542,11.592,0.6142,0.9216,False,,,unavailable,0.7987,high,0.9217,0.8716,0.5781,0.0,
1006,-5.9511513,39.9289415,2.516,1.79,4.422,0.0,1.0,False,,,unavailable,0.7573,high,1.0,0.7116,0.5117,0.0,
1007,-5.9493705,39.9289444,17.614,4.736,15.098,0.7141,0.913,False,,,unavailable,0.7599,high,0.971,0.6863,0.5802,0.0,
1008,-5.9489023,39.9289377,49.068,7.904,29.502,0.5605,0.8764,False,,,unavailable,0.4467,low,0.7084,0.0,0.5793,0.0,
1009,-5.9488384,39.9289354,11.953,3.901,12.396,0.6801,0.9194,False,,,unavailable,0.7116,high,0.9774,0.6346,0.4695,0.0,
1010,-5.9510751,39.928935,13.001,4.069,13.077,0.5629,0.9118,False,,,unavailable,0.7781,high,0.9554,0.6315,0.7118,0.0,
1011,-5.9487294,39.9289309,10.694,3.69,10.787,0.5792,0.9273,False,,,unavailable,0.8877,high,1.0,0.9387,0.702,0.0,
1012,-5.9486842,39.9289236,7.968,3.185,9.871,0.3818,0.9268,False,,,unavailable,0.7822,high,1.0,0.6601,0.6429,0.0,
1013,-5.951122,39.9289144,5.242,2.584,8.655,0.7297,0.7143,False,,,unavailable,0.6339,medium,0.8795,0.973,0.0,0.0,
1014,-5.9498199,39.9289104,3.355,2.067,5.606,0.7118,0.9412,False,,,unavailable,0.6796,medium,1.0,0.5316,0.4431,0.0,
1015,-5.9493155,39.9289156,83.458,10.308,44.836,0.7716,0.7713,False,,,unavailable,0.3101,low,0.5217,0.0,0.3663,0.0,
1016,-5.950903,39.9289032,37.116,6.874,33.025,0.5188,0.8389,False,,,unavailable,0.1604,low,0.4276,0.0,0.0,0.0,
1017,-5.9492553,39.9289029,35.858,6.757,27.069,0.7927,0.8465,False,,,unavailable,0.5415,medium,0.615,0.3036,0.6911,0.0,
1018,-5.9491211,39.9288964,19.921,5.036,18.477,0.7653,0.8482,False,,,unavailable,0.6829,medium,0.7333,0.5779,0.7274,0.0,
1019,-5.9514586,39.9288922,3.145,2.001,6.175,0.8308,0.8333,False,,,unavailable,0.6574,medium,1.0,0.9036,0.0,0.0,
1020,-5.9498319,39.9288932,10.275,3.617,12.54,0.7228,0.875,False,,,unavailable,0.7802,high,0.8211,0.945,0.5662,0.0,
1021,-5.9494771,39.9288839,11.743,3.867,11.703,0.6432,0.9825,False,,,unavailable,0.8391,high,1.0,0.8151,0.6699,0.0,
1022,-5.9490578,39.9288832,12.372,3.969,11.971,0.4147,0.9672,False,,,unavailable,0.8595,high,1.0,0.8978,0.6527,0.0,
1023,-5.9495597,39.9289347,115.541,12.129,52.575,0.8347,0.8464,False,,,unavailable,0.197,low,0.5253,0.0,0.0,0.0,
1024,-5.949243,39.9288682,4.613,2.424,7.549,0.7162,0.9167,False,,,unavailable,0.734,high,1.0,0.771,0.3779,0.0,
1025,-5.9503113,39.9288556,79.474,10.059,38.458,0.5975,0.9199,False,,,unavailable,0.2935,low,0.6753,0.0,0.1288,0.0,
1026,-5.9491322,39.9288622,4.823,2.478,7.817,0.7752,0.8846,False,,,unavailable,0.6718,medium,0.9918,0.59,0.3696,0.0,
1027,-5.951477,39.9288562,2.726,1.863,5.07,0.7297,0.9286,False,,,unavailable,0.7896,high,1.0,0.8351,0.4916,0.0,
1028,-5.9494436,39.9288537,16.775,4.622,17.561,0.7524,0.8421,False,,,unavailable,0.5255,medium,0.6836,0.3007,0.5605,0.0,
1029,-5.9490814,39.9288597,10.275,3.617,11.323,0.6622,0.9074,False,,,unavailable,0.8488,high,1.0,0.95,0.5662,0.0,
1030,-5.9493504,39.9288584,12.582,4.002,14.751,0.7687,0.8333,False,,,unavailable,0.7411,high,0.7266,0.9879,0.5117,0.0,
1031,-5.9493792,39.9288365,14.469,4.292,13.266,0.225,0.9583,False,,,unavailable,0.7952,high,1.0,0.5754,0.7693,0.0,
1032,-5.9486763,39.9288292,9.436,3.466,11.166,0.5039,0.8824,False,,,unavailable,0.7648,high,0.951,0.7777,0.5284,0.0,
1033,-5.9499763,39.9288266,48.859,7.887,28.744,0.5193,0.9031,False,,,unavailable,0.6352,medium,0.7431,0.5488,0.5921,0.0,
1034,-5.9491299,39.9288305,4.823,2.478,7.454,0.7838,0.8846,False,,,unavailable,0.6749,medium,1.0,0.59,0.3696,0.0,
1035,-5.949425,39.9288266,5.033,2.531,8.733,0.9204,0.8571,False,,,unavailable,0.5124,medium,0.8292,0.2828,0.3618,0.0,
1036,-5.949069,39.9288294,10.275,3.617,13.881,0.7545,0.7778,False,,,unavailable,0.7251,high,0.6701,0.95,0.5662,0.0,
1037,-5.9485993,39.9288252,9.856,3.542,11.703,0.72,0.9216,False,,,unavailable,0.7836,high,0.9043,0.9054,0.5171,0.0,
1038,-5.9494095,39.9288078,9.227,3.427,10.486,0.5789,0.9167,False,,,unavailable,0.7805,high,1.0,0.7633,0.5344,0.0,
1039,-5.9499311,39.9288078,15.308,4.415,16.014,0.8746,0.8795,False,,,unavailable,0.6895,medium,0.7501,0.8912,0.4149,0.0,
1040,-5.9497635,39.9288329,137.349,13.224,51.992,0.6157,0.9212,False,,,unavailable,0.2878,low,0.6385,0.0,0.1549,0.0,
1041,-5.9495943,39.9287988,9.436,3.466,11.703,0.6345,0.8654,False,,,unavailable,0.7078,high,0.8658,0.8522,0.3737,0.0,
1042,-5.9492487,39.9288006,2.516,1.79,4.88,0.7355,0.9231,False,,,unavailable,0.7191,high,1.0,0.5894,0.5117,0.0,
1043,-5.9490669,39.9287957,14.679,4.323,12.776,0.248,0.9859,False,,,unavailable,0.8867,high,1.0,0.7901,0.8474,0.0,
1044,-5.9491312,39.9287981,15.098,4.384,16.393,0.85,0.8276,False,,,unavailable,0.5486,medium,0.706,0.4904,0.4178,0.0,
1045,-5.9502673,39.9287726,21.389,5.219,20.468,0.7787,0.85,False,,,unavailable,0.6277,medium,0.6415,0.8463,0.3924,0.0,
1046,-5.9492937,39.9287828,27.26,5.891,20.626,0.6462,0.8844,False,,,unavailable,0.5192,medium,0.8052,0.0,0.6952,0.0,
1047,-5.9493632,39.9287788,10.065,3.58,11.703,0.4872,0.9057,False,,,unavailable,0.8498,high,0.9235,0.8875,0.7236,0.0,
1048,-5.9494067,39.9287672,8.807,3.349,10.519,0.711,0.913,False,,,unavailable,0.7938,high,1.0,0.7931,0.547,0.0,
1049,-5.9503025,39.9287637,4.404,2.368,7.281,0.5418,0.913,False,,,unavailable,0.7087,high,1.0,0.681,0.3868,0.0,
1050,-5.9492351,39.9287676,17.195,4.679,16.472,0.7452,0.8632,False,,,unavailable,0.5766,medium,0.7964,0.3024,0.5872,0.0,
1051,-5.9489725,39.9287622,16.985,4.65,15.935,0.6071,0.8265,False,,,unavailable,0.6058,medium,0.8405,0.5359,0.3939,0.0,
1052,-5.9486393,39.9287544,48.439,7.853,27.56,0.4519,0.9023,False,,,unavailable,0.5067,medium,0.8014,0.0,0.6597,0.0,
1053,-5.9490896,39.9287679,5.662,2.685,8.007,0.7712,0.931,False,,,unavailable,0.7039,high,1.0,0.5701,0.4824,0.0,
1054,-5.9489357,39.9287532,9.646,3.505,11.971,0.6376,0.8519,False,,,unavailable,0.719,high,0.8458,0.9163,0.3696,0.0,
1055,-5.9512209,39.928742,6.5,2.877,8.576,0.7558,0.8611,False,,,unavailable,0.7738,high,1.0,0.9578,0.3183,0.0,
1056,-5.9493861,39.9287421,12.372,3.969,13.44,0.592,0.8551,False,,,unavailable,0.7367,high,0.8607,0.8085,0.516,0.0,
1057,-5.9493448,39.9287401,9.856,3.542,12.35,0.562,0.8545,False,,,unavailable,0.7448,high,0.8119,0.8918,0.5171,0.0,
1058,-5.9514198,39.928734,26.002,5.754,20.42,0.7375,0.8552,False,,,unavailable,0.4512,medium,0.7836,0.0,0.5033,0.0,
1059,-5.9512528,39.9287255,2.936,1.933,4.059,0.7977,0.8235,False,,,unavailable,0.5222,medium,1.0,0.4711,0.0,0.0,
1060,-5.9502444,39.9287239,67.312,9.258,34.729,0.7214,0.8676,False,,,unavailable,0.5059,medium,0.7013,0.2446,0.5327,0.0,
1061,-5.9482589,39.9287136,7.759,3.143,10.771,0.7865,0.8605,False,,,unavailable,0.722,high,0.8404,0.719,0.5828,0.0,
1062,-5.9513844,39.9287135,12.162,3.935,12.144,0.7149,0.9355,False,,,unavailable,0.6731,medium,1.0,0.4334,0.5204,0.0,
1063,-5.951439,39.9287033,4.613,2.424,7.359,0.7359,0.9167,False,,,unavailable,0.7992,high,1.0,0.9796,0.3779,0.0,
1064,-5.9512489,39.9287041,2.097,1.634,3.506,0.4425,0.9091,False,,,unavailable,0.4891,medium,1.0,0.3652,0.0,0.0,
1065,-5.9509911,39.9286867,6.92,2.968,9.397,0.6231,0.9429,False,,,unavailable,0.7948,high,0.9848,0.9251,0.4363,0.0,
1066,-5.951188,39.928683,8.178,3.227,10.787,0.7399,0.9286,False,,,unavailable,0.7984,high,0.8832,0.9275,0.5676,0.0,
1067,-5.9506872,39.9286704,9.646,3.505,11.435,0.8017,0.8846,False,,,unavailable,0.8031,high,0.9271,0.873,0.5844,0.0,
1068,-5.9512349,39.9286677,7.339,3.057,9.665,0.5631,0.875,False,,,unavailable,0.8001,high,0.9873,0.9518,0.4237,0.0,
1069,-5.9509585,39.9286654,9.436,3.466,11.055,0.6487,0.9,False,,,unavailable,0.7906,high,0.9702,0.7749,0.5908,0.0,
1070,-5.9507493,39.9286531,7.339,3.057,11.703,0.8443,0.7447,False,,,unavailable,0.5625,medium,0.6734,0.6923,0.2996,0.0,
1071,-5.9499177,39.9286552,65.634,9.142,30.575,0.6065,0.9399,False,,,unavailable,0.7742,high,0.8823,0.6964,0.7224,0.0,
1072,-5.9489131,39.9286513,4.613,2.424,6.901,0.6324,0.9167,False,,,unavailable,0.7369,high,1.0,0.6235,0.5344,0.0,
1073,-5.9507482,39.9286243,9.017,3.388,11.055,0.2644,0.9348,False,,,unavailable,0.8291,high,0.9271,0.9999,0.5406,0.0,
1074,-5.9489734,39.9286238,12.372,3.969,11.86,0.498,0.9672,False,,,unavailable,0.8716,high,1.0,0.9364,0.6527,0.0,
1075,-5.9501684,39.928615,90.168,10.715,40.132,0.5557,0.9091,False,,,unavailable,0.4527,medium,0.7035,0.0,0.6044,0.0,
1076,-5.9506584,39.9286115,10.694,3.69,11.703,0.6674,0.9273,False,,,unavailable,0.7646,high,0.9813,0.7143,0.555,0.0,
1077,-5.9489077,39.9286171,20.131,5.063,21.005,0.8138,0.7559,False,,,unavailable,0.5624,medium,0.5734,0.4593,0.6522,0.0,
1078,-5.9494291,39.928608,13.211,4.101,12.73,0.5513,0.9403,False,,,unavailable,0.7967,high,1.0,0.7179,0.6316,0.0,
1079,-5.9507231,39.92861,7.968,3.185,10.139,0.6233,0.8261,False,,,unavailable,0.8006,high,0.974,0.8181,0.5751,0.0,
1080,-5.9493932,39.9286005,6.5,2.877,8.844,0.407,0.8857,False,,,unavailable,0.6422,medium,1.0,0.4047,0.4502,0.0,
1081,-5.9489565,39.9285907,11.953,3.901,11.592,0.5491,0.9661,False,,,unavailable,0.8961,high,1.0,0.9632,0.7043,0.0,
1082,-5.9488973,39.9285828,7.968,3.185,10.519,0.8686,0.9268,False,,,unavailable,0.712,high,0.905,0.7859,0.4066,0.0,
1083,-5.9494458,39.928577,11.743,3.867,12.508,0.5913,0.9032,False,,,unavailable,0.7997,high,0.9433,0.8974,0.5296,0.0,
1084,-5.9493728,39.9285751,24.954,5.637,23.2,0.6188,0.7727,False,,,unavailable,0.4016,low,0.5826,0.0,0.5858,0.0,
1085,-5.9503974,39.9285626,8.597,3.309,11.323,0.7269,0.9111,False,,,unavailable,0.7335,high,0.8426,0.9447,0.3915,0.0,
1086,-5.9493939,39.9285488,11.743,3.867,12.508,0.7641,0.9333,False,,,unavailable,0.8675,high,0.9433,0.9741,0.6699,0.0,
1087,-5.9499157,39.9285493,68.36,9.329,31.713,0.473,0.9235,False,,,unavailable,0.5657,medium,0.8541,0.0,0.7853,0.0,
1088,-5.9502588,39.9285357,3.145,2.001,5.717,0.7504,0.8824,False,,,unavailable,0.7441,high,1.0,0.7236,0.4576,0.0,
1089,-5.950812,39.9285246,46.133,7.664,26.533,0.5528,0.9244,False,,,unavailable,0.5099,medium,0.8235,0.0,0.6435,0.0,
1090,-5.9498593,39.9285295,7.339,3.057,9.76,0.8812,0.9211,False,,,unavailable,0.7234,high,0.9682,0.7293,0.4237,0.0,
1091,-5.949153,39.9285217,90.378,10.727,41.048,0.3384,0.8725,False,,,unavailable,0.4823,medium,0.674,0.0,0.7344,0.0,
1092,-5.948852,39.9285192,5.871,2.734,8.275,0.779,0.9032,False,,,unavailable,0.7347,high,1.0,0.4811,0.6699,0.0,
1093,-5.9499973,39.9285011,7.13,3.013,9.492,0.7525,0.9189,False,,,unavailable,0.7002,high,0.9944,0.7434,0.304,0.0,
1094,-5.9485378,39.9285022,17.614,4.736,17.42,0.7224,0.8936,False,,,unavailable,0.6106,medium,0.7294,0.5316,0.547,0.0,
1095,-5.9484991,39.9285006,4.404,2.368,8.007,0.8387,0.875,False,,,unavailable,0.6419,medium,0.8631,0.6317,0.3868,0.0,
1096,-5.9488564,39.9284872,41.31,7.252,25.189,0.4406,0.8914,False,,,unavailable,0.5041,medium,0.8182,0.0,0.6314,0.0,
1097,-5.9514609,39.9284655,2.936,1.933,5.449,0.8299,1.0,False,,,unavailable,0.7568,high,1.0,0.7481,0.4737,0.0,
1098,-5.9497464,39.9284627,23.066,5.419,18.019,0.4369,0.9167,False,,,unavailable,0.7318,high,0.8927,0.5146,0.7558,0.0,
1099,-5.9496989,39.9284565,13.84,4.198,14.071,0.7474,0.9041,False,,,unavailable,0.7517,high,0.8784,0.9149,0.4363,0.0,
1100,-5.9499747,39.9284446,13.001,4.069,12.239,0.4591,0.9538,False,,,unavailable,0.8927,high,1.0,0.9813,0.6753,0.0,
1101,-5.9514879,39.9284461,18.034,4.792,17.041,0.6579,0.8866,False,,,unavailable,0.5467,medium,0.7804,0.2394,0.5734,0.0,
1102,-5.95144,39.9284381,13.63,4.166,12.965,0.4643,0.9155,False,,,unavailable,0.7427,high,1.0,0.5172,0.6595,0.0,
1103,-5.9487547,39.928433,13.42,4.134,12.887,0.3723,0.9552,False,,,unavailable,0.8751,high,1.0,0.9358,0.6647,0.0,
1104,-5.9499144,39.9284266,9.646,3.505,10.297,0.4805,0.9787,False,,,unavailable,0.8752,high,1.0,0.8614,0.7392,0.0,
1105,-5.9516219,39.9284201,2.726,1.863,5.07,0.7297,0.9286,False,,,unavailable,0.7585,high,1.0,0.7357,0.4916,0.0,
1106,-5.948648,39.928406,11.533,3.832,11.703,0.3365,0.9483,False,,,unavailable,0.8978,high,1.0,0.9558,0.717,0.0,
1107,-5.9499613,39.9284013,13.211,4.101,12.239,0.4903,0.9692,True,,,unavailable,0.8825,high,1.0,0.9924,0.6316,0.0,
