{"features":[{"geometry":{"coordinates":[[[-5.9502527,39.9315947],[-5.9502822,39.9316091],[-5.9502688,39.9316194],[-5.9502339,39.9316174],[-5.9502527,39.9315947]]],"type":"Polygon"},"id":1,"properties":{"area_m2":7.13,"centroid_lonlat":[-5.9502582,39.9316092],"centroid_px":[286.971,2.971],"confidence":0.7894,"confidence_bucket":"high","detector_score":null,"eccentricity":0.7032,"equivalent_diameter_m":3.013,"height_m":null,"height_reason":"unavailable","id":1,"low_confidence_reason":null,"perimeter_m":9.665,"shadow_length_m":null,"signals":{"separation":0.6079,"shadow":0.0,"shape":0.9591,"size":0.7673},"solidity":0.9189,"touches_edge":true},"type":"Feature"},{"geometry":{"coordinates":[[[-5.9514436,39.9315783],[-5.951457,39.9315886],[-5.951457,39.9316009],[-5.9514382,39.9316194],[-5.9514222,39.9316194],[-5.9514141,39.931605],[-5.9513927,39.9315968],[-5.9514061,39.9315865],[-5.9514275,39.9315865],[-5.9514436,39.9315783]]],"type":"Polygon"},"id":2,"properties":{"area_m2":15.308,"centroid_lonlat":[-5.9514298,39.9315992],"centroid_px":[68.575,5.411],"confidence":0.7304,"confidence_bucket":"high","detector_score":null,"eccentricity":0.5879,"equivalent_diameter_m":4.415,"height_m":null,"height_reason":"unavailable","id":2,"low_confidence_reason":null,"perimeter_m":15.098,"shadow_length_m":null,"signals":{"separation":0.4639,"shadow":0.0,"shape":0.8439,"size":0.8607},"solidity":0.9012,"touches_edge":true},"type":"Feature"},{"geometry":{"coordinates":[[[-5.9509823,39.9315865],[-5.951001,39.9315968],[-5.951001,39.9316132],[-5.950993,39.9316194],[-5.9509823,39.9316112],[-5.9509715,39.9316194],[-5.9509635,39.9316132],[-5.9509823,39.9315865]]],"type":"Polygon"},"id":3,"properties":{"area_m2":8.178,"centroid_lonlat":[-5.9509838,39.9316039],"centroid_px":[151.718,4.282],"confidence":0.6054,"confidence_bucket":"medium","detector_score":null,"eccentricity":0.5138,"equivalent_diameter_m":3.227,"height_m":null,"height_reason":"unavailable","id":3,"low_confidence_reason":null,"perimeter_m":10.787,"shadow_length_m":null,"signals":{"separation":0.2838,"shadow":0.0,"shape":0.8832,"size":0.5936},"solidity":0.8864,"touches_edge":true},"type":"Feature"},{"geometry":{"coordinates":[[[-5.9517869,39.9315824],[-5.9518003,39.9315844],[-5.9517977,39.9316194],[-5.9517789,39.9316132],[-5.9517896,39.931605],[-5.9517789,39.9315927],[-5.9517869,39.9315824]]],"type":"Polygon"},"id":4,"properties":{"area_m2":5.871,"centroid_lonlat":[-5.9517915,39.9316005],"centroid_px":[1.143,5.107],"confidence":0.5638,"confidence_bucket":"medium","detector_score":null,"eccentricity":0.9295,"equivalent_diameter_m":2.734,"height_m":null,"height_reason":"unavailable","id":4,"low_confidence_reason":null,"perimeter_m":9.191,"shadow_length_m":null,"signals":{"separation":0.0,"shadow":0.0,"shape":0.8734,"size":0.7559},"solidity":0.8235,"touches_edge":true},"type":"Feature"},{"geometry":{"coordinates":[[[-5.9515348,39.9315865],[-5.9515429,39.9316009],[-5.9515294,39.9316071],[-5.9515214,39.9316009],[-5.9515348,39.9315865]]],"type":"Polygon"},"id":5,"properties":{"area_m2":2.516,"centroid_lonlat":[-5.951533,39.9315978],"centroid_px":[49.333,5.75],"confidence":0.5953,"confidence_bucket":"medium","detector_score":null,"eccentricity":0.7692,"equivalent_diameter_m":1.79,"height_m":null,"height_reason":"unavailable","id":5,"low_confidence_reason":null,"perimeter_m":5.354,"shadow_length_m":null,"signals":{"separation":0.0,"shadow":0.0,"shape":1.0,"size":0.7049},"solidity":0.8571,"touches_edge":false},"type":"Feature"},{"geometry":{"coordinates":[[[-5.9502071,39.9315886],[-5.950242,39.9315824],[-5.95025,39.9315886],[-5.95025,39.9316009],[-5.9502313,39.9316194],[-5.9502071,39.9316091],[-5.9502071,39.9315886]]],"type":"Polygon"},"id":6,"properties":{"area_m2":12.162,"centroid_lonlat":[-5.9502276,39.9315993],"centroid_px":[292.69,5.379],"confidence":0.8565,"confidence_bucket":"high","detector_score":null,"eccentricity":0.5699,"equivalent_diameter_m":3.935,"height_m":null,"height_reason":"unavailable","id":6,"low_confidence_reason":null,"perimeter_m":11.86,"shadow_length_m":null,"signals":{"separation":0.6583,"shadow":0.0,"shape":1.0,"size":0.8825},"solidity":0.9667,"touches_edge":true},"type":"Feature"},{"geometry":{"coordinates":[[[-5.9485951,39.9315824],[-5.9486327,39.9315824],[-5.9486353,39.9316009],[-5.9486273,39.9316071],[-5.9486005,39.9316071],[-5.9485924,39.9316009],[-5.9485951,39.9315824]]],"type":"Polygon"},"id":7,"properties":{"area_m2":9.646,"centroid_lonlat":[-5.9486139,39.9315943],"centroid_px":[593.5,6.609],"confidence":0.8114,"confidence_bucket":"high","detector_score":null,"eccentricity":0.6648,"equivalent_diameter_m":3.505,"height_m":null,"height_reason":"unavailable","id":7,"low_confidence_reason":null,"perimeter_m":10.454,"shadow_length_m":null,"signals":{"separation":0.5227,"shadow":0.0,"shape":1.0,"size":0.8739},"solidity":1.0,"touches_edge":false},"type":"Feature"},{"geometry":{"coordinates":[[[-5.9493676,39.93157],[-5.949389,39.93157],[-5.9494025,39.9315803],[-5.9493917,39.9315886],[-5.9493971,39.9316009],[-5.949389,39.9316071],[-5.9493676,39.9316071],[-5.9493542,39.9315968],[-5.9493542,39.9315803],[-5.9493676,39.93157]]],"type":"Polygon"},"id":8,"properties":{"area_m2":13.211,"centroid_lonlat":[-5.9493764,39.9315884],"centroid_px":[451.349,8.048],"confidence":0.785,"confidence_bucket":"high","detector_score":null,"eccentricity":0.4817,"equivalent_diameter_m":4.101,"height_m":null,"height_reason":"unavailable","id":8,"low_confidence_reason":null,"perimeter_m":12.887,"shadow_length_m":null,"signals":{"separation":0.4466,"shadow":0.0,"shape":0.9996,"size":0.8658},"solidity":0.9403,"touches_edge":false},"type":"Feature"},{"geometry":{"coordinates":[[[-5.9509233,39.93157],[-5.9509555,39.93157],[-5.9509635,39.9315844],[-5.9509796,39.9315886],[-5.9509608,39.9316153],[-5.9509501,39.931603],[-5.950934,39.931603],[-5.9509152,39.9315886],[-5.9509233,39.93157]]],"type":"Polygon"},"id":9,"properties":{"area_m2":16.356,"centroid_lonlat":[-5.9509453,39.9315884],"centroid_px":[158.897,8.038],"confidence":0.7169,"confidence_bucket":"high","detector_score":null,"eccentricity":0.7385,"equivalent_diameter_m":4.563,"height_m":null,"height_reason":"unavailable","id":9,"low_confidence_reason":null,"perimeter_m":16.266,"shadow_length_m":null,"signals":{"separation":0.6021,"shadow":0.0,"shape":0.7769,"size":0.7597},"solidity":0.8667,"touches_edge":false},"type":"Feature"},{"geometry":{"coordinates":[[[-5.9501562,39.9315824],[-5.9501749,39.9315844],[-5.9501803,39.9315968],[-5.9501722,39.931603],[-5.9501562,39.9315824]]],"type":"Polygon"},"id":10,"properties":{"area_m2":2.936,"centroid_lonlat":[-5.9501688,39.9315909],"centroid_px":[303.643,7.429],"confidence":0.5721,"confidence_bucket":"medium","detector_score":null,"eccentricity":0.8518,"equivalent_diameter_m":1.933,"height_m":null,"height_reason":"unavailable","id":10,"low_confidence_reason":null,"perimeter_m":6.08,"shadow_length_m":null,"signals":{"separation":0.0,"shadow":0.0,"shape":0.9978,"size":0.6334},"solidity":0.875,"touches_edge":false},"type":"Feature"},{"geometry":{"coordinates":[[[-5.948858,39.9315659],[-5.9488767,39.9315803],[-5.9488687,39.9315947],[-5.9488446,39.9315886],[-5.948858,39.9315659]]],"type":"Polygon"},"id":11,"properties":{"area_m2":6.081,"centroid_lonlat":[-5.9488607,39.9315827],"centroid_px":[547.483,9.414],"confidence":0.8029,"confidence_bucket":"high","detector_score":null,"eccentricity":0.5343,"equivalent_diameter_m":2.783,"height_m":null,"height_reason":"unavailable","id":11,"low_confidence_reason":null,"perimeter_m":8.197,"shadow_length_m":null,"signals":{"separation":0.6583,"shadow":0.0,"shape":1.0,"size":0.7109},"solidity":0.9667,"touches_edge":false},"type":"Feature"},{"geometry":{"coordinates":[[[-5.9510145,39.9315618],[-5.9510359,39.9315618],[-5.9510493,39.9315721],[-5.9510493,39.9315886],[-5.9510359,39.9315988],[-5.9510145,39.9315988],[-5.951001,39.9315886],[-5.951001,39.9315721],[-5.9510145,39.9315618]]],"type":"Polygon"},"id":12,"properties":{"area_m2":14.469,"centroid_lonlat":[-5.9510252,39.9315803],"centroid_px":[144.0,10.0],"confidence":0.8361,"confidence_bucket":"high","detector_score":null,"eccentricity":0.0,"equivalent_diameter_m":4.292,"height_m":null,"height_reason":"unavailable","id":12,"low_confidence_reason":null,"perimeter_m":12.508,"shadow_length_m":null,"signals":{"separation":0.8535,"shadow":0.0,"shape":1.0,"size":0.622},"solidity":1.0,"touches_edge":false},"type":"Feature"},{"geometry":{"coordinates":[[[-5.9482518,39.9315536],[-5.9482625,39.93157],[-5.9482732,39.9315618],[-5.9482947,39.9315618],[-5.9483027,39.931568],[-5.9482974,39.9315721],[-5.9483081,39.9315886],[-5.9482947,39.9315988],[-5.9482732,39.9315988],[-5.9482571,39.9315783],[-5.9482464,39.9315865],[-5.9482384,39.9315844],[-5.9482518,39.9315536]]],"type":"Polygon"},"id":13,"properties":{"area_m2":17.614,"centroid_lonlat":[-5.9482762,39.9315788],"centroid_px":[656.452,10.381],"confidence":0.6792,"confidence_bucket":"medium","detector_score":null,"eccentricity":0.7323,"equivalent_diameter_m":4.736,"height_m":null,"height_reason":"unavailable","id":13,"low_confidence_reason":null,"perimeter_m":17.94,"shadow_length_m":null,"signals":{"separation":0.5802,"shadow":0.0,"shape":0.6877,"size":0.7681},"solidity":0.7778,"touches_edge":false},"type":"Feature"},{"geometry":{"coordinates":[[[-5.9502634,39.9315577],[-5.9502849,39.9315577],[-5.9502983,39.9315721],[-5.9502983,39.9315844],[-5.9502769,39.9315968],[-5.9502795,39.9316071],[-5.95025,39.9315927],[-5.95025,39.931568],[-5.9502634,39.9315577]]],"type":"Polygon"},"id":14,"properties":{"area_m2":15.937,"centroid_lonlat":[-5.9502733,39.9315786],"centroid_px":[284.158,10.421],"confidence":0.8384,"confidence_bucket":"high","detector_score":null,"eccentricity":0.5697,"equivalent_diameter_m":4.505,"height_m":null,"height_reason":"unavailable","id":14,"low_confidence_reason":null,"perimeter_m":14.987,"shadow_length_m":null,"signals":{"separation":0.6429,"shadow":0.0,"shape":0.8916,"size":0.97},"solidity":0.9048,"touches_edge":false},"type":"Feature"},{"geometry":{"coordinates":[[[-5.9485468,39.9315536],[-5.9485736,39.9315536],[-5.9485817,39.9315598],[-5.9485817,39.9315762],[-5.9485683,39.9315947],[-5.9485361,39.9315947],[-5.9485227,39.9315803],[-5.9485468,39.9315536]]],"type":"Polygon"},"id":15,"properties":{"area_m2":18.243,"centroid_lonlat":[-5.9485543,39.931575],"centroid_px":[604.609,11.299],"confidence":0.7257,"confidence_bucket":"high","detector_score":null,"eccentricity":0.586,"equivalent_diameter_m":4.82,"height_m":null,"height_reason":"unavailable","id":15,"low_confidence_reason":null,"perimeter_m":15.366,"shadow_length_m":null,"signals":{"separation":0.7601,"shadow":0.0,"shape":0.9709,"size":0.3971},"solidity":0.9457,"touches_edge":false},"type":"Feature"},{"geometry":{"coordinates":[[[-5.9482411,39.9315495],[-5.9482491,39.9315515],[-5.9482491,39.931568],[-5.9482384,39.9315844],[-5.948225,39.9315865],[-5.9482169,39.931568],[-5.9482411,39.9315495]]],"type":"Polygon"},"id":16,"properties":{"area_m2":7.13,"centroid_lonlat":[-5.9482349,39.9315684],"centroid_px":[664.147,12.912],"confidence":0.5544,"confidence_bucket":"medium","detector_score":null,"eccentricity":0.8753,"equivalent_diameter_m":3.013,"height_m":null,"height_reason":"unavailable","id":16,"low_confidence_reason":null,"perimeter_m":10.028,"shadow_length_m":null,"signals":{"separation":0.4299,"shadow":0.0,"shape":0.8909,"size":0.2752},"solidity":0.8947,"touches_edge":false},"type":"Feature"},{"geometry":{"coordinates":[[[-5.9501883,39.931533],[-5.9502259,39.9315495],[-5.9502339,39.931568],[-5.9502152,39.9315865],[-5.950183,39.931603],[-5.9501749,39.9315844],[-5.9501562,39.9315824],[-5.9501481,39.9315721],[-5.9501481,39.9315433],[-5.9501776,39.9315413],[-5.9501883,39.931533]]],"type":"Polygon"},"id":17,"properties":{"area_m2":35.229,"centroid_lonlat":[-5.9501885,39.9315651],"centroid_px":[299.964,13.702],"confidence":0.506,"confidence_bucket":"medium","detector_score":null,"eccentricity":0.5512,"equivalent_diameter_m":6.697,"height_m":null,"height_reason":"unavailable","id":17,"low_confidence_reason":null,"perimeter_m":23.831,"shadow_length_m":null,"signals":{"separation":0.6837,"shadow":0.0,"shape":0.7795,"size":0.0},"solidity":0.8842,"touches_edge":false},"type":"Feature"},{"geometry":{"coordinates":[[[-5.9493139,39.931533],[-5.9493461,39.9315413],[-5.9493595,39.9315598],[-5.9493488,39.9315844],[-5.9493354,39.9315906],[-5.9493139,39.9315906],[-5.9492898,39.9315762],[-5.9492844,39.9315557],[-5.9493139,39.931533]]],"type":"Polygon"},"id":18,"properties":{"area_m2":29.776,"centroid_lonlat":[-5.9493224,39.9315625],"centroid_px":[461.415,14.324],"confidence":0.6087,"confidence_bucket":"medium","detector_score":null,"eccentricity":0.3809,"equivalent_diameter_m":6.157,"height_m":null,"height_reason":"unavailable","id":18,"low_confidence_reason":null,"perimeter_m":19.788,"shadow_length_m":null,"signals":{"separation":0.801,"shadow":0.0,"shape":0.9556,"size":0.0},"solidity":0.9221,"touches_edge":false},"type":"Feature"},{"geometry":{"coordinates":[[[-5.9485871,39.9315557],[-5.9486112,39.9315454],[-5.94863,39.9315598],[-5.9486327,39.9315824],[-5.9485978,39.9315803],[-5.9485871,39.9315557]]],"type":"Polygon"},"id":19,"properties":{"area_m2":12.372,"centroid_lonlat":[-5.9486097,39.9315652],"centroid_px":[594.288,13.678],"confidence":0.8658,"confidence_bucket":"high","detector_score":null,"eccentricity":0.6808,"equivalent_diameter_m":3.969,"height_m":null,"height_reason":"unavailable","id":19,"low_confidence_reason":null,"perimeter_m":12.413,"shadow_length_m":null,"signals":{"separation":0.6527,"shadow":0.0,"shape":1.0,"size":0.9178},"solidity":0.9516,"touches_edge":false},"type":"Feature"},{"geometry":{"coordinates":[[[-5.9513149,39.9315371],[-5.9513336,39.9315515],[-5.9513256,39.9315618],[-5.9513122,39.9315515],[-5.9513149,39.9315371]]],"type":"Polygon"},"id":20,"properties":{"area_m2":3.355,"centroid_lonlat":[-5.9513219,39.931549],"centroid_px":[88.688,17.625],"confidence":0.6051,"confidence_bucket":"medium","detector_score":null,"eccentricity":0.8596,"equivalent_diameter_m":2.067,"height_m":null,"height_reason":"unavailable","id":20,"low_confidence_reason":null,"perimeter_m":5.986,"shadow_length_m":null,"signals":{"separation":0.4431,"shadow":0.0,"shape":1.0,"size":0.2933},"solidity":0.9412,"touches_edge":false},"type":"Feature"},{"geometry":{"coordinates":[[[-5.9509447,39.931533],[-5.9509796,39.9315392],[-5.9509796,39.9315598],[-5.9509662,39.93157],[-5.9509259,39.931568],[-5.9509367,39.9315639],[-5.9509313,39.9315433],[-5.9509447,39.931533]]],"type":"Polygon"},"id":21,"properties":{"area_m2":15.308,"centroid_lonlat":[-5.9509549,39.931552],"centroid_px":[157.11,16.877],"confidence":0.8031,"confidence_bucket":"high","detector_score":null,"eccentricity":0.4887,"equivalent_diameter_m":4.415,"height_m":null,"height_reason":"unavailable","id":21,"low_confidence_reason":null,"perimeter_m":13.597,"shadow_length_m":null,"signals":{"separation":0.8298,"shadow":0.0,"shape":1.0,"size":0.5402},"solidity":0.9359,"touches_edge":false},"type":"Feature"},{"geometry":{"coordinates":[[[-5.9483752,39.9315289],[-5.9483832,39.931531],[-5.9483939,39.9315557],[-5.9483591,39.9315783],[-5.9483349,39.9315639],[-5.9483457,39.9315474],[-5.9483752,39.9315289]]],"type":"Polygon"},"id":22,"properties":{"area_m2":15.937,"centroid_lonlat":[-5.9483661,39.9315538],"centroid_px":[639.697,16.447],"confidence":0.8016,"confidence_bucket":"high","detector_score":null,"eccentricity":0.7305,"equivalent_diameter_m":4.505,"height_m":null,"height_reason":"unavailable","id":22,"low_confidence_reason":null,"perimeter_m":15.288,"shadow_length_m":null,"signals":{"separation":0.6429,"shadow":0.0,"shape":0.8569,"size":0.8938},"solidity":0.8837,"touches_edge":false},"type":"Feature"},{"geometry":{"coordinates":[[[-5.9510252,39.9315207],[-5.9510493,39.931531],[-5.9510547,39.9315515],[-5.9510466,39.9315577],[-5.9510252,39.9315577],[-5.9510118,39.9315474],[-5.9510118,39.931531],[-5.9510252,39.9315207]]],"type":"Polygon"},"id":23,"properties":{"area_m2":11.953,"centroid_lonlat":[-5.9510324,39.9315404],"centroid_px":[142.649,19.702],"confidence":0.843,"confidence_bucket":"high","detector_score":null,"eccentricity":0.612,"equivalent_diameter_m":3.901,"height_m":null,"height_reason":"unavailable","id":23,"low_confidence_reason":null,"perimeter_m":11.592,"shadow_length_m":null,"signals":{"separation":0.7043,"shadow":0.0,"shape":1.0,"size":0.7932},"solidity":0.9828,"touches_edge":false},"type":"Feature"},{"geometry":{"coordinates":[[[-5.9500489,39.9314754],[-5.9500918,39.931496],[-5.9501132,39.9314878],[-5.9501481,39.9315227],[-5.9501481,39.931568],[-5.9501293,39.93157],[-5.9501025,39.9315906],[-5.9500596,39.9315659],[-5.9500435,39.9315742],[-5.9500033,39.9315515],[-5.950014,39.9315392],[-5.9500033,39.9315145],[-5.9500489,39.9314754]]],"type":"Polygon"},"id":24,"properties":{"area_m2":104.847,"centroid_lonlat":[-5.950078,39.9315333],"centroid_px":[320.568,21.442],"confidence":0.4481,"confidence_bucket":"low","detector_score":null,"eccentricity":0.6007,"equivalent_diameter_m":11.554,"height_m":null,"height_reason":"unavailable","id":24,"low_confidence_reason":"Low confidence: this crown is far larger or smaller than its neighbours, so it is likely merged with, or split from, another crown.","perimeter_m":43.638,"shadow_length_m":null,"signals":{"separation":0.6037,"shadow":0.0,"shape":0.6919,"size":0.0},"solidity":0.8865,"touches_edge":false},"type":"Feature"},{"geometry":{"coordinates":[[[-5.9482732,39.9315083],[-5.9483054,39.9315125],[-5.9483188,39.9315227],[-5.9483188,39.9315392],[-5.9483054,39.9315495],[-5.9482598,39.9315433],[-5.9482759,39.931531],[-5.9482732,39.9315083]]],"type":"Polygon"},"id":25,"properties":{"area_m2":15.308,"centroid_lonlat":[-5.9482933,39.931531],"centroid_px":[653.26,21.986],"confidence":0.7961,"confidence_bucket":"high","detector_score":null,"eccentricity":0.2814,"equivalent_diameter_m":4.415,"height_m":null,"height_reason":"unavailable","id":25,"low_confidence_reason":null,"perimeter_m":15.35,"shadow_length_m":null,"signals":{"separation":0.6224,"shadow":0.0,"shape":0.8164,"size":0.9455},"solidity":0.8202,"touches_edge":false},"type":"Feature"},{"geometry":{"coordinates":[[[-5.9482679,39.9315083],[-5.9482759,39.931531],[-5.9482571,39.9315413],[-5.9482491,39.931531],[-5.9482679,39.9315083]]],"type":"Polygon"},"id":26,"properties":{"area_m2":5.452,"centroid_lonlat":[-5.9482635,39.9315264],"centroid_px":[658.808,23.115],"confidence":0.5249,"confidence_bucket":"medium","detector_score":null,"eccentricity":0.8342,"equivalent_diameter_m":2.635,"height_m":null,"height_reason":"unavailable","id":26,"low_confidence_reason":null,"perimeter_m":8.007,"shadow_length_m":null,"signals":{"separation":0.3476,"shadow":0.0,"shape":1.0,"size":0.132},"solidity":0.9286,"touches_edge":false},"type":"Feature"},{"geometry":{"coordinates":[[[-5.9509608,39.9315125],[-5.9509823,39.9315125],[-5.9509903,39.9315186],[-5.9509823,39.9315371],[-5.950942,39.931531],[-5.950942,39.9315227],[-5.9509608,39.9315125]]],"type":"Polygon"},"id":27,"properties":{"area_m2":8.807,"centroid_lonlat":[-5.950968,39.9315247],"centroid_px":[154.667,23.524],"confidence":0.6691,"confidence_bucket":"medium","detector_score":null,"eccentricity":0.8065,"equivalent_diameter_m":3.349,"height_m":null,"height_reason":"unavailable","id":27,"low_confidence_reason":null,"perimeter_m":10.944,"shadow_length_m":null,"signals":{"separation":0.3868,"shadow":0.0,"shape":0.924,"size":0.6454},"solidity":0.913,"touches_edge":false},"type":"Feature"},{"geometry":{"coordinates":[[[-5.9495178,39.9315083],[-5.9495258,39.9315227],[-5.9495124,39.931533],[-5.9495044,39.9315227],[-5.9495178,39.9315083]]],"type":"Polygon"},"id":28,"properties":{"area_m2":3.145,"centroid_lonlat":[-5.9495156,39.9315208],"centroid_px":[425.4,24.467],"confidence":0.7445,"confidence_bucket":"high","detector_score":null,"eccentricity":0.8215,"equivalent_diameter_m":2.001,"height_m":null,"height_reason":"unavailable","id":28,"low_confidence_reason":null,"perimeter_m":5.717,"shadow_length_m":null,"signals":{"separation":0.4576,"shadow":0.0,"shape":1.0,"size":0.7248},"solidity":0.9375,"touches_edge":false},"type":"Feature"},{"geometry":{"coordinates":[[[-5.9495661,39.9315083],[-5.9495822,39.9315083],[-5.9495902,39.9315145],[-5.9495714,39.9315207],[-5.9495661,39.9315083]]],"type":"Polygon"},"id":29,"properties":{"area_m2":2.516,"centroid_lonlat":[-5.9495759,39.9315142],"centroid_px":[414.167,26.083],"confidence":0.7404,"confidence_bucket":"high","detector_score":null,"eccentricity":0.795,"equivalent_diameter_m":1.79,"height_m":null,"height_reason":"unavailable","id":29,"low_confidence_reason":null,"perimeter_m":4.69,"shadow_length_m":null,"signals":{"separation":0.5117,"shadow":0.0,"shape":1.0,"size":0.6576},"solidity":1.0,"touches_edge":false},"type":"Feature"},{"geometry":{"coordinates":[[[-5.948343,39.931496],[-5.9483591,39.9315001],[-5.9483725,39.9315186],[-5.9483725,39.931531],[-5.9483483,39.9315454],[-5.948351,39.9315351],[-5.9483296,39.9315227],[-5.9483296,39.9315063],[-5.948343,39.931496]]],"type":"Polygon"},"id":30,"properties":{"area_m2":13.001,"centroid_lonlat":[-5.9483507,39.9315181],"centroid_px":[642.565,25.129],"confidence":0.7721,"confidence_bucket":"high","detector_score":null,"eccentricity":0.7208,"equivalent_diameter_m":4.069,"height_m":null,"height_reason":"unavailable","id":30,"low_confidence_reason":null,"perimeter_m":13.613,"shadow_length_m":null,"signals":{"separation":0.6367,"shadow":0.0,"shape":0.8816,"size":0.7763},"solidity":0.8857,"touches_edge":false},"type":"Feature"},{"geometry":{"coordinates":[[[-5.951744,39.931496],[-5.9517574,39.9315063],[-5.9517387,39.9315166],[-5.9517306,39.9315063],[-5.951744,39.931496]]],"type":"Polygon"},"id":31,"properties":{"area_m2":3.145,"centroid_lonlat":[-5.9517429,39.9315071],"centroid_px":[10.2,27.8],"confidence":0.7292,"confidence_bucket":"high","detector_score":null,"eccentricity":0.5585,"equivalent_diameter_m":2.001,"height_m":null,"height_reason":"unavailable","id":31,"low_confidence_reason":null,"perimeter_m":5.449,"shadow_length_m":null,"signals":{"separation":0.6472,"shadow":0.0,"shape":1.0,"size":0.4861},"solidity":1.0,"touches_edge":false},"type":"Feature"},{"geometry":{"coordinates":[[[-5.9517011,39.9314878],[-5.9517199,39.9314939],[-5.9517172,39.9315248],[-5.9516957,39.9315248],[-5.9516823,39.9315145],[-5.9516823,39.9315022],[-5.9517011,39.9314878]]],"type":"Polygon"},"id":32,"properties":{"area_m2":10.904,"centroid_lonlat":[-5.9517028,39.9315073],"centroid_px":[17.692,27.75],"confidence":0.7829,"confidence_bucket":"high","detector_score":null,"eccentricity":0.6423,"equivalent_diameter_m":3.726,"height_m":null,"height_reason":"unavailable","id":32,"low_confidence_reason":null,"perimeter_m":11.592,"shadow_length_m":null,"signals":{"separation":0.4916,"shadow":0.0,"shape":1.0,"size":0.8136},"solidity":0.9811,"touches_edge":false},"type":"Feature"},{"geometry":{"coordinates":[[[-5.9509233,39.9314754],[-5.9509635,39.9314857],[-5.9509179,39.9315125],[-5.9508938,39.9315022],[-5.9508938,39.9314898],[-5.9509233,39.9314754]]],"type":"Polygon"},"id":33,"properties":{"area_m2":14.259,"centroid_lonlat":[-5.9509227,39.9314933],"centroid_px":[163.103,31.147],"confidence":0.7312,"confidence_bucket":"high","detector_score":null,"eccentricity":0.7977,"equivalent_diameter_m":4.261,"height_m":null,"height_reason":"unavailable","id":33,"low_confidence_reason":null,"perimeter_m":14.83,"shadow_length_m":null,"signals":{"separation":0.6079,"shadow":0.0,"shape":0.8148,"size":0.7542},"solidity":0.9067,"touches_edge":false},"type":"Feature"},{"geometry":{"coordinates":[[[-5.9496143,39.9314631],[-5.9496439,39.9314652],[-5.9496439,39.9314981],[-5.9496197,39.9315166],[-5.9495607,39.9315083],[-5.9495661,39.931496],[-5.9495902,39.9314939],[-5.9495902,39.9314857],[-5.9495795,39.9314857],[-5.9495902,39.9314693],[-5.9495983,39.9314754],[-5.9496143,39.9314631]]],"type":"Polygon"},"id":34,"properties":{"area_m2":26.631,"centroid_lonlat":[-5.9496096,39.9314914],"centroid_px":[407.882,31.614],"confidence":0.3644,"confidence_bucket":"low","detector_score":null,"eccentricity":0.7425,"equivalent_diameter_m":5.823,"height_m":null,"height_reason":"unavailable","id":34,"low_confidence_reason":"Low confidence: this crown is far larger or smaller than its neighbours, so it is likely merged with, or split from, another crown.","perimeter_m":24.937,"shadow_length_m":null,"signals":{"separation":0.4718,"shadow":0.0,"shape":0.5382,"size":0.0484},"solidity":0.784,"touches_edge":false},"type":"Feature"},{"geometry":{"coordinates":[[[-5.9509394,39.9314549],[-5.9509635,39.9314652],[-5.9509608,39.9314837],[-5.9509206,39.9314734],[-5.9509206,39.9314652],[-5.9509394,39.9314549]]],"type":"Polygon"},"id":35,"properties":{"area_m2":9.227,"centroid_lonlat":[-5.9509436,39.9314697],"centroid_px":[159.205,36.886],"confidence":0.7994,"confidence_bucket":"high","detector_score":null,"eccentricity":0.6304,"equivalent_diameter_m":3.427,"height_m":null,"height_reason":"unavailable","id":35,"low_confidence_reason":null,"perimeter_m":10.297,"shadow_length_m":null,"signals":{"separation":0.5975,"shadow":0.0,"shape":1.0,"size":0.7607},"solidity":0.9565,"touches_edge":false},"type":"Feature"},{"geometry":{"coordinates":[[[-5.9514007,39.9314508],[-5.9514141,39.9314569],[-5.9514087,39.9314652],[-5.9514329,39.9314837],[-5.9514651,39.9314878],[-5.9514785,39.9315104],[-5.951457,39.9315557],[-5.9514302,39.931568],[-5.9514409,39.9315803],[-5.9514275,39.9315865],[-5.9514007,39.9315865],[-5.9514034,39.9315762],[-5.9513792,39.9315577],[-5.9513631,39.9315618],[-5.9513363,39.931533],[-5.9513256,39.9315413],[-5.9513122,39.9315351],[-5.9513122,39.9315104],[-5.9513283,39.9314898],[-5.9513685,39.931459],[-5.9514007,39.9314508]]],"type":"Polygon"},"id":36,"properties":{"area_m2":126.445,"centroid_lonlat":[-5.9513975,39.9315179],"centroid_px":[74.587,25.187],"confidence":0.2518,"confidence_bucket":"low","detector_score":null,"eccentricity":0.5164,"equivalent_diameter_m":12.688,"height_m":null,"height_reason":"unavailable","id":36,"low_confidence_reason":"Low confidence: this crown is far larger or smaller than its neighbours, so it is likely merged with, or split from, another crown.","perimeter_m":54.393,"shadow_length_m":null,"signals":{"separation":0.1614,"shadow":0.0,"shape":0.5371,"size":0.0},"solidity":0.859,"touches_edge":false},"type":"Feature"},{"geometry":{"coordinates":[[[-5.9508964,39.9314343],[-5.9508884,39.9314528],[-5.9508991,39.931461],[-5.9508991,39.9314775],[-5.9508857,39.9314878],[-5.9508643,39.9314878],[-5.9508508,39.9314775],[-5.9508508,39.931461],[-5.9508616,39.9314528],[-5.9508508,39.9314405],[-5.9508964,39.9314343]]],"type":"Polygon"},"id":37,"properties":{"area_m2":19.082,"centroid_lonlat":[-5.9508752,39.931463],"centroid_px":[171.956,38.516],"confidence":0.4326,"confidence_bucket":"low","detector_score":null,"eccentricity":0.7312,"equivalent_diameter_m":4.929,"height_m":null,"height_reason":"unavailable","id":37,"low_confidence_reason":"Low confidence: this crown is far larger or smaller than its neighbours, so it is likely merged with, or split from, another crown.","perimeter_m":18.303,"shadow_length_m":null,"signals":{"separation":0.5255,"shadow":0.0,"shape":0.7158,"size":0.0},"solidity":0.8505,"touches_edge":false},"type":"Feature"},{"geometry":{"coordinates":[[[-5.9512183,39.9314508],[-5.9512371,39.9314569],[-5.9512371,39.9314775],[-5.951229,39.9314837],[-5.9512076,39.9314837],[-5.9511942,39.9314734],[-5.9511942,39.9314652],[-5.9512183,39.9314508]]],"type":"Polygon"},"id":38,"properties":{"area_m2":10.485,"centroid_lonlat":[-5.951217,39.9314681],"centroid_px":[108.24,37.28],"confidence":0.8389,"confidence_bucket":"high","detector_score":null,"eccentricity":0.4406,"equivalent_diameter_m":3.654,"height_m":null,"height_reason":"unavailable","id":38,"low_confidence_reason":null,"perimeter_m":11.323,"shadow_length_m":null,"signals":{"separation":0.5013,"shadow":0.0,"shape":1.0,"size":0.9831},"solidity":0.9434,"touches_edge":false},"type":"Feature"},{"geometry":{"coordinates":[[[-5.9502044,39.9314384],[-5.9502152,39.9314384],[-5.9502339,39.9314569],[-5.9502152,39.9314878],[-5.9502044,39.9314796],[-5.9501776,39.9314837],[-5.9501588,39.931461],[-5.9501722,39.9314425],[-5.9501883,39.9314508],[-5.9502044,39.9314384]]],"type":"Polygon"},"id":39,"properties":{"area_m2":23.066,"centroid_lonlat":[-5.9501976,39.9314625],"centroid_px":[298.273,38.655],"confidence":0.6188,"confidence_bucket":"medium","detector_score":null,"eccentricity":0.5977,"equivalent_diameter_m":5.419,"height_m":null,"height_reason":"unavailable","id":39,"low_confidence_reason":null,"perimeter_m":20.011,"shadow_length_m":null,"signals":{"separation":0.478,"shadow":0.0,"shape":0.7239,"size":0.6334},"solidity":0.8527,"touches_edge":false},"type":"Feature"},{"geometry":{"coordinates":[[[-5.9495419,39.9314487],[-5.9495822,39.9314425],[-5.9495956,39.9314528],[-5.9495956,39.9314652],[-5.9495768,39.9314878],[-5.94955,39.9314878],[-5.9495366,39.9314775],[-5.9495366,39.931461],[-5.9495473,39.9314528],[-5.9495419,39.9314487]]],"type":"Polygon"},"id":40,"properties":{"area_m2":20.55,"centroid_lonlat":[-5.9495654,39.9314648],"centroid_px":[416.122,38.092],"confidence":0.6938,"confidence_bucket":"medium","detector_score":null,"eccentricity":0.5561,"equivalent_diameter_m":5.115,"height_m":null,"height_reason":"unavailable","id":40,"low_confidence_reason":null,"perimeter_m":16.092,"shadow_length_m":null,"signals":{"separation":0.7382,"shadow":0.0,"shape":0.9972,"size":0.2852},"solidity":0.9515,"touches_edge":false},"type":"Feature"},{"geometry":{"coordinates":[[[-5.9485307,39.9314466],[-5.9485629,39.9314466],[-5.9485656,39.9314569],[-5.9485415,39.9314713],[-5.9485227,39.9314569],[-5.9485307,39.9314466]]],"type":"Polygon"},"id":41,"properties":{"area_m2":6.92,"centroid_lonlat":[-5.9485444,39.9314561],"centroid_px":[606.455,40.212],"confidence":0.6812,"confidence_bucket":"medium","detector_score":null,"eccentricity":0.7481,"equivalent_diameter_m":2.968,"height_m":null,"height_reason":"unavailable","id":41,"low_confidence_reason":null,"perimeter_m":9.112,"shadow_length_m":null,"signals":{"separation":0.4363,"shadow":0.0,"shape":1.0,"size":0.5435},"solidity":0.9706,"touches_edge":false},"type":"Feature"},{"geometry":{"coordinates":[[[-5.9517977,39.9314466],[-5.9518003,39.9314652],[-5.9517923,39.9314672],[-5.9517843,39.9314569],[-5.9517977,39.9314466]]],"type":"Polygon"},"id":42,"properties":{"area_m2":2.307,"centroid_lonlat":[-5.9517938,39.931458],"centroid_px":[0.727,39.727],"confidence":0.6739,"confidence_bucket":"medium","detector_score":null,"eccentricity":0.803,"equivalent_diameter_m":1.714,"height_m":null,"height_reason":"unavailable","id":42,"low_confidence_reason":null,"perimeter_m":4.69,"shadow_length_m":null,"signals":{"separation":0.5344,"shadow":0.0,"shape":1.0,"size":0.422},"solidity":1.0,"touches_edge":true},"type":"Feature"},{"geometry":{"coordinates":[[[-5.9485844,39.9314384],[-5.9486058,39.9314384],[-5.9486139,39.9314446],[-5.9486139,39.931461],[-5.9485951,39.9314713],[-5.9485656,39.9314528],[-5.9485844,39.9314384]]],"type":"Polygon"},"id":43,"properties":{"area_m2":9.856,"centroid_lonlat":[-5.9485942,39.9314526],"centroid_px":[597.17,41.043],"confidence":0.88,"confidence_bucket":"high","detector_score":null,"eccentricity":0.4891,"equivalent_diameter_m":3.542,"height_m":null,"height_reason":"unavailable","id":43,"low_confidence_reason":null,"perimeter_m":10.866,"shadow_length_m":null,"signals":{"separation":0.7313,"shadow":0.0,"shape":1.0,"size":0.8849},"solidity":0.94,"touches_edge":false},"type":"Feature"},{"geometry":{"coordinates":[[[-5.9496036,39.9314425],[-5.9496197,39.9314425],[-5.9496492,39.9314569],[-5.9496304,39.9314672],[-5.949609,39.9314672],[-5.9496009,39.931461],[-5.9496036,39.9314425]]],"type":"Polygon"},"id":44,"properties":{"area_m2":7.759,"centroid_lonlat":[-5.9496209,39.9314557],"centroid_px":[405.784,40.297],"confidence":0.709,"confidence_bucket":"high","detector_score":null,"eccentricity":0.8093,"equivalent_diameter_m":3.143,"height_m":null,"height_reason":"unavailable","id":44,"low_confidence_reason":null,"perimeter_m":11.055,"shadow_length_m":null,"signals":{"separation":0.4121,"shadow":0.0,"shape":0.7977,"size":0.8996},"solidity":0.8605,"touches_edge":false},"type":"Feature"},{"geometry":{"coordinates":[[[-5.9509072,39.9314384],[-5.9509394,39.9314384],[-5.9509474,39.9314528],[-5.9509179,39.9314672],[-5.9509045,39.9314569],[-5.9509072,39.9314384]]],"type":"Polygon"},"id":45,"properties":{"area_m2":8.388,"centroid_lonlat":[-5.9509239,39.93145],"centroid_px":[162.875,41.675],"confidence":0.7348,"confidence_bucket":"high","detector_score":null,"eccentricity":0.695,"equivalent_diameter_m":3.268,"height_m":null,"height_reason":"unavailable","id":45,"low_confidence_reason":null,"perimeter_m":10.676,"shadow_length_m":null,"signals":{"separation":0.2802,"shadow":0.0,"shape":0.9248,"size":0.9615},"solidity":0.9302,"touches_edge":false},"type":"Feature"},{"geometry":{"coordinates":[[[-5.9494266,39.931422],[-5.9494588,39.931422],[-5.9494722,39.9314322],[-5.9494722,39.9314487],[-5.9494534,39.9314672],[-5.9494266,39.9314672],[-5.9494132,39.9314569],[-5.9494132,39.9314322],[-5.9494266,39.931422]]],"type":"Polygon"},"id":46,"properties":{"area_m2":21.598,"centroid_lonlat":[-5.9494414,39.9314437],"centroid_px":[439.233,43.204],"confidence":0.6065,"confidence_bucket":"medium","detector_score":null,"eccentricity":0.4275,"equivalent_diameter_m":5.244,"height_m":null,"height_reason":"unavailable","id":46,"low_confidence_reason":null,"perimeter_m":15.903,"shadow_length_m":null,"signals":{"separation":0.741,"shadow":0.0,"shape":1.0,"size":0.0},"solidity":0.981,"touches_edge":false},"type":"Feature"},{"geometry":{"coordinates":[[[-5.9486595,39.9313973],[-5.9486809,39.9314137],[-5.9487131,39.931422],[-5.9487212,39.9314322],[-5.9487212,39.9314446],[-5.948697,39.9314631],[-5.9486702,39.9314631],[-5.9486568,39.9314528],[-5.9486514,39.9314364],[-5.9486353,39.9314281],[-5.948638,39.9314178],[-5.9486568,39.9314158],[-5.9486595,39.9313973]]],"type":"Polygon"},"id":47,"properties":{"area_m2":31.244,"centroid_lonlat":[-5.9486798,39.9314337],"centroid_px":[581.208,45.651],"confidence":0.4467,"confidence_bucket":"low","detector_score":null,"eccentricity":0.687,"equivalent_diameter_m":6.307,"height_m":null,"height_reason":"unavailable","id":47,"low_confidence_reason":"Low confidence: this crown is far larger or smaller than its neighbours, so it is likely merged with, or split from, another crown.","perimeter_m":23.563,"shadow_length_m":null,"signals":{"separation":0.5808,"shadow":0.0,"shape":0.7072,"size":0.0},"solidity":0.8663,"touches_edge":false},"type":"Feature"},{"geometry":{"coordinates":[[[-5.9495124,39.931422],[-5.9495312,39.9314364],[-5.9495178,39.9314549],[-5.9495044,39.9314487],[-5.9495044,39.9314281],[-5.9495124,39.931422]]],"type":"Polygon"},"id":48,"properties":{"area_m2":6.5,"centroid_lonlat":[-5.9495164,39.9314386],"centroid_px":[425.258,44.452],"confidence":0.8142,"confidence_bucket":"high","detector_score":null,"eccentricity":0.7796,"equivalent_diameter_m":2.877,"height_m":null,"height_reason":"unavailable","id":48,"low_confidence_reason":null,"perimeter_m":8.465,"shadow_length_m":null,"signals":{"separation":0.6367,"shadow":0.0,"shape":1.0,"size":0.7689},"solidity":0.9688,"touches_edge":false},"type":"Feature"},{"geometry":{"coordinates":[[[-5.9494802,39.9314261],[-5.9495044,39.9314281],[-5.9495044,39.9314528],[-5.9494963,39.931459],[-5.9494856,39.9314466],[-5.9494722,39.9314446],[-5.9494802,39.9314261]]],"type":"Polygon"},"id":49,"properties":{"area_m2":7.339,"centroid_lonlat":[-5.9494902,39.9314392],"centroid_px":[430.143,44.314],"confidence":0.7671,"confidence_bucket":"high","detector_score":null,"eccentricity":0.629,"equivalent_diameter_m":3.057,"height_m":null,"height_reason":"unavailable","id":49,"low_confidence_reason":null,"perimeter_m":9.727,"shadow_length_m":null,"signals":{"separation":0.4237,"shadow":0.0,"shape":0.9747,"size":0.8613},"solidity":0.8974,"touches_edge":false},"type":"Feature"},{"geometry":{"coordinates":[[[-5.9510574,39.9314137],[-5.9510896,39.9314137],[-5.951103,39.931424],[-5.951103,39.9314364],[-5.9510842,39.9314508],[-5.9510788,39.9314466],[-5.9510681,39.9314549],[-5.951044,39.9314446],[-5.951044,39.931424],[-5.9510574,39.9314137]]],"type":"Polygon"},"id":50,"properties":{"area_m2":17.614,"centroid_lonlat":[-5.9510724,39.9314318],"centroid_px":[135.19,46.107],"confidence":0.5553,"confidence_bucket":"medium","detector_score":null,"eccentricity":0.5868,"equivalent_diameter_m":4.736,"height_m":null,"height_reason":"unavailable","id":50,"low_confidence_reason":null,"perimeter_m":15.098,"shadow_length_m":null,"signals":{"separation":0.6116,"shadow":0.0,"shape":0.971,"size":0.0},"solidity":0.9438,"touches_edge":false},"type":"Feature"},{"geometry":{"coordinates":[[[-5.9483752,39.9314137],[-5.948402,39.9314137],[-5.9484154,39.9314281],[-5.9484154,39.9314364],[-5.9483913,39.9314549],[-5.9483752,39.9314549],[-5.9483618,39.9314446],[-5.9483618,39.931424],[-5.9483752,39.9314137]]],"type":"Polygon"},"id":51,"properties":{"area_m2":16.775,"centroid_lonlat":[-5.9483868,39.9314333],"centroid_px":[635.837,45.75],"confidence":0.8581,"confidence_bucket":"high","detector_score":null,"eccentricity":0.4637,"equivalent_diameter_m":4.622,"height_m":null,"height_reason":"unavailable","id":51,"low_confidence_reason":null,"perimeter_m":13.803,"shadow_length_m":null,"signals":{"separation":0.7927,"shadow":0.0,"shape":1.0,"size":0.7532},"solidity":0.9877,"touches_edge":false},"type":"Feature"},{"geometry":{"coordinates":[[[-5.9517226,39.9314137],[-5.9517494,39.9314137],[-5.9517574,39.931424],[-5.9517387,39.9314466],[-5.9517092,39.9314405],[-5.9517092,39.931424],[-5.9517226,39.9314137]]],"type":"Polygon"},"id":52,"properties":{"area_m2":11.533,"centroid_lonlat":[-5.9517317,39.931429],"centroid_px":[12.291,46.782],"confidence":0.8234,"confidence_bucket":"high","detector_score":null,"eccentricity":0.5567,"equivalent_diameter_m":3.832,"height_m":null,"height_reason":"unavailable","id":52,"low_confidence_reason":null,"perimeter_m":12.239,"shadow_length_m":null,"signals":{"separation":0.717,"shadow":0.0,"shape":0.9675,"size":0.7569},"solidity":0.9322,"touches_edge":false},"type":"Feature"},{"geometry":{"coordinates":[[[-5.9508911,39.9314178],[-5.9508991,39.931424],[-5.9508911,39.9314384],[-5.9508508,39.9314364],[-5.9508911,39.9314178]]],"type":"Polygon"},"id":53,"properties":{"area_m2":6.081,"centroid_lonlat":[-5.9508787,39.9314305],"centroid_px":[171.31,46.414],"confidence":0.6805,"confidence_bucket":"medium","detector_score":null,"eccentricity":0.8975,"equivalent_diameter_m":2.783,"height_m":null,"height_reason":"unavailable","id":53,"low_confidence_reason":null,"perimeter_m":9.381,"shadow_length_m":null,"signals":{"separation":0.3291,"shadow":0.0,"shape":0.8684,"size":0.8062},"solidity":0.9355,"touches_edge":false},"type":"Feature"},{"geometry":{"coordinates":[[[-5.9504995,39.9314014],[-5.9505048,39.9314178],[-5.9505156,39.9314096],[-5.9505343,39.9314117],[-5.9505397,39.9314364],[-5.9505317,39.9314425],[-5.9504861,39.9314405],[-5.9504807,39.931424],[-5.9504995,39.9314014]]],"type":"Polygon"},"id":54,"properties":{"area_m2":15.937,"centroid_lonlat":[-5.9505099,39.9314258],"centroid_px":[240.066,47.579],"confidence":0.4863,"confidence_bucket":"medium","detector_score":null,"eccentricity":0.6234,"equivalent_diameter_m":4.505,"height_m":null,"height_reason":"unavailable","id":54,"low_confidence_reason":null,"perimeter_m":17.577,"shadow_length_m":null,"signals":{"separation":0.2875,"shadow":0.0,"shape":0.6482,"size":0.4909},"solidity":0.8444,"touches_edge":false},"type":"Feature"},{"geometry":{"coordinates":[[[-5.9503761,39.9313726],[-5.9503922,39.9313808],[-5.9504405,39.9313767],[-5.9504646,39.9313911],[-5.9504646,39.9314076],[-5.9504861,39.9314158],[-5.9504861,39.9314364],[-5.95047,39.9314528],[-5.9504753,39.9314734],[-5.9504619,39.9314837],[-5.9504458,39.9314796],[-5.9504351,39.9314878],[-5.9504244,39.9314837],[-5.9504083,39.9314919],[-5.9503466,39.9314528],[-5.9503466,39.9314364],[-5.9503305,39.9314158],[-5.9503305,39.9313952],[-5.9503761,39.9313726]]],"type":"Polygon"},"id":55,"properties":{"area_m2":124.139,"centroid_lonlat":[-5.9504092,39.9314296],"centroid_px":[258.821,46.65],"confidence":0.5202,"confidence_bucket":"medium","detector_score":null,"eccentricity":0.5538,"equivalent_diameter_m":12.572,"height_m":null,"height_reason":"unavailable","id":55,"low_confidence_reason":null,"perimeter_m":46.922,"shadow_length_m":null,"signals":{"separation":0.8145,"shadow":0.0,"shape":0.7085,"size":0.0},"solidity":0.9178,"touches_edge":false},"type":"Feature"},{"geometry":{"coordinates":[[[-5.9497538,39.9314014],[-5.9497645,39.9314014],[-5.949778,39.9314199],[-5.9497645,39.9314384],[-5.9497511,39.9314199],[-5.9497538,39.9314014]]],"type":"Polygon"},"id":56,"properties":{"area_m2":6.5,"centroid_lonlat":[-5.9497639,39.9314182],"centroid_px":[379.129,49.419],"confidence":0.8071,"confidence_bucket":"high","detector_score":null,"eccentricity":0.8782,"equivalent_diameter_m":2.877,"height_m":null,"height_reason":"unavailable","id":56,"low_confidence_reason":null,"perimeter_m":8.465,"shadow_length_m":null,"signals":{"separation":0.4502,"shadow":0.0,"shape":1.0,"size":0.9325},"solidity":0.9118,"touches_edge":false},"type":"Feature"},{"geometry":{"coordinates":[[[-5.94955,39.9313973],[-5.9495687,39.9314158],[-5.9495687,39.9314322],[-5.9495339,39.9314508],[-5.9495205,39.9314158],[-5.94955,39.9313973]]],"type":"Polygon"},"id":57,"properties":{"area_m2":15.727,"centroid_lonlat":[-5.9495453,39.9314234],"centroid_px":[419.867,48.16],"confidence":0.6164,"confidence_bucket":"medium","detector_score":null,"eccentricity":0.6599,"equivalent_diameter_m":4.475,"height_m":null,"height_reason":"unavailable","id":57,"low_confidence_reason":null,"perimeter_m":15.477,"shadow_length_m":null,"signals":{"separation":0.6472,"shadow":0.0,"shape":0.825,"size":0.3353},"solidity":0.8824,"touches_edge":false},"type":"Feature"},{"geometry":{"coordinates":[[[-5.9485307,39.9314055],[-5.9485522,39.9314055],[-5.9485656,39.9314158],[-5.9485576,39.9314466],[-5.9485361,39.9314466],[-5.9485173,39.9314322],[-5.9485173,39.9314158],[-5.9485307,39.9314055]]],"type":"Polygon"},"id":58,"properties":{"area_m2":15.517,"centroid_lonlat":[-5.9485418,39.9314254],"centroid_px":[606.932,47.662],"confidence":0.8778,"confidence_bucket":"high","detector_score":null,"eccentricity":0.4745,"equivalent_diameter_m":4.445,"height_m":null,"height_reason":"unavailable","id":58,"low_confidence_reason":null,"perimeter_m":13.803,"shadow_length_m":null,"signals":{"separation":0.8242,"shadow":0.0,"shape":1.0,"size":0.7848},"solidity":0.9737,"touches_edge":false},"type":"Feature"},{"geometry":{"coordinates":[[[-5.9507999,39.9314055],[-5.9508133,39.9314158],[-5.9507999,39.9314302],[-5.9507918,39.931424],[-5.9507999,39.9314055]]],"type":"Polygon"},"id":59,"properties":{"area_m2":3.145,"centroid_lonlat":[-5.9508017,39.931418],"centroid_px":[185.667,49.467],"confidence":0.7314,"confidence_bucket":"high","detector_score":null,"eccentricity":0.7217,"equivalent_diameter_m":2.001,"height_m":null,"height_reason":"unavailable","id":59,"low_confidence_reason":null,"perimeter_m":4.801,"shadow_length_m":null,"signals":{"separation":0.4576,"shadow":0.0,"shape":1.0,"size":0.6829},"solidity":0.9375,"touches_edge":false},"type":"Feature"},{"geometry":{"coordinates":[[[-5.9505638,39.9313808],[-5.9505665,39.9313911],[-5.9505558,39.9313993],[-5.9505746,39.9314014],[-5.950588,39.9314199],[-5.9505746,39.9314302],[-5.9505424,39.9314384],[-5.9505343,39.9314117],[-5.9505504,39.9314035],[-5.9505397,39.9313993],[-5.9505638,39.9313808]]],"type":"Polygon"},"id":60,"properties":{"area_m2":15.517,"centroid_lonlat":[-5.9505596,39.9314146],"centroid_px":[230.797,50.284],"confidence":0.5827,"confidence_bucket":"medium","detector_score":null,"eccentricity":0.5845,"equivalent_diameter_m":4.445,"height_m":null,"height_reason":"unavailable","id":60,"low_confidence_reason":null,"perimeter_m":17.182,"shadow_length_m":null,"signals":{"separation":0.5828,"shadow":0.0,"shape":0.6605,"size":0.4891},"solidity":0.7872,"touches_edge":false},"type":"Feature"},{"geometry":{"coordinates":[[[-5.9486541,39.9313973],[-5.9486568,39.9314158],[-5.948638,39.9314178],[-5.9486353,39.9314117],[-5.9486541,39.9313973]]],"type":"Polygon"},"id":61,"properties":{"area_m2":2.936,"centroid_lonlat":[-5.948648,39.9314099],"centroid_px":[587.143,51.429],"confidence":0.6933,"confidence_bucket":"medium","detector_score":null,"eccentricity":0.7879,"equivalent_diameter_m":1.933,"height_m":null,"height_reason":"unavailable","id":61,"low_confidence_reason":null,"perimeter_m":5.606,"shadow_length_m":null,"signals":{"separation":0.4737,"shadow":0.0,"shape":1.0,"size":0.5448},"solidity":1.0,"touches_edge":false},"type":"Feature"},{"geometry":{"coordinates":[[[-5.949491,39.9313932],[-5.9495097,39.9313952],[-5.9495044,39.9313993],[-5.9495205,39.9314076],[-5.9495178,39.931422],[-5.9494802,39.9314261],[-5.9494722,39.9314199],[-5.949491,39.9313932]]],"type":"Polygon"},"id":62,"properties":{"area_m2":11.323,"centroid_lonlat":[-5.9494964,39.9314116],"centroid_px":[428.981,51.019],"confidence":0.852,"confidence_bucket":"high","detector_score":null,"eccentricity":0.4232,"equivalent_diameter_m":3.797,"height_m":null,"height_reason":"unavailable","id":62,"low_confidence_reason":null,"perimeter_m":12.508,"shadow_length_m":null,"signals":{"separation":0.6822,"shadow":0.0,"shape":0.9096,"size":0.9527},"solidity":0.9153,"touches_edge":false},"type":"Feature"},{"geometry":{"coordinates":[[[-5.9516689,39.9313932],[-5.9516957,39.9313932],[-5.9517038,39.9313993],[-5.9517038,39.9314158],[-5.9516904,39.9314261],[-5.9516743,39.9314261],[-5.9516555,39.9314076],[-5.9516689,39.9313932]]],"type":"Polygon"},"id":63,"properties":{"area_m2":11.743,"centroid_lonlat":[-5.951682,39.9314083],"centroid_px":[21.554,51.821],"confidence":0.8171,"confidence_bucket":"high","detector_score":null,"eccentricity":0.4285,"equivalent_diameter_m":3.867,"height_m":null,"height_reason":"unavailable","id":63,"low_confidence_reason":null,"perimeter_m":11.592,"shadow_length_m":null,"signals":{"separation":0.6699,"shadow":0.0,"shape":1.0,"size":0.7448},"solidity":0.9655,"touches_edge":false},"type":"Feature"},{"geometry":{"coordinates":[[[-5.9510198,39.9313849],[-5.9510413,39.9313849],[-5.9510547,39.9313952],[-5.9510493,39.9314117],[-5.9510359,39.931422],[-5.9510145,39.931422],[-5.9510064,39.9314158],[-5.9510064,39.9313952],[-5.9510198,39.9313849]]],"type":"Polygon"},"id":64,"properties":{"area_m2":13.42,"centroid_lonlat":[-5.9510292,39.9314031],"centroid_px":[143.25,53.094],"confidence":0.7483,"confidence_bucket":"high","detector_score":null,"eccentricity":0.5205,"equivalent_diameter_m":4.134,"height_m":null,"height_reason":"unavailable","id":64,"low_confidence_reason":null,"perimeter_m":12.887,"shadow_length_m":null,"signals":{"separation":0.6647,"shadow":0.0,"shape":1.0,"size":0.5299},"solidity":0.9552,"touches_edge":false},"type":"Feature"},{"geometry":{"coordinates":[[[-5.9504834,39.9313808],[-5.9505022,39.9313993],[-5.950478,39.9314137],[-5.9504646,39.9314076],[-5.9504646,39.9313911],[-5.9504834,39.9313808]]],"type":"Polygon"},"id":65,"properties":{"area_m2":7.968,"centroid_lonlat":[-5.9504814,39.9313979],"centroid_px":[245.368,54.342],"confidence":0.7512,"confidence_bucket":"high","detector_score":null,"eccentricity":0.4074,"equivalent_diameter_m":3.185,"height_m":null,"height_reason":"unavailable","id":65,"low_confidence_reason":null,"perimeter_m":9.492,"shadow_length_m":null,"signals":{"separation":0.6429,"shadow":0.0,"shape":1.0,"size":0.561},"solidity":0.95,"touches_edge":false},"type":"Feature"},{"geometry":{"coordinates":[[[-5.9485736,39.9313891],[-5.9485897,39.9313973],[-5.9486005,39.9313891],[-5.9486085,39.9313952],[-5.9486139,39.9314117],[-5.9486005,39.931422],[-5.948579,39.931422],[-5.9485656,39.9314117],[-5.9485656,39.9313952],[-5.9485736,39.9313891]]],"type":"Polygon"},"id":66,"properties":{"area_m2":11.743,"centroid_lonlat":[-5.9485883,39.9314062],"centroid_px":[598.268,52.339],"confidence":0.7909,"confidence_bucket":"high","detector_score":null,"eccentricity":0.5596,"equivalent_diameter_m":3.867,"height_m":null,"height_reason":"unavailable","id":66,"low_confidence_reason":null,"perimeter_m":12.619,"shadow_length_m":null,"signals":{"separation":0.4737,"shadow":0.0,"shape":0.9267,"size":0.9452},"solidity":0.918,"touches_edge":false},"type":"Feature"},{"geometry":{"coordinates":[[[-5.9517333,39.9313849],[-5.9517521,39.9313952],[-5.9517574,39.9314076],[-5.9517494,39.9314137],[-5.9517226,39.9314137],[-5.9517145,39.9314076],[-5.9517145,39.9313911],[-5.9517226,39.9313932],[-5.9517333,39.9313849]]],"type":"Polygon"},"id":67,"properties":{"area_m2":8.807,"centroid_lonlat":[-5.9517342,39.9314011],"centroid_px":[11.833,53.571],"confidence":0.8597,"confidence_bucket":"high","detector_score":null,"eccentricity":0.4955,"equivalent_diameter_m":3.349,"height_m":null,"height_reason":"unavailable","id":67,"low_confidence_reason":null,"perimeter_m":10.676,"shadow_length_m":null,"signals":{"separation":0.6116,"shadow":0.0,"shape":0.971,"size":0.9743},"solidity":0.9333,"touches_edge":false},"type":"Feature"},{"geometry":{"coordinates":[[[-5.9498182,39.9313808],[-5.9498423,39.9313911],[-5.9498343,39.9314055],[-5.9497941,39.9313952],[-5.9498182,39.9313808]]],"type":"Polygon"},"id":68,"properties":{"area_m2":7.13,"centroid_lonlat":[-5.9498215,39.9313933],"centroid_px":[368.382,55.471],"confidence":0.6837,"confidence_bucket":"medium","detector_score":null,"eccentricity":0.7809,"equivalent_diameter_m":3.013,"height_m":null,"height_reason":"unavailable","id":68,"low_confidence_reason":null,"perimeter_m":10.424,"shadow_length_m":null,"signals":{"separation":0.304,"shadow":0.0,"shape":0.8245,"size":0.8945},"solidity":0.8718,"touches_edge":false},"type":"Feature"},{"geometry":{"coordinates":[[[-5.9497485,39.9313767],[-5.9497672,39.9313911],[-5.9497592,39.9314014],[-5.9497404,39.931387],[-5.9497485,39.9313767]]],"type":"Polygon"},"id":69,"properties":{"area_m2":3.774,"centroid_lonlat":[-5.9497541,39.9313881],"centroid_px":[380.944,56.722],"confidence":0.7192,"confidence_bucket":"high","detector_score":null,"eccentricity":0.8257,"equivalent_diameter_m":2.192,"height_m":null,"height_reason":"unavailable","id":69,"low_confidence_reason":null,"perimeter_m":6.365,"shadow_length_m":null,"signals":{"separation":0.4178,"shadow":0.0,"shape":1.0,"size":0.6835},"solidity":0.9474,"touches_edge":false},"type":"Feature"},{"geometry":{"coordinates":[[[-5.9495285,39.9313767],[-5.9495446,39.9313808],[-5.949558,39.9313952],[-5.9495392,39.9314014],[-5.9495232,39.9313932],[-5.9495151,39.931387],[-5.9495285,39.9313767]]],"type":"Polygon"},"id":70,"properties":{"area_m2":5.871,"centroid_lonlat":[-5.9495375,39.9313891],"centroid_px":[421.321,56.5],"confidence":0.7208,"confidence_bucket":"high","detector_score":null,"eccentricity":0.8133,"equivalent_diameter_m":2.734,"height_m":null,"height_reason":"unavailable","id":70,"low_confidence_reason":null,"perimeter_m":8.576,"shadow_length_m":null,"signals":{"separation":0.4737,"shadow":0.0,"shape":1.0,"size":0.6328},"solidity":0.9032,"touches_edge":false},"type":"Feature"},{"geometry":{"coordinates":[[[-5.9490672,39.9313767],[-5.9490752,39.931387],[-5.9490511,39.9314055],[-5.9490377,39.9313952],[-5.9490672,39.9313767]]],"type":"Polygon"},"id":71,"properties":{"area_m2":5.033,"centroid_lonlat":[-5.9490573,39.9313908],"centroid_px":[510.833,56.083],"confidence":0.734,"confidence_bucket":"high","detector_score":null,"eccentricity":0.8743,"equivalent_diameter_m":2.531,"height_m":null,"height_reason":"unavailable","id":71,"low_confidence_reason":null,"perimeter_m":8.039,"shadow_length_m":null,"signals":{"separation":0.5117,"shadow":0.0,"shape":0.9785,"size":0.6628},"solidity":0.96,"touches_edge":false},"type":"Feature"},{"geometry":{"coordinates":[[[-5.9515241,39.9313356],[-5.9515402,39.9313438],[-5.9515509,39.9313356],[-5.951567,39.931352],[-5.9515777,39.9313479],[-5.9515858,39.9313541],[-5.9515858,39.9313664],[-5.9516126,39.9313952],[-5.9516126,39.9314199],[-5.9516045,39.9314261],[-5.9515348,39.9314343],[-5.951508,39.9314178],[-5.9514919,39.9314178],[-5.9514678,39.9313993],[-5.9514678,39.9313623],[-5.9514973,39.9313397],[-5.951508,39.9313479],[-5.9515241,39.9313356]]],"type":"Polygon"},"id":72,"properties":{"area_m2":99.814,"centroid_lonlat":[-5.9515387,39.9313868],"centroid_px":[48.269,57.038],"confidence":0.5216,"confidence_bucket":"medium","detector_score":null,"eccentricity":0.679,"equivalent_diameter_m":11.273,"height_m":null,"height_reason":"unavailable","id":72,"low_confidence_reason":null,"perimeter_m":40.446,"shadow_length_m":null,"signals":{"separation":0.749,"shadow":0.0,"shape":0.7667,"size":0.0},"solidity":0.9261,"touches_edge":false},"type":"Feature"},{"geometry":{"coordinates":[[[-5.9510896,39.9313644],[-5.9511137,39.9313747],[-5.9511057,39.9314014],[-5.9510761,39.9313952],[-5.9510761,39.9313788],[-5.9510896,39.9313644]]],"type":"Polygon"},"id":73,"properties":{"area_m2":9.646,"centroid_lonlat":[-5.9510939,39.9313844],"centroid_px":[131.196,57.63],"confidence":0.8001,"confidence_bucket":"high","detector_score":null,"eccentricity":0.626,"equivalent_diameter_m":3.505,"height_m":null,"height_reason":"unavailable","id":73,"low_confidence_reason":null,"perimeter_m":11.592,"shadow_length_m":null,"signals":{"separation":0.5227,"shadow":0.0,"shape":0.9021,"size":0.955},"solidity":0.8846,"touches_edge":false},"type":"Feature"},{"geometry":{"coordinates":[[[-5.9510681,39.9313685],[-5.9510815,39.9313747],[-5.9510761,39.9313993],[-5.9510574,39.9314014],[-5.9510386,39.9313747],[-5.9510574,39.9313767],[-5.9510681,39.9313685]]],"type":"Polygon"},"id":74,"properties":{"area_m2":8.597,"centroid_lonlat":[-5.9510608,39.9313849],"centroid_px":[137.366,57.512],"confidence":0.7061,"confidence_bucket":"high","detector_score":null,"eccentricity":0.5602,"equivalent_diameter_m":3.309,"height_m":null,"height_reason":"unavailable","id":74,"low_confidence_reason":null,"perimeter_m":11.402,"shadow_length_m":null,"signals":{"separation":0.3915,"shadow":0.0,"shape":0.831,"size":0.8707},"solidity":0.82,"touches_edge":false},"type":"Feature"},{"geometry":{"coordinates":[[[-5.9505478,39.9313603],[-5.9505612,39.9313705],[-5.9505612,39.9313829],[-5.9505478,39.9313973],[-5.9505317,39.9314014],[-5.9505236,39.9313829],[-5.9505478,39.9313603]]],"type":"Polygon"},"id":75,"properties":{"area_m2":9.227,"centroid_lonlat":[-5.9505435,39.9313818],"centroid_px":[233.795,58.273],"confidence":0.7964,"confidence_bucket":"high","detector_score":null,"eccentricity":0.8048,"equivalent_diameter_m":3.427,"height_m":null,"height_reason":"unavailable","id":75,"low_confidence_reason":null,"perimeter_m":11.055,"shadow_length_m":null,"signals":{"separation":0.5975,"shadow":0.0,"shape":0.9487,"size":0.8127},"solidity":0.9167,"touches_edge":false},"type":"Feature"},{"geometry":{"coordinates":[[[-5.9496465,39.9313644],[-5.949668,39.9313644],[-5.949676,39.9313705],[-5.949676,39.931387],[-5.9496626,39.9313973],[-5.9496465,39.9313973],[-5.9496358,39.9313849],[-5.9496224,39.9313829],[-5.9496465,39.9313644]]],"type":"Polygon"},"id":76,"properties":{"area_m2":12.162,"centroid_lonlat":[-5.9496528,39.9313803],"centroid_px":[399.828,58.638],"confidence":0.7149,"confidence_bucket":"high","detector_score":null,"eccentricity":0.591,"equivalent_diameter_m":3.935,"height_m":null,"height_reason":"unavailable","id":76,"low_confidence_reason":null,"perimeter_m":12.887,"shadow_length_m":null,"signals":{"separation":0.5204,"shadow":0.0,"shape":0.9203,"size":0.6629},"solidity":0.9206,"touches_edge":false},"type":"Feature"},{"geometry":{"coordinates":[[[-5.950478,39.931352],[-5.9504968,39.9313582],[-5.9504914,39.9313829],[-5.9504566,39.9313891],[-5.9504485,39.9313829],[-5.9504646,39.9313664],[-5.9504592,39.9313582],[-5.950478,39.931352]]],"type":"Polygon"},"id":77,"properties":{"area_m2":10.904,"centroid_lonlat":[-5.9504756,39.9313707],"centroid_px":[246.442,60.962],"confidence":0.7609,"confidence_bucket":"high","detector_score":null,"eccentricity":0.7859,"equivalent_diameter_m":3.726,"height_m":null,"height_reason":"unavailable","id":77,"low_confidence_reason":null,"perimeter_m":13.44,"shadow_length_m":null,"signals":{"separation":0.5496,"shadow":0.0,"shape":0.7586,"size":0.975},"solidity":0.8254,"touches_edge":false},"type":"Feature"},{"geometry":{"coordinates":[[[-5.9504244,39.931352],[-5.9504646,39.9313623],[-5.9504512,39.9313808],[-5.9504056,39.9313747],[-5.9504244,39.931352]]],"type":"Polygon"},"id":78,"properties":{"area_m2":11.323,"centroid_lonlat":[-5.9504348,39.931367],"centroid_px":[254.056,61.852],"confidence":0.7816,"confidence_bucket":"high","detector_score":null,"eccentricity":0.7718,"equivalent_diameter_m":3.797,"height_m":null,"height_reason":"unavailable","id":78,"low_confidence_reason":null,"perimeter_m":12.887,"shadow_length_m":null,"signals":{"separation":0.4824,"shadow":0.0,"shape":0.8568,"size":0.9907},"solidity":0.871,"touches_edge":false},"type":"Feature"},{"geometry":{"coordinates":[[[-5.9509555,39.9313479],[-5.9509689,39.9313541],[-5.9509635,39.9313664],[-5.9509447,39.9313849],[-5.950934,39.9313849],[-5.9509259,39.9313788],[-5.9509313,39.9313582],[-5.9509555,39.9313479]]],"type":"Polygon"},"id":79,"properties":{"area_m2":8.597,"centroid_lonlat":[-5.9509455,39.9313666],"centroid_px":[158.854,61.951],"confidence":0.789,"confidence_bucket":"high","detector_score":null,"eccentricity":0.837,"equivalent_diameter_m":3.309,"height_m":null,"height_reason":"unavailable","id":79,"low_confidence_reason":null,"perimeter_m":11.513,"shadow_length_m":null,"signals":{"separation":0.5536,"shadow":0.0,"shape":0.8151,"size":0.9932},"solidity":0.8367,"touches_edge":false},"type":"Feature"},{"geometry":{"coordinates":[[[-5.9505907,39.931352],[-5.9506148,39.9313664],[-5.9506094,39.9313788],[-5.9506014,39.9313849],[-5.9505799,39.9313849],[-5.9505692,39.9313767],[-5.9505638,39.9313808],[-5.9505665,39.9313582],[-5.9505799,39.9313603],[-5.9505907,39.931352]]],"type":"Polygon"},"id":80,"properties":{"area_m2":11.743,"centroid_lonlat":[-5.9505886,39.9313697],"centroid_px":[225.393,61.196],"confidence":0.8316,"confidence_bucket":"high","detector_score":null,"eccentricity":0.5837,"equivalent_diameter_m":3.867,"height_m":null,"height_reason":"unavailable","id":80,"low_confidence_reason":null,"perimeter_m":12.887,"shadow_length_m":null,"signals":{"separation":0.6699,"shadow":0.0,"shape":0.8886,"size":0.925},"solidity":0.875,"touches_edge":false},"type":"Feature"},{"geometry":{"coordinates":[[[-5.9501562,39.9313479],[-5.9501776,39.9313479],[-5.9502017,39.9313623],[-5.950183,39.9313767],[-5.9501508,39.9313808],[-5.9501562,39.9313479]]],"type":"Polygon"},"id":81,"properties":{"area_m2":11.323,"centroid_lonlat":[-5.950172,39.9313641],"centroid_px":[303.037,62.556],"confidence":0.8038,"confidence_bucket":"high","detector_score":null,"eccentricity":0.6469,"equivalent_diameter_m":3.797,"height_m":null,"height_reason":"unavailable","id":81,"low_confidence_reason":null,"perimeter_m":13.535,"shadow_length_m":null,"signals":{"separation":0.6822,"shadow":0.0,"shape":0.7768,"size":0.9577},"solidity":0.871,"touches_edge":false},"type":"Feature"},{"geometry":{"coordinates":[[[-5.9498397,39.9313479],[-5.9498611,39.9313479],[-5.9498692,39.9313541],[-5.9498611,39.9313849],[-5.9498397,39.9313849],[-5.9498262,39.9313747],[-5.9498262,39.9313582],[-5.9498397,39.9313479]]],"type":"Polygon"},"id":82,"properties":{"area_m2":12.791,"centroid_lonlat":[-5.9498478,39.9313663],"centroid_px":[363.475,62.033],"confidence":0.6273,"confidence_bucket":"medium","detector_score":null,"eccentricity":0.5341,"equivalent_diameter_m":4.036,"height_m":null,"height_reason":"unavailable","id":82,"low_confidence_reason":null,"perimeter_m":12.508,"shadow_length_m":null,"signals":{"separation":0.4539,"shadow":0.0,"shape":1.0,"size":0.3535},"solidity":0.9531,"touches_edge":false},"type":"Feature"},{"geometry":{"coordinates":[[[-5.9496358,39.931352],[-5.9496492,39.9313623],[-5.9496143,39.9313808],[-5.9496009,39.9313705],[-5.9496063,39.9313582],[-5.9496358,39.931352]]],"type":"Polygon"},"id":83,"properties":{"area_m2":7.759,"centroid_lonlat":[-5.9496241,39.9313655],"centroid_px":[405.189,62.216],"confidence":0.6137,"confidence_bucket":"medium","detector_score":null,"eccentricity":0.8484,"equivalent_diameter_m":3.143,"height_m":null,"height_reason":"unavailable","id":83,"low_confidence_reason":null,"perimeter_m":10.597,"shadow_length_m":null,"signals":{"separation":0.4121,"shadow":0.0,"shape":0.8682,"size":0.51},"solidity":0.8605,"touches_edge":false},"type":"Feature"},{"geometry":{"coordinates":[[[-5.9494802,39.931352],[-5.9495312,39.9313541],[-5.9495097,39.9313788],[-5.9495124,39.9313849],[-5.9494829,39.9313623],[-5.9494802,39.931352]]],"type":"Polygon"},"id":84,"properties":{"area_m2":9.436,"centroid_lonlat":[-5.9495061,39.9313633],"centroid_px":[427.178,62.756],"confidence":0.7236,"confidence_bucket":"high","detector_score":null,"eccentricity":0.5518,"equivalent_diameter_m":3.466,"height_m":null,"height_reason":"unavailable","id":84,"low_confidence_reason":null,"perimeter_m":12.239,"shadow_length_m":null,"signals":{"separation":0.5284,"shadow":0.0,"shape":0.7916,"size":0.8372},"solidity":0.8491,"touches_edge":false},"type":"Feature"},{"geometry":{"coordinates":[[[-5.9505102,39.9313438],[-5.9505397,39.9313623],[-5.9505236,39.9313829],[-5.9505263,39.9313973],[-5.9505156,39.9313808],[-5.9505048,39.9313767],[-5.9504914,39.9313829],[-5.9504968,39.9313541],[-5.9505102,39.9313438]]],"type":"Polygon"},"id":85,"properties":{"area_m2":13.001,"centroid_lonlat":[-5.9505152,39.9313669],"centroid_px":[239.065,61.887],"confidence":0.7099,"confidence_bucket":"high","detector_score":null,"eccentricity":0.6586,"equivalent_diameter_m":4.069,"height_m":null,"height_reason":"unavailable","id":85,"low_confidence_reason":null,"perimeter_m":14.83,"shadow_length_m":null,"signals":{"separation":0.6367,"shadow":0.0,"shape":0.7429,"size":0.7436},"solidity":0.7561,"touches_edge":false},"type":"Feature"},{"geometry":{"coordinates":[[[-5.9501347,39.9313397],[-5.9501535,39.9313459],[-5.9501454,39.9313767],[-5.9501266,39.9313664],[-5.9501347,39.9313397]]],"type":"Polygon"},"id":86,"properties":{"area_m2":7.339,"centroid_lonlat":[-5.9501404,39.9313583],"centroid_px":[308.943,63.971],"confidence":0.8341,"confidence_bucket":"high","detector_score":null,"eccentricity":0.7926,"equivalent_diameter_m":3.057,"height_m":null,"height_reason":"unavailable","id":86,"low_confidence_reason":null,"perimeter_m":9.459,"shadow_length_m":null,"signals":{"separation":0.5992,"shadow":0.0,"shape":1.0,"size":0.8698},"solidity":0.9211,"touches_edge":false},"type":"Feature"},{"geometry":{"coordinates":[[[-5.949389,39.9313438],[-5.9494132,39.9313582],[-5.9494185,39.9313705],[-5.9494051,39.9313808],[-5.949389,39.9313808],[-5.9493756,39.9313705],[-5.9493756,39.9313541],[-5.949389,39.9313438]]],"type":"Polygon"},"id":87,"properties":{"area_m2":10.694,"centroid_lonlat":[-5.9493947,39.9313638],"centroid_px":[447.941,62.647],"confidence":0.8928,"confidence_bucket":"high","detector_score":null,"eccentricity":0.6316,"equivalent_diameter_m":3.69,"height_m":null,"height_reason":"unavailable","id":87,"low_confidence_reason":null,"perimeter_m":11.055,"shadow_length_m":null,"signals":{"separation":0.702,"shadow":0.0,"shape":1.0,"size":0.955},"solidity":0.9808,"touches_edge":false},"type":"Feature"},{"geometry":{"coordinates":[[[-5.9495527,39.9313459],[-5.9495875,39.9313397],[-5.9496063,39.9313582],[-5.9495875,39.9313767],[-5.9495527,39.9313623],[-5.9495527,39.9313459]]],"type":"Polygon"},"id":88,"properties":{"area_m2":13.63,"centroid_lonlat":[-5.9495784,39.9313566],"centroid_px":[413.708,64.385],"confidence":0.7817,"confidence_bucket":"high","detector_score":null,"eccentricity":0.614,"equivalent_diameter_m":4.166,"height_m":null,"height_reason":"unavailable","id":88,"low_confidence_reason":null,"perimeter_m":12.887,"shadow_length_m":null,"signals":{"separation":0.4916,"shadow":0.0,"shape":1.0,"size":0.8098},"solidity":0.9286,"touches_edge":false},"type":"Feature"},{"geometry":{"coordinates":[[[-5.9511378,39.9313438],[-5.9511459,39.9313541],[-5.951111,39.9313726],[-5.9511083,39.9313623],[-5.9511378,39.9313438]]],"type":"Polygon"},"id":89,"properties":{"area_m2":5.033,"centroid_lonlat":[-5.9511262,39.9313582],"centroid_px":[125.167,64.0],"confidence":0.5617,"confidence_bucket":"medium","detector_score":null,"eccentricity":0.9333,"equivalent_diameter_m":2.531,"height_m":null,"height_reason":"unavailable","id":89,"low_confidence_reason":null,"perimeter_m":8.576,"shadow_length_m":null,"signals":{"separation":0.3618,"shadow":0.0,"shape":0.8599,"size":0.4037},"solidity":0.8889,"touches_edge":false},"type":"Feature"},{"geometry":{"coordinates":[[[-5.9501025,39.931352],[-5.950124,39.931352],[-5.9501266,39.9313623],[-5.9501186,39.9313685],[-5.9501025,39.931352]]],"type":"Polygon"},"id":90,"properties":{"area_m2":2.726,"centroid_lonlat":[-5.9501157,39.9313582],"centroid_px":[313.538,64.0],"confidence":0.7327,"confidence_bucket":"high","detector_score":null,"eccentricity":0.7526,"equivalent_diameter_m":1.863,"height_m":null,"height_reason":"unavailable","id":90,"low_confidence_reason":null,"perimeter_m":5.338,"shadow_length_m":null,"signals":{"separation":0.4916,"shadow":0.0,"shape":1.0,"size":0.6529},"solidity":1.0,"touches_edge":false},"type":"Feature"},{"geometry":{"coordinates":[[[-5.9505317,39.9313274],[-5.9505478,39.9313274],[-5.9505612,39.9313376],[-5.9505612,39.9313541],[-5.9505424,39.9313644],[-5.9505129,39.9313417],[-5.9505317,39.9313274]]],"type":"Polygon"},"id":91,"properties":{"area_m2":10.904,"centroid_lonlat":[-5.9505407,39.9313443],"centroid_px":[234.308,67.385],"confidence":0.8862,"confidence_bucket":"high","detector_score":null,"eccentricity":0.5281,"equivalent_diameter_m":3.726,"height_m":null,"height_reason":"unavailable","id":91,"low_confidence_reason":null,"perimeter_m":11.814,"shadow_length_m":null,"signals":{"separation":0.6952,"shadow":0.0,"shape":0.9818,"size":0.9626},"solidity":0.963,"touches_edge":false},"type":"Feature"},{"geometry":{"coordinates":[[[-5.9509715,39.9313356],[-5.9509796,39.9313459],[-5.9509608,39.931352],[-5.9509581,39.9313459],[-5.9509715,39.9313356]]],"type":"Polygon"},"id":92,"properties":{"area_m2":2.307,"centroid_lonlat":[-5.9509691,39.9313451],"centroid_px":[154.455,67.182],"confidence":0.7103,"confidence_bucket":"high","detector_score":null,"eccentricity":0.7475,"equivalent_diameter_m":1.714,"height_m":null,"height_reason":"unavailable","id":92,"low_confidence_reason":null,"perimeter_m":4.422,"shadow_length_m":null,"signals":{"separation":0.5344,"shadow":0.0,"shape":1.0,"size":0.5385},"solidity":1.0,"touches_edge":false},"type":"Feature"},{"geometry":{"coordinates":[[[-5.9484047,39.9313212],[-5.9484395,39.9313109],[-5.9484583,39.9313294],[-5.9484583,39.9313582],[-5.9484395,39.9313726],[-5.9484074,39.9313644],[-5.9483939,39.9313459],[-5.9484047,39.9313212]]],"type":"Polygon"},"id":93,"properties":{"area_m2":27.68,"centroid_lonlat":[-5.9484282,39.931342],"centroid_px":[628.114,67.947],"confidence":0.5282,"confidence_bucket":"medium","detector_score":null,"eccentricity":0.601,"equivalent_diameter_m":5.937,"height_m":null,"height_reason":"unavailable","id":93,"low_confidence_reason":null,"perimeter_m":19.899,"shadow_length_m":null,"signals":{"separation":0.6361,"shadow":0.0,"shape":0.8784,"size":0.0},"solidity":0.9231,"touches_edge":false},"type":"Feature"},{"geometry":{"coordinates":[[[-5.9504887,39.9313191],[-5.9505129,39.9313376],[-5.9504941,39.931352],[-5.9504673,39.9313561],[-5.9504539,39.9313459],[-5.9504539,39.9313335],[-5.9504619,39.9313356],[-5.9504887,39.9313191]]],"type":"Polygon"},"id":94,"properties":{"area_m2":11.533,"centroid_lonlat":[-5.9504801,39.9313395],"centroid_px":[245.618,68.545],"confidence":0.7917,"confidence_bucket":"high","detector_score":null,"eccentricity":0.6993,"equivalent_diameter_m":3.832,"height_m":null,"height_reason":"unavailable","id":94,"low_confidence_reason":null,"perimeter_m":12.714,"shadow_length_m":null,"signals":{"separation":0.5344,"shadow":0.0,"shape":0.8967,"size":0.9231},"solidity":0.8333,"touches_edge":false},"type":"Feature"},{"geometry":{"coordinates":[[[-5.9495232,39.9313191],[-5.9495446,39.9313191],[-5.949558,39.9313294],[-5.949558,39.9313417],[-5.9495446,39.9313561],[-5.9495205,39.93135],[-5.9495232,39.9313191]]],"type":"Polygon"},"id":95,"properties":{"area_m2":10.694,"centroid_lonlat":[-5.9495381,39.9313378],"centroid_px":[421.216,68.961],"confidence":0.8643,"confidence_bucket":"high","detector_score":null,"eccentricity":0.545,"equivalent_diameter_m":3.69,"height_m":null,"height_reason":"unavailable","id":95,"low_confidence_reason":null,"perimeter_m":11.765,"shadow_length_m":null,"signals":{"separation":0.702,"shadow":0.0,"shape":0.9709,"size":0.8988},"solidity":0.9107,"touches_edge":false},"type":"Feature"},{"geometry":{"coordinates":[[[-5.9494963,39.9313068],[-5.9495205,39.9313253],[-5.9495178,39.931352],[-5.9494749,39.931352],[-5.9494615,39.9313376],[-5.9494722,39.9313171],[-5.9494963,39.9313068]]],"type":"Polygon"},"id":96,"properties":{"area_m2":18.453,"centroid_lonlat":[-5.949494,39.931333],"centroid_px":[429.443,70.136],"confidence":0.6227,"confidence_bucket":"medium","detector_score":null,"eccentricity":0.3004,"equivalent_diameter_m":4.847,"height_m":null,"height_reason":"unavailable","id":96,"low_confidence_reason":null,"perimeter_m":15.634,"shadow_length_m":null,"signals":{"separation":0.7558,"shadow":0.0,"shape":0.9487,"size":0.0983},"solidity":0.9462,"touches_edge":false},"type":"Feature"},{"geometry":{"coordinates":[[[-5.9501883,39.931315],[-5.9502098,39.931315],[-5.9502178,39.9313212],[-5.9502178,39.9313376],[-5.9501937,39.9313561],[-5.9501749,39.9313417],[-5.9501749,39.9313253],[-5.9501883,39.931315]]],"type":"Polygon"},"id":97,"properties":{"area_m2":12.582,"centroid_lonlat":[-5.950195,39.9313339],"centroid_px":[298.75,69.917],"confidence":0.8413,"confidence_bucket":"high","detector_score":null,"eccentricity":0.6837,"equivalent_diameter_m":4.002,"height_m":null,"height_reason":"unavailable","id":97,"low_confidence_reason":null,"perimeter_m":12.887,"shadow_length_m":null,"signals":{"separation":0.6865,"shadow":0.0,"shape":0.952,"size":0.8633},"solidity":0.9091,"touches_edge":false},"type":"Feature"},{"geometry":{"coordinates":[[[-5.9497055,39.9313027],[-5.9497163,39.9313109],[-5.949727,39.9313027],[-5.949735,39.9313088],[-5.9497297,39.9313171],[-5.9497458,39.9313294],[-5.9497324,39.9313438],[-5.9497216,39.9313356],[-5.9497055,39.9313438],[-5.9496921,39.9313376],[-5.9496921,39.931313],[-5.9497055,39.9313027]]],"type":"Polygon"},"id":98,"properties":{"area_m2":14.679,"centroid_lonlat":[-5.9497153,39.9313244],"centroid_px":[388.186,72.229],"confidence":0.5666,"confidence_bucket":"medium","detector_score":null,"eccentricity":0.3304,"equivalent_diameter_m":4.323,"height_m":null,"height_reason":"unavailable","id":98,"low_confidence_reason":null,"perimeter_m":16.236,"shadow_length_m":null,"signals":{"separation":0.4737,"shadow":0.0,"shape":0.6997,"size":0.4997},"solidity":0.8333,"touches_edge":false},"type":"Feature"},{"geometry":{"coordinates":[[[-5.9504941,39.931315],[-5.9505102,39.931315],[-5.950529,39.9313294],[-5.9505156,39.9313397],[-5.9505048,39.9313356],[-5.9504914,39.9313253],[-5.9504941,39.931315]]],"type":"Polygon"},"id":99,"properties":{"area_m2":5.662,"centroid_lonlat":[-5.9505092,39.9313259],"centroid_px":[240.185,71.852],"confidence":0.6339,"confidence_bucket":"medium","detector_score":null,"eccentricity":0.8025,"equivalent_diameter_m":2.685,"height_m":null,"height_reason":"unavailable","id":99,"low_confidence_reason":null,"perimeter_m":8.197,"shadow_length_m":null,"signals":{"separation":0.4824,"shadow":0.0,"shape":1.0,"size":0.346},"solidity":0.931,"touches_edge":false},"type":"Feature"},{"geometry":{"coordinates":[[[-5.950124,39.9313027],[-5.9501481,39.931313],[-5.9501481,39.9313294],[-5.950124,39.931352],[-5.9501025,39.931352],[-5.9500998,39.9313171],[-5.950124,39.9313027]]],"type":"Polygon"},"id":100,"properties":{"area_m2":17.195,"centroid_lonlat":[-5.9501225,39.9313273],"centroid_px":[312.28,71.512],"confidence":0.7729,"confidence_bucket":"high","detector_score":null,"eccentricity":0.7488,"equivalent_diameter_m":4.679,"height_m":null,"height_reason":"unavailable","id":100,"low_confidence_reason":null,"perimeter_m":15.366,"shadow_length_m":null,"signals":{"separation":0.7057,"shadow":0.0,"shape":0.9151,"size":0.6693},"solidity":0.9318,"touches_edge":false},"type":"Feature"},{"geometry":{"coordinates":[[[-5.9482035,39.9313027],[-5.9482142,39.9313027],[-5.9482223,39.931313],[-5.9482169,39.9313294],[-5.948225,39.9313397],[-5.9482008,39.9313376],[-5.9482035,39.9313027]]],"type":"Polygon"},"id":101,"properties":{"area_m2":7.13,"centroid_lonlat":[-5.9482112,39.9313223],"centroid_px":[668.559,72.735],"confidence":0.5581,"confidence_bucket":"medium","detector_score":null,"eccentricity":0.901,"equivalent_diameter_m":3.013,"height_m":null,"height_reason":"unavailable","id":101,"low_confidence_reason":null,"perimeter_m":10.833,"shadow_length_m":null,"signals":{"separation":0.304,"shadow":0.0,"shape":0.7634,"size":0.5659},"solidity":0.8718,"touches_edge":true},"type":"Feature"},{"geometry":{"coordinates":[[[-5.9509984,39.9312986],[-5.9510198,39.9312986],[-5.9510332,39.9313088],[-5.9510091,39.9313356],[-5.9509984,39.9313274],[-5.9509823,39.9313315],[-5.9509742,39.9313253],[-5.950985,39.9313212],[-5.950985,39.9313088],[-5.9509984,39.9312986]]],"type":"Polygon"},"id":102,"properties":{"area_m2":12.372,"centroid_lonlat":[-5.9510055,39.9313153],"centroid_px":[147.678,74.441],"confidence":0.7244,"confidence_bucket":"high","detector_score":null,"eccentricity":0.6919,"equivalent_diameter_m":3.969,"height_m":null,"height_reason":"unavailable","id":102,"low_confidence_reason":null,"perimeter_m":13.724,"shadow_length_m":null,"signals":{"separation":0.516,"shadow":0.0,"shape":0.8254,"size":0.8117},"solidity":0.8551,"touches_edge":false},"type":"Feature"},{"geometry":{"coordinates":[[[-5.9483644,39.9312944],[-5.9483805,39.9312944],[-5.9483993,39.9313047],[-5.9483993,39.9313212],[-5.9483859,39.9313315],[-5.9483698,39.9313315],[-5.9483564,39.9313212],[-5.948351,39.9313047],[-5.9483644,39.9312944]]],"type":"Polygon"},"id":103,"properties":{"area_m2":13.001,"centroid_lonlat":[-5.9483762,39.9313128],"centroid_px":[637.806,75.048],"confidence":0.8682,"confidence_bucket":"high","detector_score":null,"eccentricity":0.5166,"equivalent_diameter_m":4.069,"height_m":null,"height_reason":"unavailable","id":103,"low_confidence_reason":null,"perimeter_m":12.239,"shadow_length_m":null,"signals":{"separation":0.6753,"shadow":0.0,"shape":1.0,"size":0.9029},"solidity":0.9688,"touches_edge":false},"type":"Feature"},{"geometry":{"coordinates":[[[-5.9495607,39.9312903],[-5.9495768,39.9312903],[-5.9495902,39.9313006],[-5.9495768,39.9313274],[-5.9495607,39.9313274],[-5.9495473,39.9313171],[-5.9495473,39.9313006],[-5.9495607,39.9312903]]],"type":"Polygon"},"id":104,"properties":{"area_m2":11.953,"centroid_lonlat":[-5.9495679,39.9313084],"centroid_px":[415.667,76.105],"confidence":0.8759,"confidence_bucket":"high","detector_score":null,"eccentricity":0.5347,"equivalent_diameter_m":3.901,"height_m":null,"height_reason":"unavailable","id":104,"low_confidence_reason":null,"perimeter_m":11.592,"shadow_length_m":null,"signals":{"separation":0.7043,"shadow":0.0,"shape":1.0,"size":0.8987},"solidity":0.9661,"touches_edge":false},"type":"Feature"},{"geometry":{"coordinates":[[[-5.9516636,39.9312903],[-5.951677,39.9312965],[-5.951677,39.9313047],[-5.9516528,39.9313109],[-5.9516448,39.9313047],[-5.9516636,39.9312903]]],"type":"Polygon"},"id":105,"properties":{"area_m2":4.404,"centroid_lonlat":[-5.951663,39.9313018],"centroid_px":[25.095,77.714],"confidence":0.8192,"confidence_bucket":"high","detector_score":null,"eccentricity":0.6875,"equivalent_diameter_m":2.368,"height_m":null,"height_reason":"unavailable","id":105,"low_confidence_reason":null,"perimeter_m":6.633,"shadow_length_m":null,"signals":{"separation":0.547,"shadow":0.0,"shape":1.0,"size":0.8745},"solidity":1.0,"touches_edge":false},"type":"Feature"},{"geometry":{"coordinates":[[[-5.9498557,39.9312903],[-5.9498692,39.9313006],[-5.9498611,39.9313068],[-5.9498477,39.9313006],[-5.9498557,39.9312903]]],"type":"Polygon"},"id":106,"properties":{"area_m2":2.097,"centroid_lonlat":[-5.9498574,39.9312994],"centroid_px":[361.7,78.3],"confidence":0.7305,"confidence_bucket":"high","detector_score":null,"eccentricity":0.6164,"equivalent_diameter_m":1.634,"height_m":null,"height_reason":"unavailable","id":106,"low_confidence_reason":null,"perimeter_m":4.154,"shadow_length_m":null,"signals":{"separation":0.5605,"shadow":0.0,"shape":1.0,"size":0.577},"solidity":1.0,"touches_edge":false},"type":"Feature"},{"geometry":{"coordinates":[[[-5.9514007,39.9312821],[-5.9514195,39.9312924],[-5.9514114,39.9312986],[-5.9513927,39.9312883],[-5.9514007,39.9312821]]],"type":"Polygon"},"id":107,"properties":{"area_m2":2.516,"centroid_lonlat":[-5.9514061,39.9312903],"centroid_px":[73.0,80.5],"confidence":0.7529,"confidence_bucket":"high","detector_score":null,"eccentricity":0.7676,"equivalent_diameter_m":1.79,"height_m":null,"height_reason":"unavailable","id":107,"low_confidence_reason":null,"perimeter_m":4.801,"shadow_length_m":null,"signals":{"separation":0.5117,"shadow":0.0,"shape":1.0,"size":0.6977},"solidity":1.0,"touches_edge":false},"type":"Feature"},{"geometry":{"coordinates":[[[-5.9509876,39.9312533],[-5.951001,39.9312636],[-5.9509903,39.9313006],[-5.9509769,39.9313109],[-5.9509608,39.9313109],[-5.950942,39.9312924],[-5.9509555,39.9312739],[-5.9509796,39.9312718],[-5.9509876,39.9312533]]],"type":"Polygon"},"id":108,"properties":{"area_m2":17.824,"centroid_lonlat":[-5.9509741,39.9312861],"centroid_px":[153.529,81.529],"confidence":0.5418,"confidence_bucket":"medium","detector_score":null,"eccentricity":0.8391,"equivalent_diameter_m":4.764,"height_m":null,"height_reason":"unavailable","id":108,"low_confidence_reason":null,"perimeter_m":17.577,"shadow_length_m":null,"signals":{"separation":0.3845,"shadow":0.0,"shape":0.725,"size":0.4793},"solidity":0.85,"touches_edge":false},"type":"Feature"},{"geometry":{"coordinates":[[[-5.9502795,39.9312821],[-5.9502876,39.9312883],[-5.9502795,39.9313027],[-5.9502715,39.9312965],[-5.9502795,39.9312821]]],"type":"Polygon"},"id":109,"properties":{"area_m2":2.307,"centroid_lonlat":[-5.9502795,39.9312924],"centroid_px":[283.0,80.0],"confidence":0.6157,"confidence_bucket":"medium","detector_score":null,"eccentricity":0.7559,"equivalent_diameter_m":1.714,"height_m":null,"height_reason":"unavailable","id":109,"low_confidence_reason":null,"perimeter_m":4.422,"shadow_length_m":null,"signals":{"separation":0.5344,"shadow":0.0,"shape":1.0,"size":0.2357},"solidity":1.0,"touches_edge":false},"type":"Feature"},{"geometry":{"coordinates":[[[-5.9486863,39.9312574],[-5.9487024,39.9312656],[-5.9487292,39.9312656],[-5.9487399,39.9312739],[-5.9487507,39.9312698],[-5.9487641,39.93128],[-5.9487399,39.9313109],[-5.9487239,39.9313109],[-5.9487024,39.9312862],[-5.9486729,39.9312883],[-5.9486622,39.9312759],[-5.9486809,39.9312739],[-5.9486863,39.9312574]]],"type":"Polygon"},"id":110,"properties":{"area_m2":26.421,"centroid_lonlat":[-5.9487182,39.9312836],"centroid_px":[574.048,82.135],"confidence":0.3228,"confidence_bucket":"low","detector_score":null,"eccentricity":0.8345,"equivalent_diameter_m":5.8,"height_m":null,"height_reason":"unavailable","id":110,"low_confidence_reason":"Low confidence: this crown is far larger or smaller than its neighbours, so it is likely merged with, or split from, another crown.","perimeter_m":24.21,"shadow_length_m":null,"signals":{"separation":0.3531,"shadow":0.0,"shape":0.5664,"size":0.0},"solidity":0.7975,"touches_edge":false},"type":"Feature"},{"geometry":{"coordinates":[[[-5.9485093,39.9312739],[-5.9485307,39.9312739],[-5.9485441,39.9312842],[-5.9485441,39.9312965],[-5.9485093,39.9313027],[-5.9485012,39.9312965],[-5.9485093,39.9312739]]],"type":"Polygon"},"id":111,"properties":{"area_m2":9.017,"centroid_lonlat":[-5.9485229,39.9312882],"centroid_px":[610.465,81.023],"confidence":0.8073,"confidence_bucket":"high","detector_score":null,"eccentricity":0.3837,"equivalent_diameter_m":3.388,"height_m":null,"height_reason":"unavailable","id":111,"low_confidence_reason":null,"perimeter_m":10.944,"shadow_length_m":null,"signals":{"separation":0.6044,"shadow":0.0,"shape":0.946,"size":0.8439},"solidity":0.9149,"touches_edge":false},"type":"Feature"},{"geometry":{"coordinates":[[[-5.9495822,39.9312615],[-5.9496036,39.9312656],[-5.9496117,39.93128],[-5.9496117,39.9312965],[-5.9495929,39.9313068],[-5.9495741,39.93128],[-5.949558,39.9312759],[-5.9495822,39.9312615]]],"type":"Polygon"},"id":112,"properties":{"area_m2":12.372,"centroid_lonlat":[-5.9495908,39.931282],"centroid_px":[411.39,82.525],"confidence":0.7639,"confidence_bucket":"high","detector_score":null,"eccentricity":0.7288,"equivalent_diameter_m":3.969,"height_m":null,"height_reason":"unavailable","id":112,"low_confidence_reason":null,"perimeter_m":13.44,"shadow_length_m":null,"signals":{"separation":0.516,"shadow":0.0,"shape":0.8607,"size":0.8956},"solidity":0.831,"touches_edge":false},"type":"Feature"},{"geometry":{"coordinates":[[[-5.9483215,39.9312656],[-5.948343,39.9312656],[-5.9483564,39.9312759],[-5.9483323,39.9312986],[-5.9483081,39.9312924],[-5.9483081,39.9312759],[-5.9483215,39.9312656]]],"type":"Polygon"},"id":113,"properties":{"area_m2":11.114,"centroid_lonlat":[-5.9483295,39.9312811],"centroid_px":[646.509,82.736],"confidence":0.8905,"confidence_bucket":"high","detector_score":null,"eccentricity":0.6059,"equivalent_diameter_m":3.762,"height_m":null,"height_reason":"unavailable","id":113,"low_confidence_reason":null,"perimeter_m":11.323,"shadow_length_m":null,"signals":{"separation":0.6886,"shadow":0.0,"shape":1.0,"size":0.9609},"solidity":0.9636,"touches_edge":false},"type":"Feature"},{"geometry":{"coordinates":[[[-5.9510145,39.9312574],[-5.9510306,39.9312574],[-5.9510493,39.9312718],[-5.9510413,39.9313027],[-5.951001,39.9312924],[-5.9509957,39.93128],[-5.9510145,39.9312574]]],"type":"Polygon"},"id":114,"properties":{"area_m2":17.405,"centroid_lonlat":[-5.9510244,39.9312802],"centroid_px":[144.145,82.952],"confidence":0.6182,"confidence_bucket":"medium","detector_score":null,"eccentricity":0.5439,"equivalent_diameter_m":4.707,"height_m":null,"height_reason":"unavailable","id":114,"low_confidence_reason":null,"perimeter_m":14.719,"shadow_length_m":null,"signals":{"separation":0.7782,"shadow":0.0,"shape":1.0,"size":0.0},"solidity":0.954,"touches_edge":false},"type":"Feature"},{"geometry":{"coordinates":[[[-5.9509501,39.9312615],[-5.9509528,39.9312842],[-5.950934,39.9312944],[-5.9509259,39.9312883],[-5.9509313,39.9312718],[-5.9509501,39.9312615]]],"type":"Polygon"},"id":115,"properties":{"area_m2":5.452,"centroid_lonlat":[-5.9509414,39.9312789],"centroid_px":[159.615,83.269],"confidence":0.7343,"confidence_bucket":"high","detector_score":null,"eccentricity":0.8648,"equivalent_diameter_m":2.635,"height_m":null,"height_reason":"unavailable","id":115,"low_confidence_reason":null,"perimeter_m":8.37,"shadow_length_m":null,"signals":{"separation":0.3476,"shadow":0.0,"shape":0.978,"size":0.8287},"solidity":0.8966,"touches_edge":false},"type":"Feature"},{"geometry":{"coordinates":[[[-5.9507033,39.9312574],[-5.9507248,39.9312574],[-5.9507436,39.9312759],[-5.9507141,39.9312944],[-5.9506899,39.9312842],[-5.9506899,39.9312677],[-5.9507033,39.9312574]]],"type":"Polygon"},"id":116,"properties":{"area_m2":12.791,"centroid_lonlat":[-5.9507131,39.9312741],"centroid_px":[202.18,84.443],"confidence":0.8589,"confidence_bucket":"high","detector_score":null,"eccentricity":0.5265,"equivalent_diameter_m":4.036,"height_m":null,"height_reason":"unavailable","id":116,"low_confidence_reason":null,"perimeter_m":12.429,"shadow_length_m":null,"signals":{"separation":0.6419,"shadow":0.0,"shape":1.0,"size":0.9065},"solidity":0.9385,"touches_edge":false},"type":"Feature"},{"geometry":{"coordinates":[[[-5.9509715,39.9312533],[-5.9509796,39.9312554],[-5.9509796,39.9312718],[-5.9509555,39.9312739],[-5.9509528,39.9312595],[-5.9509608,39.9312615],[-5.9509715,39.9312533]]],"type":"Polygon"},"id":117,"properties":{"area_m2":4.404,"centroid_lonlat":[-5.9509672,39.931265],"centroid_px":[154.81,86.667],"confidence":0.7437,"confidence_bucket":"high","detector_score":null,"eccentricity":0.6228,"equivalent_diameter_m":2.368,"height_m":null,"height_reason":"unavailable","id":117,"low_confidence_reason":null,"perimeter_m":7.438,"shadow_length_m":null,"signals":{"separation":0.3868,"shadow":0.0,"shape":1.0,"size":0.793},"solidity":0.913,"touches_edge":false},"type":"Feature"},{"geometry":{"coordinates":[[[-5.9502313,39.9312615],[-5.950242,39.9312615],[-5.9502608,39.9312759],[-5.9502473,39.9312903],[-5.9502286,39.9312718],[-5.9502313,39.9312615]]],"type":"Polygon"},"id":118,"properties":{"area_m2":5.242,"centroid_lonlat":[-5.9502441,39.9312745],"centroid_px":[289.6,84.36],"confidence":0.7062,"confidence_bucket":"high","detector_score":null,"eccentricity":0.837,"equivalent_diameter_m":2.584,"height_m":null,"height_reason":"unavailable","id":118,"low_confidence_reason":null,"perimeter_m":7.928,"shadow_length_m":null,"signals":{"separation":0.3545,"shadow":0.0,"shape":1.0,"size":0.7054},"solidity":0.9615,"touches_edge":false},"type":"Feature"},{"geometry":{"coordinates":[[[-5.9486756,39.9312492],[-5.9486836,39.9312513],[-5.9486836,39.9312718],[-5.9486648,39.9312739],[-5.9486622,39.9312636],[-5.9486756,39.9312492]]],"type":"Polygon"},"id":119,"properties":{"area_m2":3.984,"centroid_lonlat":[-5.9486744,39.9312634],"centroid_px":[582.211,87.053],"confidence":0.7419,"confidence_bucket":"high","detector_score":null,"eccentricity":0.8215,"equivalent_diameter_m":2.252,"height_m":null,"height_reason":"unavailable","id":119,"low_confidence_reason":null,"perimeter_m":6.238,"shadow_length_m":null,"signals":{"separation":0.4066,"shadow":0.0,"shape":1.0,"size":0.7674},"solidity":0.95,"touches_edge":false},"type":"Feature"},{"geometry":{"coordinates":[[[-5.948579,39.9312533],[-5.9486085,39.9312718],[-5.9486005,39.9312903],[-5.948579,39.9312903],[-5.9485656,39.93128],[-5.9485656,39.9312636],[-5.948579,39.9312533]]],"type":"Polygon"},"id":120,"properties":{"area_m2":11.533,"centroid_lonlat":[-5.9485861,39.9312738],"centroid_px":[598.673,84.527],"confidence":0.8844,"confidence_bucket":"high","detector_score":null,"eccentricity":0.6372,"equivalent_diameter_m":3.832,"height_m":null,"height_reason":"unavailable","id":120,"low_confidence_reason":null,"perimeter_m":11.323,"shadow_length_m":null,"signals":{"separation":0.676,"shadow":0.0,"shape":1.0,"size":0.9542},"solidity":1.0,"touches_edge":false},"type":"Feature"},{"geometry":{"coordinates":[[[-5.9505907,39.9312492],[-5.9506121,39.9312492],[-5.9506255,39.9312595],[-5.9506255,39.9312759],[-5.9506068,39.9312862],[-5.9505826,39.9312759],[-5.9505773,39.9312595],[-5.9505907,39.9312492]]],"type":"Polygon"},"id":121,"properties":{"area_m2":12.582,"centroid_lonlat":[-5.9506026,39.931266],"centroid_px":[222.783,86.417],"confidence":0.8682,"confidence_bucket":"high","detector_score":null,"eccentricity":0.3886,"equivalent_diameter_m":4.002,"height_m":null,"height_reason":"unavailable","id":121,"low_confidence_reason":null,"perimeter_m":12.239,"shadow_length_m":null,"signals":{"separation":0.6865,"shadow":0.0,"shape":1.0,"size":0.8918},"solidity":0.9524,"touches_edge":false},"type":"Feature"},{"geometry":{"coordinates":[[[-5.9496519,39.9312245],[-5.9496626,39.9312369],[-5.949668,39.9312286],[-5.949676,39.9312348],[-5.9496814,39.9312677],[-5.949668,39.9312821],[-5.9496465,39.9312821],[-5.9496385,39.9312759],[-5.9496385,39.9312595],[-5.9496492,39.9312513],[-5.9496385,39.9312348],[-5.9496519,39.9312245]]],"type":"Polygon"},"id":122,"properties":{"area_m2":17.614,"centroid_lonlat":[-5.9496592,39.9312564],"centroid_px":[398.643,88.75],"confidence":0.4424,"confidence_bucket":"low","detector_score":null,"eccentricity":0.8353,"equivalent_diameter_m":4.736,"height_m":null,"height_reason":"unavailable","id":122,"low_confidence_reason":"Low confidence: this region is likely two or more merged crowns.","perimeter_m":18.035,"shadow_length_m":null,"signals":{"separation":0.2735,"shadow":0.0,"shape":0.6805,"size":0.3255},"solidity":0.875,"touches_edge":false},"type":"Feature"},{"geometry":{"coordinates":[[[-5.9506068,39.9312245],[-5.9506711,39.9312369],[-5.9506845,39.9312554],[-5.9506845,39.9312718],[-5.9506711,39.9312821],[-5.9506389,39.9312821],[-5.9506255,39.9312718],[-5.9506309,39.931243],[-5.9506175,39.931241],[-5.9506041,39.9312307],[-5.9506068,39.9312245]]],"type":"Polygon"},"id":123,"properties":{"area_m2":27.26,"centroid_lonlat":[-5.9506494,39.9312549],"centroid_px":[214.046,89.108],"confidence":0.4356,"confidence_bucket":"low","detector_score":null,"eccentricity":0.7734,"equivalent_diameter_m":5.891,"height_m":null,"height_reason":"unavailable","id":123,"low_confidence_reason":"Low confidence: this crown is far larger or smaller than its neighbours, so it is likely merged with, or split from, another crown.","perimeter_m":23.072,"shadow_length_m":null,"signals":{"separation":0.6218,"shadow":0.0,"shape":0.6435,"size":0.0},"solidity":0.8497,"touches_edge":false},"type":"Feature"},{"geometry":{"coordinates":[[[-5.9495714,39.931241],[-5.9495902,39.9312513],[-5.9495902,39.9312595],[-5.9495553,39.9312739],[-5.9495527,39.9312554],[-5.9495714,39.931241]]],"type":"Polygon"},"id":124,"properties":{"area_m2":7.549,"centroid_lonlat":[-5.9495707,39.9312574],"centroid_px":[415.139,88.5],"confidence":0.706,"confidence_bucket":"high","detector_score":null,"eccentricity":0.7779,"equivalent_diameter_m":3.1,"height_m":null,"height_reason":"unavailable","id":124,"low_confidence_reason":null,"perimeter_m":10.139,"shadow_length_m":null,"signals":{"separation":0.4178,"shadow":0.0,"shape":0.9227,"size":0.7343},"solidity":0.9,"touches_edge":false},"type":"Feature"},{"geometry":{"coordinates":[[[-5.948697,39.9312369],[-5.9487158,39.931243],[-5.9487185,39.9312656],[-5.9487024,39.9312656],[-5.9486836,39.9312554],[-5.9486783,39.9312471],[-5.948697,39.9312369]]],"type":"Polygon"},"id":125,"properties":{"area_m2":7.339,"centroid_lonlat":[-5.9487024,39.9312523],"centroid_px":[577.0,89.743],"confidence":0.8074,"confidence_bucket":"high","detector_score":null,"eccentricity":0.7323,"equivalent_diameter_m":3.057,"height_m":null,"height_reason":"unavailable","id":125,"low_confidence_reason":null,"perimeter_m":9.839,"shadow_length_m":null,"signals":{"separation":0.5992,"shadow":0.0,"shape":0.9528,"size":0.8413},"solidity":0.875,"touches_edge":false},"type":"Feature"},{"geometry":{"coordinates":[[[-5.9498933,39.9312492],[-5.9499013,39.9312554],[-5.9498987,39.9312656],[-5.9498745,39.9312554],[-5.9498933,39.9312492]]],"type":"Polygon"},"id":126,"properties":{"area_m2":2.307,"centroid_lonlat":[-5.9498904,39.9312572],"centroid_px":[355.545,88.545],"confidence":0.6051,"confidence_bucket":"medium","detector_score":null,"eccentricity":0.826,"equivalent_diameter_m":1.714,"height_m":null,"height_reason":"unavailable","id":126,"low_confidence_reason":null,"perimeter_m":4.138,"shadow_length_m":null,"signals":{"separation":0.0,"shadow":0.0,"shape":1.0,"size":0.7364},"solidity":0.8462,"touches_edge":false},"type":"Feature"},{"geometry":{"coordinates":[[[-5.9497592,39.9312492],[-5.9497833,39.9312513],[-5.9497806,39.9312698],[-5.9497565,39.9312595],[-5.9497592,39.9312492]]],"type":"Polygon"},"id":127,"properties":{"area_m2":4.613,"centroid_lonlat":[-5.9497711,39.9312585],"centroid_px":[377.773,88.227],"confidence":0.7184,"confidence_bucket":"high","detector_score":null,"eccentricity":0.6107,"equivalent_diameter_m":2.424,"height_m":null,"height_reason":"unavailable","id":127,"low_confidence_reason":null,"perimeter_m":6.79,"shadow_length_m":null,"signals":{"separation":0.5344,"shadow":0.0,"shape":1.0,"size":0.5644},"solidity":1.0,"touches_edge":false},"type":"Feature"},{"geometry":{"coordinates":[[[-5.9508052,39.9312163],[-5.9508079,39.9312307],[-5.9508213,39.9312369],[-5.9508348,39.9312307],[-5.9508294,39.9312266],[-5.9508428,39.9312163],[-5.9508508,39.9312183],[-5.9508508,39.9312348],[-5.9508669,39.9312389],[-5.9508616,39.9312595],[-5.9508777,39.9312718],[-5.9508723,39.9312924],[-5.9508884,39.931313],[-5.9508884,39.9313335],[-5.9508723,39.9313459],[-5.9508777,39.9313541],[-5.9508267,39.9313726],[-5.9508106,39.9313726],[-5.9507945,39.9313603],[-5.9507731,39.9313603],[-5.9507489,39.9313335],[-5.9507543,39.9312842],[-5.9507436,39.9312677],[-5.9507704,39.9312513],[-5.9507704,39.9312348],[-5.9508052,39.9312163]]],"type":"Polygon"},"id":128,"properties":{"area_m2":153.915,"centroid_lonlat":[-5.950816,39.9312992],"centroid_px":[182.999,78.341],"confidence":0.2492,"confidence_bucket":"low","detector_score":null,"eccentricity":0.7146,"equivalent_diameter_m":13.999,"height_m":null,"height_reason":"unavailable","id":128,"low_confidence_reason":"Low confidence: this crown is far larger or smaller than its neighbours, so it is likely merged with, or split from, another crown.","perimeter_m":59.698,"shadow_length_m":null,"signals":{"separation":0.1463,"shadow":0.0,"shape":0.5427,"size":0.0},"solidity":0.8865,"touches_edge":false},"type":"Feature"},{"geometry":{"coordinates":[[[-5.9485683,39.9312163],[-5.948571,39.9312348],[-5.948579,39.9312245],[-5.9485978,39.931243],[-5.9485844,39.9312533],[-5.9485576,39.9312492],[-5.9485415,39.9312656],[-5.94852,39.9312656],[-5.9485066,39.9312554],[-5.9485066,39.9312389],[-5.94852,39.9312286],[-5.9485468,39.9312286],[-5.9485683,39.9312163]]],"type":"Polygon"},"id":129,"properties":{"area_m2":25.163,"centroid_lonlat":[-5.9485479,39.9312431],"centroid_px":[605.8,91.983],"confidence":0.3413,"confidence_bucket":"low","detector_score":null,"eccentricity":0.8549,"equivalent_diameter_m":5.66,"height_m":null,"height_reason":"unavailable","id":129,"low_confidence_reason":"Low confidence: this crown is far larger or smaller than its neighbours, so it is likely merged with, or split from, another crown.","perimeter_m":23.468,"shadow_length_m":null,"signals":{"separation":0.3618,"shadow":0.0,"shape":0.5741,"size":0.0412},"solidity":0.8571,"touches_edge":false},"type":"Feature"},{"geometry":{"coordinates":[[[-5.9506792,39.9312348],[-5.9507033,39.9312245],[-5.9507275,39.9312471],[-5.9507194,39.9312574],[-5.9506926,39.9312615],[-5.9506792,39.9312513],[-5.9506792,39.9312348]]],"type":"Polygon"},"id":130,"properties":{"area_m2":11.533,"centroid_lonlat":[-5.9507002,39.931244],"centroid_px":[204.582,91.764],"confidence":0.87,"confidence_bucket":"high","detector_score":null,"eccentricity":0.5743,"equivalent_diameter_m":3.832,"height_m":null,"height_reason":"unavailable","id":130,"low_confidence_reason":null,"perimeter_m":11.971,"shadow_length_m":null,"signals":{"separation":0.676,"shadow":0.0,"shape":1.0,"size":0.908},"solidity":0.9322,"touches_edge":false},"type":"Feature"},{"geometry":{"coordinates":[[[-5.9504405,39.9312286],[-5.9504566,39.9312327],[-5.9504807,39.9312513],[-5.9504727,39.9312574],[-5.9504619,39.9312492],[-5.9504458,39.9312533],[-5.9504324,39.931243],[-5.9504405,39.9312286]]],"type":"Polygon"},"id":131,"properties":{"area_m2":6.92,"centroid_lonlat":[-5.950454,39.9312433],"centroid_px":[250.485,91.939],"confidence":0.6847,"confidence_bucket":"medium","detector_score":null,"eccentricity":0.8937,"equivalent_diameter_m":2.968,"height_m":null,"height_reason":"unavailable","id":131,"low_confidence_reason":null,"perimeter_m":9.587,"shadow_length_m":null,"signals":{"separation":0.3085,"shadow":0.0,"shape":0.9462,"size":0.7471},"solidity":0.825,"touches_edge":false},"type":"Feature"},{"geometry":{"coordinates":[[[-5.9513792,39.9311957],[-5.9513953,39.9312122],[-5.9514168,39.9311957],[-5.9514275,39.9311998],[-5.9514409,39.9312266],[-5.9514409,39.931243],[-5.9513953,39.9312698],[-5.9513631,39.9312656],[-5.9513551,39.9312595],[-5.9513551,39.931243],[-5.9513283,39.9312307],[-5.9513283,39.9312225],[-5.9513524,39.9311998],[-5.9513631,39.9312039],[-5.9513792,39.9311957]]],"type":"Polygon"},"id":132,"properties":{"area_m2":53.472,"centroid_lonlat":[-5.9513884,39.9312314],"centroid_px":[76.294,94.824],"confidence":0.3997,"confidence_bucket":"low","detector_score":null,"eccentricity":0.5407,"equivalent_diameter_m":8.251,"height_m":null,"height_reason":"unavailable","id":132,"low_confidence_reason":"Low confidence: this crown is far larger or smaller than its neighbours, so it is likely merged with, or split from, another crown.","perimeter_m":31.334,"shadow_length_m":null,"signals":{"separation":0.4576,"shadow":0.0,"shape":0.6844,"size":0.0},"solidity":0.8673,"touches_edge":false},"type":"Feature"},{"geometry":{"coordinates":[[[-5.949609,39.9312245],[-5.9496251,39.9312245],[-5.9496439,39.9312389],[-5.9496304,39.9312574],[-5.949609,39.9312574],[-5.9495956,39.9312471],[-5.9495956,39.9312348],[-5.949609,39.9312245]]],"type":"Polygon"},"id":133,"properties":{"area_m2":11.323,"centroid_lonlat":[-5.9496188,39.9312413],"centroid_px":[406.167,92.426],"confidence":0.7699,"confidence_bucket":"high","detector_score":null,"eccentricity":0.5638,"equivalent_diameter_m":3.797,"height_m":null,"height_reason":"unavailable","id":133,"low_confidence_reason":null,"perimeter_m":12.082,"shadow_length_m":null,"signals":{"separation":0.4824,"shadow":0.0,"shape":0.9748,"size":0.8115},"solidity":0.9474,"touches_edge":false},"type":"Feature"},{"geometry":{"coordinates":[[[-5.9487721,39.9311669],[-5.9487802,39.9311731],[-5.9487748,39.9311854],[-5.9487882,39.9311957],[-5.9488097,39.9311957],[-5.9488204,39.9311875],[-5.9488392,39.9312019],[-5.9488553,39.9312471],[-5.9488392,39.9312718],[-5.9487936,39.9312944],[-5.9487399,39.9312615],[-5.9487239,39.9312656],[-5.9487158,39.931243],[-5.9486997,39.9312389],[-5.9487051,39.9312019],[-5.9487399,39.9311752],[-5.9487721,39.9311669]]],"type":"Polygon"},"id":134,"properties":{"area_m2":119.316,"centroid_lonlat":[-5.9487777,39.9312315],"centroid_px":[562.96,94.808],"confidence":0.451,"confidence_bucket":"medium","detector_score":null,"eccentricity":0.6319,"equivalent_diameter_m":12.325,"height_m":null,"height_reason":"unavailable","id":134,"low_confidence_reason":null,"perimeter_m":46.543,"shadow_length_m":null,"signals":{"separation":0.6127,"shadow":0.0,"shape":0.6921,"size":0.0},"solidity":0.8989,"touches_edge":false},"type":"Feature"},{"geometry":{"coordinates":[[[-5.9499416,39.9312039],[-5.9499738,39.9312039],[-5.9499818,39.9312142],[-5.9499764,39.9312348],[-5.9499469,39.9312492],[-5.9499282,39.9312389],[-5.9499282,39.9312142],[-5.9499416,39.9312039]]],"type":"Polygon"},"id":135,"properties":{"area_m2":18.663,"centroid_lonlat":[-5.9499536,39.9312246],"centroid_px":[343.764,96.472],"confidence":0.8119,"confidence_bucket":"high","detector_score":null,"eccentricity":0.5562,"equivalent_diameter_m":4.875,"height_m":null,"height_reason":"unavailable","id":135,"low_confidence_reason":null,"perimeter_m":14.987,"shadow_length_m":null,"signals":{"separation":0.7515,"shadow":0.0,"shape":1.0,"size":0.6467},"solidity":0.9674,"touches_edge":false},"type":"Feature"},{"geometry":{"coordinates":[[[-5.9498665,39.9311916],[-5.9499228,39.931206],[-5.9499067,39.9312101],[-5.9499067,39.9312348],[-5.9499174,39.931243],[-5.9499148,39.9312615],[-5.949904,39.9312615],[-5.9498933,39.9312492],[-5.9498718,39.9312533],[-5.9498611,39.931241],[-5.949837,39.9312348],[-5.9498316,39.9312183],[-5.9498423,39.9312019],[-5.9498665,39.9311916]]],"type":"Polygon"},"id":136,"properties":{"area_m2":37.955,"centroid_lonlat":[-5.9498777,39.9312241],"centroid_px":[357.906,96.591],"confidence":0.4624,"confidence_bucket":"medium","detector_score":null,"eccentricity":0.6435,"equivalent_diameter_m":6.952,"height_m":null,"height_reason":"unavailable","id":136,"low_confidence_reason":null,"perimeter_m":26.405,"shadow_length_m":null,"signals":{"separation":0.6587,"shadow":0.0,"shape":0.6841,"size":0.0},"solidity":0.8303,"touches_edge":false},"type":"Feature"},{"geometry":{"coordinates":[[[-5.9507892,39.9311998],[-5.9508079,39.9312142],[-5.9507892,39.9312286],[-5.9507677,39.9312327],[-5.9507543,39.9312183],[-5.9507838,39.9312081],[-5.9507892,39.9311998]]],"type":"Polygon"},"id":137,"properties":{"area_m2":8.807,"centroid_lonlat":[-5.9507825,39.9312178],"centroid_px":[189.238,98.143],"confidence":0.6911,"confidence_bucket":"medium","detector_score":null,"eccentricity":0.8416,"equivalent_diameter_m":3.349,"height_m":null,"height_reason":"unavailable","id":137,"low_confidence_reason":null,"perimeter_m":11.608,"shadow_length_m":null,"signals":{"separation":0.547,"shadow":0.0,"shape":0.8214,"size":0.6788},"solidity":0.84,"touches_edge":false},"type":"Feature"},{"geometry":{"coordinates":[[[-5.9497753,39.9311998],[-5.9497967,39.9311998],[-5.9498101,39.9312183],[-5.9497941,39.9312307],[-5.9497994,39.9312554],[-5.949786,39.9312656],[-5.9497806,39.9312492],[-5.9497565,39.9312471],[-5.9497672,39.9312348],[-5.9497619,39.9312101],[-5.9497753,39.9311998]]],"type":"Polygon"},"id":138,"properties":{"area_m2":19.501,"centroid_lonlat":[-5.9497828,39.9312275],"centroid_px":[375.591,95.763],"confidence":0.5663,"confidence_bucket":"medium","detector_score":null,"eccentricity":0.8444,"equivalent_diameter_m":4.983,"height_m":null,"height_reason":"unavailable","id":138,"low_confidence_reason":null,"perimeter_m":20.057,"shadow_length_m":null,"signals":{"separation":0.411,"shadow":0.0,"shape":0.6092,"size":0.67},"solidity":0.7881,"touches_edge":false},"type":"Feature"},{"geometry":{"coordinates":[[[-5.9485361,39.9312039],[-5.9485602,39.9312183],[-5.9485468,39.9312286],[-5.9485227,39.9312225],[-5.9485361,39.9312039]]],"type":"Polygon"},"id":139,"properties":{"area_m2":5.452,"centroid_lonlat":[-5.9485408,39.9312177],"centroid_px":[607.115,98.154],"confidence":0.7468,"confidence_bucket":"high","detector_score":null,"eccentricity":0.3042,"equivalent_diameter_m":2.635,"height_m":null,"height_reason":"unavailable","id":139,"low_confidence_reason":null,"perimeter_m":8.308,"shadow_length_m":null,"signals":{"separation":0.4916,"shadow":0.0,"shape":0.9927,"size":0.707},"solidity":0.9286,"touches_edge":false},"type":"Feature"},{"geometry":{"coordinates":[[[-5.950757,39.9311834],[-5.9507731,39.9311834],[-5.9507865,39.9311937],[-5.9507865,39.931206],[-5.9507516,39.9312204],[-5.9507382,39.9312019],[-5.950757,39.9311834]]],"type":"Polygon"},"id":140,"properties":{"area_m2":11.533,"centroid_lonlat":[-5.9507627,39.9312011],"centroid_px":[192.927,102.2],"confidence":0.89,"confidence_bucket":"high","detector_score":null,"eccentricity":0.6853,"equivalent_diameter_m":3.832,"height_m":null,"height_reason":"unavailable","id":140,"low_confidence_reason":null,"perimeter_m":11.971,"shadow_length_m":null,"signals":{"separation":0.676,"shadow":0.0,"shape":1.0,"size":0.9719},"solidity":0.9322,"touches_edge":false},"type":"Feature"},{"geometry":{"coordinates":[[[-5.94955,39.9311916],[-5.9495741,39.9312019],[-5.9495661,39.9312122],[-5.9495473,39.9312019],[-5.94955,39.9311916]]],"type":"Polygon"},"id":141,"properties":{"area_m2":3.774,"centroid_lonlat":[-5.9495601,39.9312014],"centroid_px":[417.111,102.111],"confidence":0.7567,"confidence_bucket":"high","detector_score":null,"eccentricity":0.7717,"equivalent_diameter_m":2.192,"height_m":null,"height_reason":"unavailable","id":141,"low_confidence_reason":null,"perimeter_m":5.986,"shadow_length_m":null,"signals":{"separation":0.5908,"shadow":0.0,"shape":1.0,"size":0.6306},"solidity":1.0,"touches_edge":false},"type":"Feature"},{"geometry":{"coordinates":[[[-5.9489653,39.9311834],[-5.9489894,39.9311978],[-5.9489948,39.9312101],[-5.9489867,39.9312163],[-5.9489626,39.9312142],[-5.9489572,39.9311895],[-5.9489653,39.9311834]]],"type":"Polygon"},"id":142,"properties":{"area_m2":8.597,"centroid_lonlat":[-5.9489738,39.9312017],"centroid_px":[526.415,102.049],"confidence":0.7216,"confidence_bucket":"high","detector_score":null,"eccentricity":0.734,"equivalent_diameter_m":3.309,"height_m":null,"height_reason":"unavailable","id":142,"low_confidence_reason":null,"perimeter_m":10.028,"shadow_length_m":null,"signals":{"separation":0.5536,"shadow":0.0,"shape":1.0,"size":0.5555},"solidity":0.9535,"touches_edge":false},"type":"Feature"},{"geometry":{"coordinates":[[[-5.9508213,39.9311834],[-5.9508348,39.9311978],[-5.950816,39.9312081],[-5.9508026,39.9312019],[-5.9508213,39.9311834]]],"type":"Polygon"},"id":143,"properties":{"area_m2":4.194,"centroid_lonlat":[-5.9508203,39.931197],"centroid_px":[182.2,103.2],"confidence":0.6719,"confidence_bucket":"medium","detector_score":null,"eccentricity":0.6652,"equivalent_diameter_m":2.311,"height_m":null,"height_reason":"unavailable","id":143,"low_confidence_reason":null,"perimeter_m":6.823,"shadow_length_m":null,"signals":{"separation":0.5605,"shadow":0.0,"shape":1.0,"size":0.3897},"solidity":0.9091,"touches_edge":false},"type":"Feature"},{"geometry":{"coordinates":[[[-5.9499362,39.9311793],[-5.949963,39.9311793],[-5.9499764,39.9311895],[-5.9499711,39.9312019],[-5.9499308,39.9312039],[-5.9499362,39.9311793]]],"type":"Polygon"},"id":144,"properties":{"area_m2":9.017,"centroid_lonlat":[-5.9499523,39.9311927],"centroid_px":[344.0,104.233],"confidence":0.7977,"confidence_bucket":"high","detector_score":null,"eccentricity":0.716,"equivalent_diameter_m":3.388,"height_m":null,"height_reason":"unavailable","id":144,"low_confidence_reason":null,"perimeter_m":11.118,"shadow_length_m":null,"signals":{"separation":0.5406,"shadow":0.0,"shape":0.9167,"size":0.912},"solidity":0.8958,"touches_edge":false},"type":"Feature"},{"geometry":{"coordinates":[[[-5.9517977,39.9311752],[-5.9518003,39.9311978],[-5.9517923,39.9312039],[-5.9517843,39.9311854],[-5.9517977,39.9311752]]],"type":"Polygon"},"id":145,"properties":{"area_m2":3.355,"centroid_lonlat":[-5.951793,39.9311901],"centroid_px":[0.875,104.875],"confidence":0.7454,"confidence_bucket":"high","detector_score":null,"eccentricity":0.8938,"equivalent_diameter_m":2.067,"height_m":null,"height_reason":"unavailable","id":145,"low_confidence_reason":null,"perimeter_m":6.254,"shadow_length_m":null,"signals":{"separation":0.4431,"shadow":0.0,"shape":1.0,"size":0.7421},"solidity":1.0,"touches_edge":true},"type":"Feature"},{"geometry":{"coordinates":[[[-5.9499094,39.9311752],[-5.9499335,39.9311772],[-5.9499255,39.9312081],[-5.9498852,39.9311895],[-5.9499094,39.9311752]]],"type":"Polygon"},"id":146,"properties":{"area_m2":9.646,"centroid_lonlat":[-5.9499136,39.9311899],"centroid_px":[351.217,104.913],"confidence":0.8276,"confidence_bucket":"high","detector_score":null,"eccentricity":0.5436,"equivalent_diameter_m":3.505,"height_m":null,"height_reason":"unavailable","id":146,"low_confidence_reason":null,"perimeter_m":11.876,"shadow_length_m":null,"signals":{"separation":0.7392,"shadow":0.0,"shape":0.8594,"size":0.8778},"solidity":0.902,"touches_edge":false},"type":"Feature"},{"geometry":{"coordinates":[[[-5.9504512,39.9311669],[-5.95047,39.931169],[-5.9504753,39.9311854],[-5.9504619,39.9311957],[-5.9504431,39.9311772],[-5.9504512,39.9311669]]],"type":"Polygon"},"id":147,"properties":{"area_m2":5.452,"centroid_lonlat":[-5.9504597,39.9311796],"centroid_px":[249.423,107.423],"confidence":0.6524,"confidence_bucket":"medium","detector_score":null,"eccentricity":0.731,"equivalent_diameter_m":2.635,"height_m":null,"height_reason":"unavailable","id":147,"low_confidence_reason":null,"perimeter_m":8.197,"shadow_length_m":null,"signals":{"separation":0.3476,"shadow":0.0,"shape":1.0,"size":0.5401},"solidity":0.8667,"touches_edge":false},"type":"Feature"},{"geometry":{"coordinates":[[[-5.9497002,39.9311669],[-5.9497136,39.9311731],[-5.9497136,39.9311813],[-5.9497082,39.9311937],[-5.9496841,39.9312039],[-5.9496707,39.9311772],[-5.9496787,39.9311793],[-5.9497002,39.9311669]]],"type":"Polygon"},"id":148,"properties":{"area_m2":9.436,"centroid_lonlat":[-5.9496942,39.9311849],"centroid_px":[392.111,106.133],"confidence":0.7778,"confidence_bucket":"high","detector_score":null,"eccentricity":0.6716,"equivalent_diameter_m":3.466,"height_m":null,"height_reason":"unavailable","id":148,"low_confidence_reason":null,"perimeter_m":11.592,"shadow_length_m":null,"signals":{"separation":0.5284,"shadow":0.0,"shape":0.8825,"size":0.9016},"solidity":0.8654,"touches_edge":false},"type":"Feature"},{"geometry":{"coordinates":[[[-5.9493676,39.931171],[-5.949381,39.9311813],[-5.9493729,39.9311957],[-5.9493542,39.9311895],[-5.9493676,39.931171]]],"type":"Polygon"},"id":149,"properties":{"area_m2":4.404,"centroid_lonlat":[-5.9493681,39.931185],"centroid_px":[452.905,106.095],"confidence":0.7774,"confidence_bucket":"high","detector_score":null,"eccentricity":0.5458,"equivalent_diameter_m":2.368,"height_m":null,"height_reason":"unavailable","id":149,"low_confidence_reason":null,"perimeter_m":6.633,"shadow_length_m":null,"signals":{"separation":0.547,"shadow":0.0,"shape":1.0,"size":0.7406},"solidity":0.9545,"touches_edge":false},"type":"Feature"},{"geometry":{"coordinates":[[[-5.94955,39.9311669],[-5.9495741,39.9311731],[-5.9495661,39.9311916],[-5.9495527,39.9311895],[-5.9495419,39.9311731],[-5.94955,39.9311669]]],"type":"Polygon"},"id":150,"properties":{"area_m2":5.452,"centroid_lonlat":[-5.9495605,39.9311783],"centroid_px":[417.038,107.731],"confidence":0.7635,"confidence_bucket":"high","detector_score":null,"eccentricity":0.6587,"equivalent_diameter_m":2.635,"height_m":null,"height_reason":"unavailable","id":150,"low_confidence_reason":null,"perimeter_m":7.817,"shadow_length_m":null,"signals":{"separation":0.4916,"shadow":0.0,"shape":1.0,"size":0.7515},"solidity":0.8966,"touches_edge":false},"type":"Feature"},{"geometry":{"coordinates":[[[-5.9498879,39.9311587],[-5.9499094,39.9311587],[-5.9499174,39.9311731],[-5.9498826,39.9311916],[-5.9498692,39.9311731],[-5.9498879,39.9311587]]],"type":"Polygon"},"id":151,"properties":{"area_m2":9.227,"centroid_lonlat":[-5.9498922,39.9311732],"centroid_px":[355.205,108.977],"confidence":0.7678,"confidence_bucket":"high","detector_score":null,"eccentricity":0.8209,"equivalent_diameter_m":3.427,"height_m":null,"height_reason":"unavailable","id":151,"low_confidence_reason":null,"perimeter_m":11.435,"shadow_length_m":null,"signals":{"separation":0.5344,"shadow":0.0,"shape":0.8868,"size":0.8583},"solidity":0.9167,"touches_edge":false},"type":"Feature"},{"geometry":{"coordinates":[[[-5.9506229,39.9311464],[-5.9506524,39.9311649],[-5.9506524,39.9311813],[-5.9506443,39.9311875],[-5.9506175,39.9311875],[-5.9506041,39.9311772],[-5.9506229,39.9311464]]],"type":"Polygon"},"id":152,"properties":{"area_m2":12.372,"centroid_lonlat":[-5.9506294,39.93117],"centroid_px":[217.78,109.763],"confidence":0.8261,"confidence_bucket":"high","detector_score":null,"eccentricity":0.4848,"equivalent_diameter_m":3.969,"height_m":null,"height_reason":"unavailable","id":152,"low_confidence_reason":null,"perimeter_m":13.646,"shadow_length_m":null,"signals":{"separation":0.6527,"shadow":0.0,"shape":0.8349,"size":0.9888},"solidity":0.9077,"touches_edge":false},"type":"Feature"},{"geometry":{"coordinates":[[[-5.949609,39.9311505],[-5.9496331,39.9311525],[-5.9496331,39.9311649],[-5.9496197,39.9311793],[-5.949609,39.9311793],[-5.9495956,39.9311608],[-5.949609,39.9311505]]],"type":"Polygon"},"id":153,"properties":{"area_m2":7.759,"centroid_lonlat":[-5.9496159,39.9311638],"centroid_px":[406.703,111.27],"confidence":0.845,"confidence_bucket":"high","detector_score":null,"eccentricity":0.573,"equivalent_diameter_m":3.143,"height_m":null,"height_reason":"unavailable","id":153,"low_confidence_reason":null,"perimeter_m":9.381,"shadow_length_m":null,"signals":{"separation":0.5828,"shadow":0.0,"shape":1.0,"size":0.9214},"solidity":0.9487,"touches_edge":false},"type":"Feature"},{"geometry":{"coordinates":[[[-5.9484208,39.9311608],[-5.9484449,39.9311505],[-5.9484583,39.9311649],[-5.9484637,39.9311772],[-5.9484503,39.9311875],[-5.9484342,39.9311875],[-5.9484208,39.9311772],[-5.9484208,39.9311608]]],"type":"Polygon"},"id":154,"properties":{"area_m2":10.904,"centroid_lonlat":[-5.9484405,39.9311698],"centroid_px":[625.827,109.808],"confidence":0.8126,"confidence_bucket":"high","detector_score":null,"eccentricity":0.6542,"equivalent_diameter_m":3.726,"height_m":null,"height_reason":"unavailable","id":154,"low_confidence_reason":null,"perimeter_m":11.703,"shadow_length_m":null,"signals":{"separation":0.5496,"shadow":0.0,"shape":1.0,"size":0.8508},"solidity":0.9455,"touches_edge":false},"type":"Feature"},{"geometry":{"coordinates":[[[-5.9497914,39.9311464],[-5.9497967,39.9311546],[-5.9498075,39.9311464],[-5.9498289,39.9311464],[-5.949837,39.9311525],[-5.949837,39.9311772],[-5.9498289,39.9311834],[-5.9498075,39.9311834],[-5.9497941,39.9311731],[-5.9497914,39.9311464]]],"type":"Polygon"},"id":155,"properties":{"area_m2":14.049,"centroid_lonlat":[-5.9498148,39.9311644],"centroid_px":[369.642,111.119],"confidence":0.682,"confidence_bucket":"medium","detector_score":null,"eccentricity":0.467,"equivalent_diameter_m":4.229,"height_m":null,"height_reason":"unavailable","id":155,"low_confidence_reason":null,"perimeter_m":13.708,"shadow_length_m":null,"signals":{"separation":0.6848,"shadow":0.0,"shape":0.9396,"size":0.37},"solidity":0.9178,"touches_edge":false},"type":"Feature"},{"geometry":{"coordinates":[[[-5.9494641,39.9311422],[-5.9494749,39.9311422],[-5.9494829,39.9311525],[-5.9494695,39.931171],[-5.9494561,39.9311608],[-5.9494668,39.9311525],[-5.9494641,39.9311422]]],"type":"Polygon"},"id":156,"properties":{"area_m2":4.194,"centroid_lonlat":[-5.9494706,39.931156],"centroid_px":[433.8,113.15],"confidence":0.6988,"confidence_bucket":"medium","detector_score":null,"eccentricity":0.8255,"equivalent_diameter_m":2.311,"height_m":null,"height_reason":"unavailable","id":156,"low_confidence_reason":null,"perimeter_m":7.281,"shadow_length_m":null,"signals":{"separation":0.3963,"shadow":0.0,"shape":0.9942,"size":0.6467},"solidity":0.7692,"touches_edge":false},"type":"Feature"},{"geometry":{"coordinates":[[[-5.9503224,39.9311381],[-5.9503412,39.9311402],[-5.9503359,39.9311443],[-5.950352,39.931169],[-5.9503439,39.9311752],[-5.9503224,39.9311752],[-5.950309,39.9311608],[-5.950309,39.9311484],[-5.9503224,39.9311381]]],"type":"Polygon"},"id":157,"properties":{"area_m2":11.114,"centroid_lonlat":[-5.950329,39.9311577],"centroid_px":[273.774,112.755],"confidence":0.7277,"confidence_bucket":"high","detector_score":null,"eccentricity":0.6956,"equivalent_diameter_m":3.762,"height_m":null,"height_reason":"unavailable","id":157,"low_confidence_reason":null,"perimeter_m":12.239,"shadow_length_m":null,"signals":{"separation":0.6886,"shadow":0.0,"shape":0.9323,"size":0.5213},"solidity":0.9138,"touches_edge":false},"type":"Feature"},{"geometry":{"coordinates":[[[-5.9497645,39.9311381],[-5.9497887,39.9311443],[-5.9497941,39.9311608],[-5.9497806,39.9311752],[-5.9497592,39.9311752],[-5.9497511,39.931169],[-5.9497619,39.9311608],[-5.9497565,39.9311443],[-5.9497645,39.9311381]]],"type":"Polygon"},"id":158,"properties":{"area_m2":10.485,"centroid_lonlat":[-5.9497731,39.9311573],"centroid_px":[377.4,112.84],"confidence":0.7792,"confidence_bucket":"high","detector_score":null,"eccentricity":0.7459,"equivalent_diameter_m":3.654,"height_m":null,"height_reason":"unavailable","id":158,"low_confidence_reason":null,"perimeter_m":12.239,"shadow_length_m":null,"signals":{"separation":0.5013,"shadow":0.0,"shape":0.8795,"size":0.9367},"solidity":0.8475,"touches_edge":false},"type":"Feature"},{"geometry":{"coordinates":[[[-5.9489009,39.9311381],[-5.9489223,39.9311381],[-5.9489357,39.9311484],[-5.9488955,39.931171],[-5.9488875,39.9311649],[-5.9488875,39.9311484],[-5.9489009,39.9311381]]],"type":"Polygon"},"id":159,"properties":{"area_m2":10.065,"centroid_lonlat":[-5.9489079,39.9311525],"centroid_px":[538.688,114.0],"confidence":0.8434,"confidence_bucket":"high","detector_score":null,"eccentricity":0.7271,"equivalent_diameter_m":3.58,"height_m":null,"height_reason":"unavailable","id":159,"low_confidence_reason":null,"perimeter_m":11.055,"shadow_length_m":null,"signals":{"separation":0.7236,"shadow":0.0,"shape":1.0,"size":0.7752},"solidity":0.9796,"touches_edge":false},"type":"Feature"},{"geometry":{"coordinates":[[[-5.9484074,39.9311422],[-5.9484154,39.9311608],[-5.9483913,39.931171],[-5.9483778,39.9311608],[-5.9484074,39.9311422]]],"type":"Polygon"},"id":160,"properties":{"area_m2":5.662,"centroid_lonlat":[-5.9483992,39.9311573],"centroid_px":[633.519,112.852],"confidence":0.6714,"confidence_bucket":"medium","detector_score":null,"eccentricity":0.8122,"equivalent_diameter_m":2.685,"height_m":null,"height_reason":"unavailable","id":160,"low_confidence_reason":null,"perimeter_m":8.576,"shadow_length_m":null,"signals":{"separation":0.3411,"shadow":0.0,"shape":0.9674,"size":0.6464},"solidity":0.9,"touches_edge":false},"type":"Feature"},{"geometry":{"coordinates":[[[-5.9504566,39.9311258],[-5.95047,39.9311566],[-5.9504619,39.9311669],[-5.9504458,39.9311669],[-5.9504271,39.9311484],[-5.9504405,39.9311464],[-5.9504566,39.9311258]]],"type":"Polygon"},"id":161,"properties":{"area_m2":8.597,"centroid_lonlat":[-5.9504518,39.9311511],"centroid_px":[250.878,114.341],"confidence":0.8065,"confidence_bucket":"high","detector_score":null,"eccentricity":0.6519,"equivalent_diameter_m":3.309,"height_m":null,"height_reason":"unavailable","id":161,"low_confidence_reason":null,"perimeter_m":10.944,"shadow_length_m":null,"signals":{"separation":0.619,"shadow":0.0,"shape":0.902,"size":0.8795},"solidity":0.7736,"touches_edge":false},"type":"Feature"},{"geometry":{"coordinates":[[[-5.9489492,39.931134],[-5.9489733,39.9311484],[-5.9489599,39.9311669],[-5.9489357,39.9311484],[-5.9489492,39.931134]]],"type":"Polygon"},"id":162,"properties":{"area_m2":6.5,"centroid_lonlat":[-5.948955,39.9311504],"centroid_px":[529.903,114.516],"confidence":0.6215,"confidence_bucket":"medium","detector_score":null,"eccentricity":0.7799,"equivalent_diameter_m":2.877,"height_m":null,"height_reason":"unavailable","id":162,"low_confidence_reason":null,"perimeter_m":8.955,"shadow_length_m":null,"signals":{"separation":0.4502,"shadow":0.0,"shape":1.0,"size":0.3387},"solidity":0.9394,"touches_edge":false},"type":"Feature"},{"geometry":{"coordinates":[[[-5.9515563,39.9311299],[-5.951575,39.9311402],[-5.9515616,39.9311546],[-5.9515429,39.9311443],[-5.9515563,39.9311299]]],"type":"Polygon"},"id":163,"properties":{"area_m2":5.033,"centroid_lonlat":[-5.9515589,39.9311422],"centroid_px":[44.5,116.5],"confidence":0.8415,"confidence_bucket":"high","detector_score":null,"eccentricity":0.0,"equivalent_diameter_m":2.531,"height_m":null,"height_reason":"unavailable","id":163,"low_confidence_reason":null,"perimeter_m":7.012,"shadow_length_m":null,"signals":{"separation":0.5117,"shadow":0.0,"shape":1.0,"size":0.9813},"solidity":1.0,"touches_edge":false},"type":"Feature"},{"geometry":{"coordinates":[[[-5.9504887,39.9311299],[-5.9505129,39.9311402],[-5.9505022,39.9311649],[-5.9505129,39.9311731],[-5.9504941,39.9311875],[-5.9504887,39.9311793],[-5.9504753,39.9311772],[-5.9504861,39.9311649],[-5.9504646,39.9311484],[-5.9504887,39.9311299]]],"type":"Polygon"},"id":164,"properties":{"area_m2":15.098,"centroid_lonlat":[-5.9504924,39.9311562],"centroid_px":[243.319,113.097],"confidence":0.4879,"confidence_bucket":"medium","detector_score":null,"eccentricity":0.8273,"equivalent_diameter_m":4.384,"height_m":null,"height_reason":"unavailable","id":164,"low_confidence_reason":null,"perimeter_m":18.257,"shadow_length_m":null,"signals":{"separation":0.4178,"shadow":0.0,"shape":0.5692,"size":0.4604},"solidity":0.766,"touches_edge":false},"type":"Feature"},{"geometry":{"coordinates":[[[-5.9504351,39.9311217],[-5.9504512,39.9311258],[-5.9504539,39.9311361],[-5.9504405,39.9311464],[-5.950419,39.9311464],[-5.950411,39.931132],[-5.9504351,39.9311217]]],"type":"Polygon"},"id":165,"properties":{"area_m2":7.549,"centroid_lonlat":[-5.9504326,39.931135],"centroid_px":[254.472,118.25],"confidence":0.8003,"confidence_bucket":"high","detector_score":null,"eccentricity":0.7613,"equivalent_diameter_m":3.1,"height_m":null,"height_reason":"unavailable","id":165,"low_confidence_reason":null,"perimeter_m":9.76,"shadow_length_m":null,"signals":{"separation":0.5908,"shadow":0.0,"shape":0.9959,"size":0.7751},"solidity":0.9231,"touches_edge":false},"type":"Feature"},{"geometry":{"coordinates":[[[-5.9501937,39.9311176],[-5.9502125,39.9311196],[-5.9502152,39.9311464],[-5.9502044,39.9311464],[-5.9501857,39.931132],[-5.9501937,39.9311176]]],"type":"Polygon"},"id":166,"properties":{"area_m2":6.5,"centroid_lonlat":[-5.9502032,39.9311316],"centroid_px":[297.226,119.097],"confidence":0.7579,"confidence_bucket":"high","detector_score":null,"eccentricity":0.7529,"equivalent_diameter_m":2.877,"height_m":null,"height_reason":"unavailable","id":166,"low_confidence_reason":null,"perimeter_m":8.733,"shadow_length_m":null,"signals":{"separation":0.4502,"shadow":0.0,"shape":1.0,"size":0.7752},"solidity":0.9394,"touches_edge":false},"type":"Feature"},{"geometry":{"coordinates":[[[-5.9489706,39.9311134],[-5.9489867,39.9311134],[-5.9490055,39.9311278],[-5.9490001,39.9311443],[-5.948976,39.9311546],[-5.9489518,39.9311361],[-5.9489706,39.9311134]]],"type":"Polygon"},"id":167,"properties":{"area_m2":13.63,"centroid_lonlat":[-5.9489795,39.9311326],"centroid_px":[525.338,118.846],"confidence":0.8345,"confidence_bucket":"high","detector_score":null,"eccentricity":0.2071,"equivalent_diameter_m":4.166,"height_m":null,"height_reason":"unavailable","id":167,"low_confidence_reason":null,"perimeter_m":13.077,"shadow_length_m":null,"signals":{"separation":0.6952,"shadow":0.0,"shape":1.0,"size":0.7752},"solidity":0.942,"touches_edge":false},"type":"Feature"},{"geometry":{"coordinates":[[[-5.9507892,39.9311093],[-5.9508079,39.9311155],[-5.9508026,39.9311196],[-5.9508187,39.931132],[-5.9508106,39.9311381],[-5.9507999,39.931134],[-5.9507892,39.9311422],[-5.9507704,39.9311237],[-5.9507892,39.9311093]]],"type":"Polygon"},"id":168,"properties":{"area_m2":8.388,"centroid_lonlat":[-5.9507932,39.931125],"centroid_px":[187.25,120.7],"confidence":0.7412,"confidence_bucket":"high","detector_score":null,"eccentricity":0.5292,"equivalent_diameter_m":3.268,"height_m":null,"height_reason":"unavailable","id":168,"low_confidence_reason":null,"perimeter_m":11.166,"shadow_length_m":null,"signals":{"separation":0.3963,"shadow":0.0,"shape":0.8453,"size":0.9613},"solidity":0.8,"touches_edge":false},"type":"Feature"},{"geometry":{"coordinates":[[[-5.9503761,39.9311093],[-5.9503976,39.9311093],[-5.9504163,39.9311278],[-5.9503976,39.9311464],[-5.9503627,39.9311361],[-5.9503627,39.9311196],[-5.9503761,39.9311093]]],"type":"Polygon"},"id":169,"properties":{"area_m2":14.049,"centroid_lonlat":[-5.9503876,39.9311272],"centroid_px":[262.851,120.164],"confidence":0.7608,"confidence_bucket":"high","detector_score":null,"eccentricity":0.4186,"equivalent_diameter_m":4.229,"height_m":null,"height_reason":"unavailable","id":169,"low_confidence_reason":null,"perimeter_m":13.266,"shadow_length_m":null,"signals":{"separation":0.6125,"shadow":0.0,"shape":1.0,"size":0.6219},"solidity":0.9437,"touches_edge":false},"type":"Feature"},{"geometry":{"coordinates":[[[-5.9489384,39.9311011],[-5.9489545,39.9311011],[-5.9489679,39.9311114],[-5.9489438,39.9311381],[-5.9489197,39.9311278],[-5.9489197,39.9311155],[-5.9489384,39.9311011]]],"type":"Polygon"},"id":170,"properties":{"area_m2":12.162,"centroid_lonlat":[-5.9489425,39.9311189],"centroid_px":[532.241,122.172],"confidence":0.8628,"confidence_bucket":"high","detector_score":null,"eccentricity":0.6453,"equivalent_diameter_m":3.935,"height_m":null,"height_reason":"unavailable","id":170,"low_confidence_reason":null,"perimeter_m":11.703,"shadow_length_m":null,"signals":{"separation":0.6583,"shadow":0.0,"shape":1.0,"size":0.9026},"solidity":0.9831,"touches_edge":false},"type":"Feature"},{"geometry":{"coordinates":[[[-5.9485039,39.9310559],[-5.9485307,39.93106],[-5.9485468,39.9310764],[-5.9485683,39.9310764],[-5.9485763,39.9310867],[-5.9485602,39.9311155],[-5.9485522,39.9311217],[-5.9485361,39.9311176],[-5.9485146,39.931134],[-5.9484798,39.9311237],[-5.9484798,39.9311114],[-5.9484905,39.9311032],[-5.9484851,39.9310744],[-5.9485039,39.9310559]]],"type":"Polygon"},"id":171,"properties":{"area_m2":46.762,"centroid_lonlat":[-5.9485221,39.9310959],"centroid_px":[610.61,127.776],"confidence":0.4811,"confidence_bucket":"medium","detector_score":null,"eccentricity":0.4574,"equivalent_diameter_m":7.716,"height_m":null,"height_reason":"unavailable","id":171,"low_confidence_reason":null,"perimeter_m":27.985,"shadow_length_m":null,"signals":{"separation":0.6392,"shadow":0.0,"shape":0.7503,"size":0.0},"solidity":0.878,"touches_edge":false},"type":"Feature"},{"geometry":{"coordinates":[[[-5.9502366,39.9310888],[-5.9502661,39.9310867],[-5.9502608,39.9310908],[-5.9502769,39.9311032],[-5.9502769,39.9311114],[-5.9502581,39.931134],[-5.9502473,39.9311299],[-5.9502205,39.9311464],[-5.9502071,39.9311155],[-5.9502366,39.9310888]]],"type":"Polygon"},"id":172,"properties":{"area_m2":23.486,"centroid_lonlat":[-5.9502429,39.9311134],"centroid_px":[289.821,123.518],"confidence":0.5018,"confidence_bucket":"medium","detector_score":null,"eccentricity":0.7088,"equivalent_diameter_m":5.468,"height_m":null,"height_reason":"unavailable","id":172,"low_confidence_reason":null,"perimeter_m":19.978,"shadow_length_m":null,"signals":{"separation":0.6699,"shadow":0.0,"shape":0.7395,"size":0.0484},"solidity":0.8485,"touches_edge":false},"type":"Feature"},{"geometry":{"coordinates":[[[-5.9494641,39.9311011],[-5.9494936,39.9311073],[-5.9494856,39.9311258],[-5.9494588,39.9311258],[-5.9494507,39.9311196],[-5.9494641,39.9311011]]],"type":"Polygon"},"id":173,"properties":{"area_m2":7.549,"centroid_lonlat":[-5.9494728,39.9311137],"centroid_px":[433.389,123.444],"confidence":0.6883,"confidence_bucket":"medium","detector_score":null,"eccentricity":0.7342,"equivalent_diameter_m":3.1,"height_m":null,"height_reason":"unavailable","id":173,"low_confidence_reason":null,"perimeter_m":10.028,"shadow_length_m":null,"signals":{"separation":0.2954,"shadow":0.0,"shape":0.9433,"size":0.7752},"solidity":0.878,"touches_edge":false},"type":"Feature"},{"geometry":{"coordinates":[[[-5.9506443,39.9310805],[-5.9506604,39.9310805],[-5.9506738,39.9310991],[-5.9506658,39.9311176],[-5.9506443,39.9311176],[-5.9506309,39.9311073],[-5.9506309,39.9310908],[-5.9506443,39.9310805]]],"type":"Polygon"},"id":174,"properties":{"area_m2":12.372,"centroid_lonlat":[-5.950652,39.9311],"centroid_px":[213.559,126.78],"confidence":0.7421,"confidence_bucket":"high","detector_score":null,"eccentricity":0.5772,"equivalent_diameter_m":3.969,"height_m":null,"height_reason":"unavailable","id":174,"low_confidence_reason":null,"perimeter_m":11.86,"shadow_length_m":null,"signals":{"separation":0.6923,"shadow":0.0,"shape":1.0,"size":0.4823},"solidity":0.9672,"touches_edge":false},"type":"Feature"},{"geometry":{"coordinates":[[[-5.9486756,39.9310847],[-5.9486863,39.9310929],[-5.9487185,39.9310847],[-5.9487265,39.9310908],[-5.9487212,39.9311114],[-5.9487131,39.9311176],[-5.9486917,39.9311176],[-5.9486809,39.9311093],[-5.9486756,39.9311134],[-5.9486622,39.9311032],[-5.9486622,39.9310908],[-5.9486756,39.9310847]]],"type":"Polygon"},"id":175,"properties":{"area_m2":15.727,"centroid_lonlat":[-5.9486961,39.9311005],"centroid_px":[578.173,126.64],"confidence":0.6918,"confidence_bucket":"medium","detector_score":null,"eccentricity":0.7871,"equivalent_diameter_m":4.475,"height_m":null,"height_reason":"unavailable","id":175,"low_confidence_reason":null,"perimeter_m":15.746,"shadow_length_m":null,"signals":{"separation":0.4093,"shadow":0.0,"shape":0.7971,"size":0.8479},"solidity":0.8929,"touches_edge":false},"type":"Feature"},{"geometry":{"coordinates":[[[-5.9483269,39.93106],[-5.9483591,39.9310641],[-5.9483725,39.9310908],[-5.9483725,39.9310991],[-5.9483376,39.9311299],[-5.9482974,39.9311114],[-5.9482974,39.9310949],[-5.9483269,39.93106]]],"type":"Polygon"},"id":176,"properties":{"area_m2":32.922,"centroid_lonlat":[-5.9483346,39.9310934],"centroid_px":[645.554,128.376],"confidence":0.6413,"confidence_bucket":"medium","detector_score":null,"eccentricity":0.668,"equivalent_diameter_m":6.474,"height_m":null,"height_reason":"unavailable","id":176,"low_confidence_reason":null,"perimeter_m":22.11,"shadow_length_m":null,"signals":{"separation":0.6002,"shadow":0.0,"shape":0.8462,"size":0.4364},"solidity":0.9023,"touches_edge":false},"type":"Feature"},{"geometry":{"coordinates":[[[-5.9496841,39.9310723],[-5.9497082,39.9310826],[-5.9496948,39.9311093],[-5.949676,39.9310949],[-5.949676,39.9310785],[-5.9496841,39.9310723]]],"type":"Polygon"},"id":177,"properties":{"area_m2":7.339,"centroid_lonlat":[-5.9496914,39.9310898],"centroid_px":[392.629,129.257],"confidence":0.8153,"confidence_bucket":"high","detector_score":null,"eccentricity":0.7286,"equivalent_diameter_m":3.057,"height_m":null,"height_reason":"unavailable","id":177,"low_confidence_reason":null,"perimeter_m":9.492,"shadow_length_m":null,"signals":{"separation":0.5992,"shadow":0.0,"shape":1.0,"size":0.8097},"solidity":0.8974,"touches_edge":false},"type":"Feature"},{"geometry":{"coordinates":[[[-5.9495875,39.9310723],[-5.949609,39.9310723],[-5.949617,39.9310785],[-5.9496117,39.9310991],[-5.9495983,39.9311093],[-5.9495741,39.9310826],[-5.9495875,39.9310723]]],"type":"Polygon"},"id":178,"properties":{"area_m2":9.856,"centroid_lonlat":[-5.9495968,39.9310878],"centroid_px":[410.277,129.723],"confidence":0.7481,"confidence_bucket":"high","detector_score":null,"eccentricity":0.5884,"equivalent_diameter_m":3.542,"height_m":null,"height_reason":"unavailable","id":178,"low_confidence_reason":null,"perimeter_m":11.055,"shadow_length_m":null,"signals":{"separation":0.5171,"shadow":0.0,"shape":1.0,"size":0.6767},"solidity":0.94,"touches_edge":false},"type":"Feature"},{"geometry":{"coordinates":[[[-5.9501776,39.93106],[-5.9501937,39.93106],[-5.9502044,39.9310682],[-5.9502152,39.9310641],[-5.9502286,39.9310744],[-5.9502286,39.9310908],[-5.9502044,39.9311176],[-5.9501615,39.9311093],[-5.9501481,39.9310908],[-5.9501535,39.9310744],[-5.9501776,39.93106]]],"type":"Polygon"},"id":179,"properties":{"area_m2":32.712,"centroid_lonlat":[-5.950189,39.9310884],"centroid_px":[299.878,129.59],"confidence":0.5402,"confidence_bucket":"medium","detector_score":null,"eccentricity":0.3807,"equivalent_diameter_m":6.454,"height_m":null,"height_reason":"unavailable","id":179,"low_confidence_reason":null,"perimeter_m":21.999,"shadow_length_m":null,"signals":{"separation":0.7095,"shadow":0.0,"shape":0.8494,"size":0.0},"solidity":0.9176,"touches_edge":false},"type":"Feature"},{"geometry":{"coordinates":[[[-5.9503815,39.9310641],[-5.9503949,39.9310703],[-5.9503949,39.9310908],[-5.9503707,39.9311011],[-5.9503573,39.9310908],[-5.9503815,39.9310641]]],"type":"Polygon"},"id":180,"properties":{"area_m2":9.227,"centroid_lonlat":[-5.9503789,39.9310836],"centroid_px":[264.477,130.75],"confidence":0.8055,"confidence_bucket":"high","detector_score":null,"eccentricity":0.7562,"equivalent_diameter_m":3.427,"height_m":null,"height_reason":"unavailable","id":180,"low_confidence_reason":null,"perimeter_m":10.408,"shadow_length_m":null,"signals":{"separation":0.5344,"shadow":0.0,"shape":1.0,"size":0.8433},"solidity":0.9778,"touches_edge":false},"type":"Feature"},{"geometry":{"coordinates":[[[-5.9495392,39.9310476],[-5.9495473,39.9310785],[-5.9495339,39.931097],[-5.9495232,39.931097],[-5.9495071,39.9311134],[-5.9494668,39.9310991],[-5.9494776,39.9310949],[-5.9494722,39.9310785],[-5.949491,39.93106],[-5.9495071,39.9310517],[-5.9495339,39.93106],[-5.9495392,39.9310476]]],"type":"Polygon"},"id":181,"properties":{"area_m2":30.406,"centroid_lonlat":[-5.9495093,39.9310804],"centroid_px":[426.579,131.545],"confidence":0.5145,"confidence_bucket":"medium","detector_score":null,"eccentricity":0.6861,"equivalent_diameter_m":6.222,"height_m":null,"height_reason":"unavailable","id":181,"low_confidence_reason":null,"perimeter_m":21.541,"shadow_length_m":null,"signals":{"separation":0.6583,"shadow":0.0,"shape":0.8234,"size":0.0},"solidity":0.8631,"touches_edge":false},"type":"Feature"},{"geometry":{"coordinates":[[[-5.9489706,39.9310641],[-5.9489921,39.9310641],[-5.9490001,39.9310703],[-5.9490001,39.9310826],[-5.948976,39.9311011],[-5.9489572,39.9310908],[-5.9489572,39.9310744],[-5.9489706,39.9310641]]],"type":"Polygon"},"id":182,"properties":{"area_m2":11.533,"centroid_lonlat":[-5.9489777,39.9310807],"centroid_px":[525.673,131.473],"confidence":0.8553,"confidence_bucket":"high","detector_score":null,"eccentricity":0.6372,"equivalent_diameter_m":3.832,"height_m":null,"height_reason":"unavailable","id":182,"low_confidence_reason":null,"perimeter_m":11.323,"shadow_length_m":null,"signals":{"separation":0.676,"shadow":0.0,"shape":1.0,"size":0.8611},"solidity":1.0,"touches_edge":false},"type":"Feature"},{"geometry":{"coordinates":[[[-5.950242,39.93106],[-5.9502661,39.9310744],[-5.9502661,39.9310826],[-5.9502527,39.9310888],[-5.9502286,39.9310867],[-5.9502232,39.9310661],[-5.9502313,39.9310682],[-5.950242,39.93106]]],"type":"Polygon"},"id":183,"properties":{"area_m2":7.759,"centroid_lonlat":[-5.950244,39.9310763],"centroid_px":[289.622,132.541],"confidence":0.7555,"confidence_bucket":"high","detector_score":null,"eccentricity":0.5627,"equivalent_diameter_m":3.143,"height_m":null,"height_reason":"unavailable","id":183,"low_confidence_reason":null,"perimeter_m":10.486,"shadow_length_m":null,"signals":{"separation":0.5828,"shadow":0.0,"shape":0.8867,"size":0.7709},"solidity":0.8409,"touches_edge":false},"type":"Feature"},{"geometry":{"coordinates":[[[-5.9493998,39.9310517],[-5.9494239,39.931062],[-5.9494239,39.9310785],[-5.9494105,39.9310888],[-5.9493864,39.9310744],[-5.9493864,39.931062],[-5.9493998,39.9310517]]],"type":"Polygon"},"id":184,"properties":{"area_m2":9.646,"centroid_lonlat":[-5.9494054,39.9310698],"centroid_px":[445.957,134.109],"confidence":0.6883,"confidence_bucket":"medium","detector_score":null,"eccentricity":0.6138,"equivalent_diameter_m":3.505,"height_m":null,"height_reason":"unavailable","id":184,"low_confidence_reason":null,"perimeter_m":10.787,"shadow_length_m":null,"signals":{"separation":0.5227,"shadow":0.0,"shape":1.0,"size":0.48},"solidity":0.9583,"touches_edge":false},"type":"Feature"},{"geometry":{"coordinates":[[[-5.9507409,39.9310476],[-5.9507704,39.9310661],[-5.9507462,39.9310847],[-5.9507275,39.9310661],[-5.9507409,39.9310476]]],"type":"Polygon"},"id":185,"properties":{"area_m2":8.807,"centroid_lonlat":[-5.9507471,39.9310666],"centroid_px":[195.833,134.881],"confidence":0.8722,"confidence_bucket":"high","detector_score":null,"eccentricity":0.6527,"equivalent_diameter_m":3.349,"height_m":null,"height_reason":"unavailable","id":185,"low_confidence_reason":null,"perimeter_m":10.519,"shadow_length_m":null,"signals":{"separation":0.6116,"shadow":0.0,"shape":1.0,"size":0.9796},"solidity":0.913,"touches_edge":false},"type":"Feature"},{"geometry":{"coordinates":[[[-5.9508482,39.9310394],[-5.9508643,39.9310394],[-5.950883,39.9310497],[-5.9508696,39.9310682],[-5.9508535,39.9310723],[-5.9508455,39.9310661],[-5.9508401,39.9310497],[-5.9508482,39.9310394]]],"type":"Polygon"},"id":186,"properties":{"area_m2":9.017,"centroid_lonlat":[-5.9508603,39.9310545],"centroid_px":[174.744,137.837],"confidence":0.8437,"confidence_bucket":"high","detector_score":null,"eccentricity":0.2648,"equivalent_diameter_m":3.388,"height_m":null,"height_reason":"unavailable","id":186,"low_confidence_reason":null,"perimeter_m":10.676,"shadow_length_m":null,"signals":{"separation":0.6044,"shadow":0.0,"shape":0.9942,"size":0.9026},"solidity":0.8958,"touches_edge":false},"type":"Feature"},{"geometry":{"coordinates":[[[-5.9504619,39.9310394],[-5.950478,39.9310394],[-5.9504914,39.9310579],[-5.9504566,39.9310764],[-5.9504431,39.9310661],[-5.9504431,39.9310497],[-5.9504619,39.9310394]]],"type":"Polygon"},"id":187,"properties":{"area_m2":12.162,"centroid_lonlat":[-5.9504657,39.9310561],"centroid_px":[248.293,137.448],"confidence":0.7531,"confidence_bucket":"high","detector_score":null,"eccentricity":0.6211,"equivalent_diameter_m":3.935,"height_m":null,"height_reason":"unavailable","id":187,"low_confidence_reason":null,"perimeter_m":11.971,"shadow_length_m":null,"signals":{"separation":0.5204,"shadow":0.0,"shape":1.0,"size":0.6896},"solidity":0.9508,"touches_edge":false},"type":"Feature"},{"geometry":{"coordinates":[[[-5.9505156,39.9310271],[-5.9505263,39.9310394],[-5.9505558,39.9310415],[-5.950537,39.93106],[-5.9505156,39.93106],[-5.9505022,39.9310497],[-5.9505156,39.9310271]]],"type":"Polygon"},"id":188,"properties":{"area_m2":9.017,"centroid_lonlat":[-5.9505259,39.9310469],"centroid_px":[237.07,139.674],"confidence":0.6692,"confidence_bucket":"medium","detector_score":null,"eccentricity":0.6645,"equivalent_diameter_m":3.388,"height_m":null,"height_reason":"unavailable","id":188,"low_confidence_reason":null,"perimeter_m":11.955,"shadow_length_m":null,"signals":{"separation":0.2703,"shadow":0.0,"shape":0.7928,"size":0.9197},"solidity":0.7963,"touches_edge":false},"type":"Feature"},{"geometry":{"coordinates":[[[-5.9498879,39.9310353],[-5.9499067,39.9310497],[-5.9498933,39.9310682],[-5.9498692,39.9310579],[-5.9498879,39.9310353]]],"type":"Polygon"},"id":189,"properties":{"area_m2":7.759,"centroid_lonlat":[-5.9498887,39.9310528],"centroid_px":[355.865,138.243],"confidence":0.7811,"confidence_bucket":"high","detector_score":null,"eccentricity":0.6542,"equivalent_diameter_m":3.143,"height_m":null,"height_reason":"unavailable","id":189,"low_confidence_reason":null,"perimeter_m":9.492,"shadow_length_m":null,"signals":{"separation":0.6516,"shadow":0.0,"shape":1.0,"size":0.648},"solidity":0.925,"touches_edge":false},"type":"Feature"},{"geometry":{"coordinates":[[[-5.9495661,39.9310394],[-5.9495741,39.9310579],[-5.94955,39.9310723],[-5.9495419,39.9310538],[-5.9495661,39.9310394]]],"type":"Polygon"},"id":190,"properties":{"area_m2":6.081,"centroid_lonlat":[-5.9495589,39.9310561],"centroid_px":[417.345,137.448],"confidence":0.7074,"confidence_bucket":"high","detector_score":null,"eccentricity":0.7969,"equivalent_diameter_m":2.783,"height_m":null,"height_reason":"unavailable","id":190,"low_confidence_reason":null,"perimeter_m":8.655,"shadow_length_m":null,"signals":{"separation":0.4655,"shadow":0.0,"shape":1.0,"size":0.5984},"solidity":0.8788,"touches_edge":false},"type":"Feature"},{"geometry":{"coordinates":[[[-5.948799,39.9310188],[-5.9488124,39.931025],[-5.948815,39.9310353],[-5.9488311,39.9310353],[-5.9488446,39.9310456],[-5.9488258,39.9310641],[-5.948799,39.9310641],[-5.9487963,39.9310538],[-5.9487802,39.9310497],[-5.9487963,39.9310373],[-5.948799,39.9310188]]],"type":"Polygon"},"id":191,"properties":{"area_m2":14.259,"centroid_lonlat":[-5.9488127,39.9310458],"centroid_px":[556.441,139.956],"confidence":0.7023,"confidence_bucket":"high","detector_score":null,"eccentricity":0.5687,"equivalent_diameter_m":4.261,"height_m":null,"height_reason":"unavailable","id":191,"low_confidence_reason":null,"perimeter_m":16.109,"shadow_length_m":null,"signals":{"separation":0.4299,"shadow":0.0,"shape":0.6905,"size":0.9888},"solidity":0.8,"touches_edge":false},"type":"Feature"},{"geometry":{"coordinates":[[[-5.9487185,39.9310312],[-5.9487453,39.9310312],[-5.9487641,39.9310456],[-5.9487641,39.931062],[-5.9487507,39.9310723],[-5.9487292,39.9310723],[-5.9487158,39.931062],[-5.9487185,39.9310312]]],"type":"Polygon"},"id":192,"properties":{"area_m2":16.356,"centroid_lonlat":[-5.9487386,39.9310516],"centroid_px":[570.256,138.526],"confidence":0.8205,"confidence_bucket":"high","detector_score":null,"eccentricity":0.5562,"equivalent_diameter_m":4.563,"height_m":null,"height_reason":"unavailable","id":192,"low_confidence_reason":null,"perimeter_m":13.692,"shadow_length_m":null,"signals":{"separation":0.7236,"shadow":0.0,"shape":1.0,"size":0.7021},"solidity":1.0,"touches_edge":false},"type":"Feature"},{"geometry":{"coordinates":[[[-5.9482947,39.9310353],[-5.9483162,39.9310353],[-5.9483296,39.9310456],[-5.9483296,39.9310579],[-5.9483135,39.9310703],[-5.9483135,39.9310826],[-5.9482947,39.9311052],[-5.9482652,39.9310867],[-5.9482652,39.9310744],[-5.9482813,39.931062],[-5.9482813,39.9310456],[-5.9482947,39.9310353]]],"type":"Polygon"},"id":193,"properties":{"area_m2":24.744,"centroid_lonlat":[-5.9482973,39.9310662],"centroid_px":[652.517,134.975],"confidence":0.5547,"confidence_bucket":"medium","detector_score":null,"eccentricity":0.8649,"equivalent_diameter_m":5.613,"height_m":null,"height_reason":"unavailable","id":193,"low_confidence_reason":null,"perimeter_m":23.2,"shadow_length_m":null,"signals":{"separation":0.3649,"shadow":0.0,"shape":0.5777,"size":0.717},"solidity":0.8613,"touches_edge":false},"type":"Feature"},{"geometry":{"coordinates":[[[-5.950124,39.9310147],[-5.9501642,39.9310497],[-5.9501642,39.9310661],[-5.9501347,39.9310764],[-5.9501025,39.9310682],[-5.9500891,39.9310497],[-5.9500891,39.9310332],[-5.950124,39.9310147]]],"type":"Polygon"},"id":194,"properties":{"area_m2":28.728,"centroid_lonlat":[-5.9501247,39.9310484],"centroid_px":[311.861,139.307],"confidence":0.667,"confidence_bucket":"medium","detector_score":null,"eccentricity":0.6485,"equivalent_diameter_m":6.048,"height_m":null,"height_reason":"unavailable","id":194,"low_confidence_reason":null,"perimeter_m":20.547,"shadow_length_m":null,"signals":{"separation":0.7572,"shadow":0.0,"shape":0.8551,"size":0.351},"solidity":0.9133,"touches_edge":false},"type":"Feature"},{"geometry":{"coordinates":[[[-5.9486112,39.9310271],[-5.9486219,39.9310271],[-5.9486407,39.9310415],[-5.9486166,39.9310476],[-5.9486085,39.9310415],[-5.9486112,39.9310271]]],"type":"Polygon"},"id":195,"properties":{"area_m2":4.404,"centroid_lonlat":[-5.9486214,39.9310377],"centroid_px":[592.095,141.905],"confidence":0.6413,"confidence_bucket":"medium","detector_score":null,"eccentricity":0.6916,"equivalent_diameter_m":2.368,"height_m":null,"height_reason":"unavailable","id":195,"low_confidence_reason":null,"perimeter_m":6.712,"shadow_length_m":null,"signals":{"separation":0.547,"shadow":0.0,"shape":1.0,"size":0.3051},"solidity":0.9545,"touches_edge":false},"type":"Feature"},{"geometry":{"coordinates":[[[-5.9509394,39.9310188],[-5.9509608,39.9310188],[-5.9509796,39.9310332],[-5.9509662,39.9310517],[-5.9509447,39.9310517],[-5.9509313,39.9310415],[-5.9509313,39.931025],[-5.9509394,39.9310188]]],"type":"Polygon"},"id":196,"properties":{"area_m2":11.953,"centroid_lonlat":[-5.9509537,39.9310355],"centroid_px":[157.333,142.439],"confidence":0.8947,"confidence_bucket":"high","detector_score":null,"eccentricity":0.5209,"equivalent_diameter_m":3.901,"height_m":null,"height_reason":"unavailable","id":196,"low_confidence_reason":null,"perimeter_m":11.971,"shadow_length_m":null,"signals":{"separation":0.7043,"shadow":0.0,"shape":1.0,"size":0.9587},"solidity":0.9661,"touches_edge":false},"type":"Feature"},{"geometry":{"coordinates":[[[-5.9508911,39.9310312],[-5.9509045,39.9310332],[-5.9509018,39.9310517],[-5.950883,39.9310456],[-5.9508911,39.9310312]]],"type":"Polygon"},"id":197,"properties":{"area_m2":3.774,"centroid_lonlat":[-5.9508947,39.9310415],"centroid_px":[168.333,141.0],"confidence":0.6194,"confidence_bucket":"medium","detector_score":null,"eccentricity":0.6124,"equivalent_diameter_m":2.192,"height_m":null,"height_reason":"unavailable","id":197,"low_confidence_reason":null,"perimeter_m":5.874,"shadow_length_m":null,"signals":{"separation":0.4178,"shadow":0.0,"shape":1.0,"size":0.3642},"solidity":1.0,"touches_edge":false},"type":"Feature"},{"geometry":{"coordinates":[[[-5.9487936,39.9310147],[-5.9487963,39.9310373],[-5.9487775,39.9310517],[-5.9487641,39.9310415],[-5.9487641,39.9310291],[-5.9487936,39.9310147]]],"type":"Polygon"},"id":198,"properties":{"area_m2":7.339,"centroid_lonlat":[-5.9487809,39.9310336],"centroid_px":[562.371,142.914],"confidence":0.6576,"confidence_bucket":"medium","detector_score":null,"eccentricity":0.7484,"equivalent_diameter_m":3.057,"height_m":null,"height_reason":"unavailable","id":198,"low_confidence_reason":null,"perimeter_m":9.76,"shadow_length_m":null,"signals":{"separation":0.5992,"shadow":0.0,"shape":0.9682,"size":0.3434},"solidity":0.9211,"touches_edge":false},"type":"Feature"},{"geometry":{"coordinates":[[[-5.9506711,39.9310106],[-5.9506926,39.9310106],[-5.9507114,39.9310291],[-5.9506819,39.9310394],[-5.9506631,39.9310209],[-5.9506711,39.9310106]]],"type":"Polygon"},"id":199,"properties":{"area_m2":8.807,"centroid_lonlat":[-5.950686,39.9310246],"centroid_px":[207.238,145.095],"confidence":0.8361,"confidence_bucket":"high","detector_score":null,"eccentricity":0.6744,"equivalent_diameter_m":3.349,"height_m":null,"height_reason":"unavailable","id":199,"low_confidence_reason":null,"perimeter_m":10.787,"shadow_length_m":null,"signals":{"separation":0.6116,"shadow":0.0,"shape":0.9511,"size":0.9225},"solidity":0.913,"touches_edge":false},"type":"Feature"},{"geometry":{"coordinates":[[[-5.9505853,39.9309942],[-5.9506014,39.9309942],[-5.9506148,39.9310044],[-5.9506041,39.9310127],[-5.9506041,39.9310373],[-5.9505746,39.9310517],[-5.9505504,39.9310373],[-5.9505504,39.9310127],[-5.9505853,39.9310065],[-5.9505853,39.9309942]]],"type":"Polygon"},"id":200,"properties":{"area_m2":22.228,"centroid_lonlat":[-5.9505813,39.9310226],"centroid_px":[226.755,145.575],"confidence":0.4189,"confidence_bucket":"low","detector_score":null,"eccentricity":0.7095,"equivalent_diameter_m":5.32,"height_m":null,"height_reason":"unavailable","id":200,"low_confidence_reason":"Low confidence: this crown is far larger or smaller than its neighbours, so it is likely merged with, or split from, another crown.","perimeter_m":20.168,"shadow_length_m":null,"signals":{"separation":0.5165,"shadow":0.0,"shape":0.6867,"size":0.0},"solidity":0.8618,"touches_edge":false},"type":"Feature"},{"geometry":{"coordinates":[[[-5.9486917,39.9310106],[-5.9487078,39.9310106],[-5.9487212,39.9310209],[-5.9487131,39.9310476],[-5.9486917,39.9310476],[-5.9486783,39.9310373],[-5.9486783,39.9310209],[-5.9486917,39.9310106]]],"type":"Polygon"},"id":201,"properties":{"area_m2":12.372,"centroid_lonlat":[-5.9486993,39.9310292],"centroid_px":[577.576,143.983],"confidence":0.8752,"confidence_bucket":"high","detector_score":null,"eccentricity":0.5263,"equivalent_diameter_m":3.969,"height_m":null,"height_reason":"unavailable","id":201,"low_confidence_reason":null,"perimeter_m":11.86,"shadow_length_m":null,"signals":{"separation":0.6923,"shadow":0.0,"shape":1.0,"size":0.9084},"solidity":0.9672,"touches_edge":false},"type":"Feature"},{"geometry":{"coordinates":[[[-5.9485415,39.9310106],[-5.9485549,39.9310127],[-5.9485683,39.9310353],[-5.9486058,39.9310312],[-5.9486166,39.9310476],[-5.9486488,39.9310476],[-5.9486595,39.9310394],[-5.9486729,39.9310538],[-5.9486729,39.9310867],[-5.9486112,39.931134],[-5.9485683,39.9311381],[-5.9485495,39.9311237],[-5.9485763,39.9310908],[-5.948571,39.9310785],[-5.9485468,39.9310764],[-5.9485307,39.93106],[-5.9485066,39.9310538],[-5.9485066,39.9310415],[-5.9485415,39.9310106]]],"type":"Polygon"},"id":202,"properties":{"area_m2":108.202,"centroid_lonlat":[-5.9485951,39.931074],"centroid_px":[596.998,133.081],"confidence":0.2364,"confidence_bucket":"low","detector_score":null,"eccentricity":0.6667,"equivalent_diameter_m":11.737,"height_m":null,"height_reason":"unavailable","id":202,"low_confidence_reason":"Low confidence: this crown is far larger or smaller than its neighbours, so it is likely merged with, or split from, another crown.","perimeter_m":55.181,"shadow_length_m":null,"signals":{"separation":0.2207,"shadow":0.0,"shape":0.4465,"size":0.0},"solidity":0.7599,"touches_edge":false},"type":"Feature"},{"geometry":{"coordinates":[[[-5.9483323,39.9309777],[-5.9483644,39.9309777],[-5.9483778,39.930988],[-5.9483778,39.9310044],[-5.9484074,39.931023],[-5.9484261,39.931025],[-5.9484074,39.9310476],[-5.9483913,39.9310517],[-5.9483671,39.9310415],[-5.9483644,39.931023],[-5.9483323,39.931023],[-5.9483242,39.9310168],[-5.9483188,39.9310086],[-5.9483296,39.9310003],[-5.9483242,39.9309962],[-5.9483323,39.9309777]]],"type":"Polygon"},"id":203,"properties":{"area_m2":35.648,"centroid_lonlat":[-5.9483681,39.9310133],"centroid_px":[639.318,147.841],"confidence":0.2685,"confidence_bucket":"low","detector_score":null,"eccentricity":0.8874,"equivalent_diameter_m":6.737,"height_m":null,"height_reason":"unavailable","id":203,"low_confidence_reason":"Low confidence: this crown is far larger or smaller than its neighbours, so it is likely merged with, or split from, another crown.","perimeter_m":31.112,"shadow_length_m":null,"signals":{"separation":0.304,"shadow":0.0,"shape":0.4628,"size":0.0},"solidity":0.7727,"touches_edge":false},"type":"Feature"},{"geometry":{"coordinates":[[[-5.9505424,39.9310024],[-5.9505504,39.9310044],[-5.9505558,39.931025],[-5.9505478,39.9310394],[-5.9505263,39.9310394],[-5.9505183,39.9310209],[-5.9505424,39.9310024]]],"type":"Polygon"},"id":204,"properties":{"area_m2":9.017,"centroid_lonlat":[-5.9505373,39.9310232],"centroid_px":[234.953,145.442],"confidence":0.831,"confidence_bucket":"high","detector_score":null,"eccentricity":0.7439,"equivalent_diameter_m":3.388,"height_m":null,"height_reason":"unavailable","id":204,"low_confidence_reason":null,"perimeter_m":10.944,"shadow_length_m":null,"signals":{"separation":0.6044,"shadow":0.0,"shape":0.946,"size":0.9197},"solidity":0.9149,"touches_edge":false},"type":"Feature"},{"geometry":{"coordinates":[[[-5.9504297,39.9309942],[-5.9504619,39.9310024],[-5.9504753,39.9310209],[-5.95047,39.9310373],[-5.9504512,39.9310435],[-5.9504405,39.9310559],[-5.9504083,39.9310476],[-5.9503949,39.9310291],[-5.9504056,39.9310044],[-5.9504297,39.9309942]]],"type":"Polygon"},"id":205,"properties":{"area_m2":32.502,"centroid_lonlat":[-5.9504343,39.9310242],"centroid_px":[254.142,145.2],"confidence":0.5584,"confidence_bucket":"medium","detector_score":null,"eccentricity":0.3427,"equivalent_diameter_m":6.433,"height_m":null,"height_reason":"unavailable","id":205,"low_confidence_reason":null,"perimeter_m":21.352,"shadow_length_m":null,"signals":{"separation":0.7118,"shadow":0.0,"shape":0.8959,"size":0.0},"solidity":0.9012,"touches_edge":false},"type":"Feature"},{"geometry":{"coordinates":[[[-5.9497109,39.9309859],[-5.949735,39.9309962],[-5.949735,39.9310086],[-5.9497619,39.9310332],[-5.9497565,39.9310456],[-5.9497109,39.9310723],[-5.9496599,39.9310373],[-5.9496599,39.9310127],[-5.9496787,39.9309983],[-5.9496948,39.9310024],[-5.9497109,39.9309859]]],"type":"Polygon"},"id":206,"properties":{"area_m2":50.746,"centroid_lonlat":[-5.9497088,39.9310287],"centroid_px":[389.384,144.107],"confidence":0.513,"confidence_bucket":"medium","detector_score":null,"eccentricity":0.4306,"equivalent_diameter_m":8.038,"height_m":null,"height_reason":"unavailable","id":206,"low_confidence_reason":null,"perimeter_m":28.966,"shadow_length_m":null,"signals":{"separation":0.7296,"shadow":0.0,"shape":0.76,"size":0.0},"solidity":0.903,"touches_edge":false},"type":"Feature"},{"geometry":{"coordinates":[[[-5.9488794,39.9309859],[-5.9488928,39.9309962],[-5.9488875,39.9310003],[-5.9489089,39.9310291],[-5.9488955,39.9310435],[-5.9488741,39.9310435],[-5.9488606,39.9310332],[-5.9488606,39.9310168],[-5.9488499,39.9310086],[-5.9488526,39.9310024],[-5.9488741,39.9310024],[-5.9488794,39.9309859]]],"type":"Polygon"},"id":207,"properties":{"area_m2":17.614,"centroid_lonlat":[-5.94888,39.9310195],"centroid_px":[543.893,146.345],"confidence":0.6327,"confidence_bucket":"medium","detector_score":null,"eccentricity":0.76,"equivalent_diameter_m":4.736,"height_m":null,"height_reason":"unavailable","id":207,"low_confidence_reason":null,"perimeter_m":18.13,"shadow_length_m":null,"signals":{"separation":0.5802,"shadow":0.0,"shape":0.6734,"size":0.6363},"solidity":0.8155,"touches_edge":false},"type":"Feature"},{"geometry":{"coordinates":[[[-5.9500703,39.9310024],[-5.9500918,39.9310024],[-5.9501052,39.9310127],[-5.9500864,39.9310394],[-5.9500703,39.9310394],[-5.9500569,39.9310291],[-5.9500569,39.9310127],[-5.9500703,39.9310024]]],"type":"Polygon"},"id":208,"properties":{"area_m2":12.791,"centroid_lonlat":[-5.950079,39.9310202],"centroid_px":[320.377,146.164],"confidence":0.8409,"confidence_bucket":"high","detector_score":null,"eccentricity":0.474,"equivalent_diameter_m":4.036,"height_m":null,"height_reason":"unavailable","id":208,"low_confidence_reason":null,"perimeter_m":12.998,"shadow_length_m":null,"signals":{"separation":0.6419,"shadow":0.0,"shape":0.9514,"size":0.9072},"solidity":0.9385,"touches_edge":false},"type":"Feature"},{"geometry":{"coordinates":[[[-5.9482303,39.9309859],[-5.9482518,39.9310024],[-5.9482893,39.9309983],[-5.9483027,39.9310086],[-5.9483027,39.9310332],[-5.948284,39.9310435],[-5.9482571,39.9310435],[-5.9482437,39.9310332],[-5.9482411,39.9310188],[-5.9482142,39.931023],[-5.9482008,39.9310086],[-5.948225,39.9310065],[-5.9482303,39.9309859]]],"type":"Polygon"},"id":209,"properties":{"area_m2":31.873,"centroid_lonlat":[-5.9482598,39.9310168],"centroid_px":[659.507,147.007],"confidence":0.4082,"confidence_bucket":"low","detector_score":null,"eccentricity":0.8084,"equivalent_diameter_m":6.37,"height_m":null,"height_reason":"unavailable","id":209,"low_confidence_reason":"Low confidence: this crown is far larger or smaller than its neighbours, so it is likely merged with, or split from, another crown.","perimeter_m":26.199,"shadow_length_m":null,"signals":{"separation":0.3215,"shadow":0.0,"shape":0.5835,"size":0.2846},"solidity":0.8128,"touches_edge":true},"type":"Feature"},{"geometry":{"coordinates":[[[-5.9487131,39.9310024],[-5.9487507,39.9310065],[-5.9487534,39.9310291],[-5.9487239,39.9310312],[-5.9487104,39.9310127],[-5.9487131,39.9310024]]],"type":"Polygon"},"id":210,"properties":{"area_m2":9.227,"centroid_lonlat":[-5.9487331,39.9310167],"centroid_px":[571.273,147.023],"confidence":0.7718,"confidence_bucket":"high","detector_score":null,"eccentricity":0.7099,"equivalent_diameter_m":3.427,"height_m":null,"height_reason":"unavailable","id":210,"low_confidence_reason":null,"perimeter_m":11.481,"shadow_length_m":null,"signals":{"separation":0.5344,"shadow":0.0,"shape":0.8797,"size":0.8798},"solidity":0.88,"touches_edge":false},"type":"Feature"},{"geometry":{"coordinates":[[[-5.9485736,39.9309983],[-5.9485951,39.9309983],[-5.9486032,39.9310044],[-5.9486139,39.931025],[-5.9486058,39.9310312],[-5.9485656,39.9310332],[-5.9485549,39.9310127],[-5.9485736,39.9309983]]],"type":"Polygon"},"id":211,"properties":{"area_m2":14.469,"centroid_lonlat":[-5.9485829,39.9310165],"centroid_px":[599.275,147.058],"confidence":0.8587,"confidence_bucket":"high","detector_score":null,"eccentricity":0.517,"equivalent_diameter_m":4.292,"height_m":null,"height_reason":"unavailable","id":211,"low_confidence_reason":null,"perimeter_m":13.803,"shadow_length_m":null,"signals":{"separation":0.6401,"shadow":0.0,"shape":0.9544,"size":0.9625},"solidity":0.92,"touches_edge":false},"type":"Feature"},{"geometry":{"coordinates":[[[-5.9507892,39.9309818],[-5.950824,39.9310044],[-5.950816,39.931023],[-5.9507838,39.931023],[-5.9507704,39.9310127],[-5.9507704,39.9310003],[-5.9507892,39.9309818]]],"type":"Polygon"},"id":212,"properties":{"area_m2":15.098,"centroid_lonlat":[-5.9507965,39.931005],"centroid_px":[186.639,149.861],"confidence":0.7164,"confidence_bucket":"high","detector_score":null,"eccentricity":0.5979,"equivalent_diameter_m":4.384,"height_m":null,"height_reason":"unavailable","id":212,"low_confidence_reason":null,"perimeter_m":13.914,"shadow_length_m":null,"signals":{"separation":0.6267,"shadow":0.0,"shape":0.98,"size":0.4899},"solidity":0.96,"touches_edge":false},"type":"Feature"},{"geometry":{"coordinates":[[[-5.950655,39.9309942],[-5.9506738,39.9310003],[-5.9506604,39.9310271],[-5.9506416,39.9310127],[-5.950655,39.9309942]]],"type":"Polygon"},"id":213,"properties":{"area_m2":6.081,"centroid_lonlat":[-5.950658,39.9310086],"centroid_px":[212.448,149.0],"confidence":0.7189,"confidence_bucket":"high","detector_score":null,"eccentricity":0.6786,"equivalent_diameter_m":2.783,"height_m":null,"height_reason":"unavailable","id":213,"low_confidence_reason":null,"perimeter_m":8.844,"shadow_length_m":null,"signals":{"separation":0.4655,"shadow":0.0,"shape":0.977,"size":0.6627},"solidity":0.8529,"touches_edge":false},"type":"Feature"},{"geometry":{"coordinates":[[[-5.9484074,39.93099],[-5.9484288,39.93099],[-5.9484422,39.9310003],[-5.9484288,39.931023],[-5.9484074,39.931023],[-5.9483886,39.9310086],[-5.9484074,39.93099]]],"type":"Polygon"},"id":214,"properties":{"area_m2":11.953,"centroid_lonlat":[-5.9484163,39.9310061],"centroid_px":[630.333,149.596],"confidence":0.8466,"confidence_bucket":"high","detector_score":null,"eccentricity":0.4635,"equivalent_diameter_m":3.901,"height_m":null,"height_reason":"unavailable","id":214,"low_confidence_reason":null,"perimeter_m":11.971,"shadow_length_m":null,"signals":{"separation":0.664,"shadow":0.0,"shape":1.0,"size":0.845},"solidity":0.9344,"touches_edge":false},"type":"Feature"},{"geometry":{"coordinates":[[[-5.9505048,39.9309983],[-5.9505397,39.9310003],[-5.9505156,39.9310271],[-5.9505022,39.9310127],[-5.9505048,39.9309983]]],"type":"Polygon"},"id":215,"properties":{"area_m2":6.291,"centroid_lonlat":[-5.9505186,39.9310081],"centroid_px":[238.433,149.1],"confidence":0.7261,"confidence_bucket":"high","detector_score":null,"eccentricity":0.6281,"equivalent_diameter_m":2.83,"height_m":null,"height_reason":"unavailable","id":215,"low_confidence_reason":null,"perimeter_m":8.37,"shadow_length_m":null,"signals":{"separation":0.4576,"shadow":0.0,"shape":1.0,"size":0.6659},"solidity":0.9091,"touches_edge":false},"type":"Feature"},{"geometry":{"coordinates":[[[-5.948225,39.9309859],[-5.9482276,39.9310044],[-5.9482035,39.9310065],[-5.9482008,39.9310003],[-5.948225,39.9309859]]],"type":"Polygon"},"id":216,"properties":{"area_m2":3.565,"centroid_lonlat":[-5.9482164,39.9309989],"centroid_px":[667.588,151.353],"confidence":0.6473,"confidence_bucket":"medium","detector_score":null,"eccentricity":0.78,"equivalent_diameter_m":2.13,"height_m":null,"height_reason":"unavailable","id":216,"low_confidence_reason":null,"perimeter_m":6.522,"shadow_length_m":null,"signals":{"separation":0.4299,"shadow":0.0,"shape":1.0,"size":0.4415},"solidity":0.9444,"touches_edge":true},"type":"Feature"},{"geometry":{"coordinates":[[[-5.9508911,39.9309818],[-5.9509125,39.9309818],[-5.9509259,39.9310044],[-5.9509152,39.9310168],[-5.9509259,39.931025],[-5.9509259,39.9310415],[-5.9509125,39.9310517],[-5.9509045,39.9310497],[-5.9509045,39.9310332],[-5.950883,39.9310291],[-5.9508884,39.9310168],[-5.9508777,39.9310086],[-5.9508777,39.9309921],[-5.9508911,39.9309818]]],"type":"Polygon"},"id":217,"properties":{"area_m2":21.389,"centroid_lonlat":[-5.9509041,39.9310127],"centroid_px":[166.578,148.0],"confidence":0.4479,"confidence_bucket":"low","detector_score":null,"eccentricity":0.8893,"equivalent_diameter_m":5.219,"height_m":null,"height_reason":"unavailable","id":217,"low_confidence_reason":"Low confidence: this crown is far larger or smaller than its neighbours, so it is likely merged with, or split from, another crown.","perimeter_m":21.352,"shadow_length_m":null,"signals":{"separation":0.3924,"shadow":0.0,"shape":0.5896,"size":0.3332},"solidity":0.8361,"touches_edge":false},"type":"Feature"},{"geometry":{"coordinates":[[[-5.9488687,39.9309859],[-5.9488767,39.930988],[-5.9488767,39.9310003],[-5.948858,39.9310024],[-5.9488687,39.9309859]]],"type":"Polygon"},"id":218,"properties":{"area_m2":2.516,"centroid_lonlat":[-5.9488682,39.9309952],"centroid_px":[546.083,152.25],"confidence":0.6331,"confidence_bucket":"medium","detector_score":null,"eccentricity":0.7297,"equivalent_diameter_m":1.79,"height_m":null,"height_reason":"unavailable","id":218,"low_confidence_reason":null,"perimeter_m":4.864,"shadow_length_m":null,"signals":{"separation":0.5117,"shadow":0.0,"shape":1.0,"size":0.3142},"solidity":0.9231,"touches_edge":false},"type":"Feature"},{"geometry":{"coordinates":[[[-5.9516421,39.9309777],[-5.9516609,39.930988],[-5.9516475,39.9310065],[-5.9516287,39.9309962],[-5.9516421,39.9309777]]],"type":"Polygon"},"id":219,"properties":{"area_m2":6.081,"centroid_lonlat":[-5.9516449,39.9309917],"centroid_px":[28.483,153.103],"confidence":0.8757,"confidence_bucket":"high","detector_score":null,"eccentricity":0.3371,"equivalent_diameter_m":2.783,"height_m":null,"height_reason":"unavailable","id":219,"low_confidence_reason":null,"perimeter_m":7.928,"shadow_length_m":null,"signals":{"separation":0.6583,"shadow":0.0,"shape":1.0,"size":0.9438},"solidity":0.9667,"touches_edge":false},"type":"Feature"},{"geometry":{"coordinates":[[[-5.950596,39.9309736],[-5.9506068,39.9309736],[-5.9506255,39.9309921],[-5.9506175,39.9310024],[-5.9505826,39.9309921],[-5.950596,39.9309736]]],"type":"Polygon"},"id":220,"properties":{"area_m2":7.13,"centroid_lonlat":[-5.9506036,39.9309879],"centroid_px":[222.588,154.029],"confidence":0.697,"confidence_bucket":"medium","detector_score":null,"eccentricity":0.7906,"equivalent_diameter_m":3.013,"height_m":null,"height_reason":"unavailable","id":220,"low_confidence_reason":null,"perimeter_m":9.76,"shadow_length_m":null,"signals":{"separation":0.304,"shadow":0.0,"shape":0.9405,"size":0.7976},"solidity":0.8718,"touches_edge":false},"type":"Feature"},{"geometry":{"coordinates":[[[-5.9500542,39.9309736],[-5.9500703,39.9309859],[-5.9500811,39.9309777],[-5.9500891,39.9309839],[-5.9500784,39.9310003],[-5.9500596,39.9310106],[-5.9500408,39.9309962],[-5.9500408,39.9309839],[-5.9500542,39.9309736]]],"type":"Polygon"},"id":221,"properties":{"area_m2":10.065,"centroid_lonlat":[-5.9500621,39.9309917],"centroid_px":[323.542,153.104],"confidence":0.6763,"confidence_bucket":"medium","detector_score":null,"eccentricity":0.5249,"equivalent_diameter_m":3.58,"height_m":null,"height_reason":"unavailable","id":221,"low_confidence_reason":null,"perimeter_m":12.73,"shadow_length_m":null,"signals":{"separation":0.5721,"shadow":0.0,"shape":0.7805,"size":0.6556},"solidity":0.8421,"touches_edge":false},"type":"Feature"},{"geometry":{"coordinates":[[[-5.9490538,39.930988],[-5.9490752,39.9309756],[-5.9490725,39.9309983],[-5.9490538,39.930988]]],"type":"Polygon"},"id":222,"properties":{"area_m2":2.936,"centroid_lonlat":[-5.9490676,39.9309865],"centroid_px":[508.929,154.357],"confidence":0.6397,"confidence_bucket":"medium","detector_score":null,"eccentricity":0.7206,"equivalent_diameter_m":1.933,"height_m":null,"height_reason":"unavailable","id":222,"low_confidence_reason":null,"perimeter_m":5.891,"shadow_length_m":null,"signals":{"separation":0.4737,"shadow":0.0,"shape":1.0,"size":0.3732},"solidity":0.9333,"touches_edge":false},"type":"Feature"},{"geometry":{"coordinates":[[[-5.9487292,39.930953],[-5.9487534,39.9309715],[-5.9487587,39.9309921],[-5.9487453,39.9310065],[-5.9487078,39.9310024],[-5.9487051,39.9309756],[-5.9486943,39.9309674],[-5.948697,39.9309571],[-5.9487292,39.930953]]],"type":"Polygon"},"id":223,"properties":{"area_m2":21.808,"centroid_lonlat":[-5.9487265,39.9309801],"centroid_px":[572.5,155.923],"confidence":0.5653,"confidence_bucket":"medium","detector_score":null,"eccentricity":0.701,"equivalent_diameter_m":5.269,"height_m":null,"height_reason":"unavailable","id":223,"low_confidence_reason":null,"perimeter_m":18.65,"shadow_length_m":null,"signals":{"separation":0.6267,"shadow":0.0,"shape":0.7879,"size":0.237},"solidity":0.8525,"touches_edge":false},"type":"Feature"},{"geometry":{"coordinates":[[[-5.9507731,39.9309695],[-5.9507811,39.930988],[-5.9507623,39.9310024],[-5.9507489,39.9309839],[-5.9507731,39.9309695]]],"type":"Polygon"},"id":224,"properties":{"area_m2":6.5,"centroid_lonlat":[-5.950766,39.9309864],"centroid_px":[192.323,154.387],"confidence":0.6834,"confidence_bucket":"medium","detector_score":null,"eccentricity":0.7086,"equivalent_diameter_m":2.877,"height_m":null,"height_reason":"unavailable","id":224,"low_confidence_reason":null,"perimeter_m":8.576,"shadow_length_m":null,"signals":{"separation":0.4502,"shadow":0.0,"shape":1.0,"size":0.5368},"solidity":0.8857,"touches_edge":false},"type":"Feature"},{"geometry":{"coordinates":[[[-5.948461,39.9309654],[-5.9484851,39.9309798],[-5.9484851,39.9309921],[-5.9484717,39.93099],[-5.9484503,39.9309983],[-5.9484422,39.9309921],[-5.9484422,39.9309756],[-5.948461,39.9309654]]],"type":"Polygon"},"id":225,"properties":{"area_m2":9.856,"centroid_lonlat":[-5.948462,39.9309825],"centroid_px":[621.809,155.34],"confidence":0.7485,"confidence_bucket":"high","detector_score":null,"eccentricity":0.4669,"equivalent_diameter_m":3.542,"height_m":null,"height_reason":"unavailable","id":225,"low_confidence_reason":null,"perimeter_m":11.229,"shadow_length_m":null,"signals":{"separation":0.5781,"shadow":0.0,"shape":0.9823,"size":0.6383},"solidity":0.9038,"touches_edge":false},"type":"Feature"},{"geometry":{"coordinates":[[[-5.9504566,39.9309489],[-5.9504887,39.9309489],[-5.9505022,39.9309592],[-5.9505022,39.9309798],[-5.9504887,39.9309942],[-5.9504566,39.9309942],[-5.9504431,39.9309839],[-5.9504431,39.9309592],[-5.9504566,39.9309489]]],"type":"Polygon"},"id":226,"properties":{"area_m2":22.228,"centroid_lonlat":[-5.9504725,39.930971],"centroid_px":[247.038,158.123],"confidence":0.6324,"confidence_bucket":"medium","detector_score":null,"eccentricity":0.2091,"equivalent_diameter_m":5.32,"height_m":null,"height_reason":"unavailable","id":226,"low_confidence_reason":null,"perimeter_m":16.55,"shadow_length_m":null,"signals":{"separation":0.6886,"shadow":0.0,"shape":1.0,"size":0.135},"solidity":0.9725,"touches_edge":false},"type":"Feature"},{"geometry":{"coordinates":[[[-5.9500059,39.9309489],[-5.9500274,39.9309489],[-5.9500408,39.9309592],[-5.9500381,39.9309777],[-5.9500113,39.9309859],[-5.9499925,39.9309715],[-5.9500059,39.9309489]]],"type":"Polygon"},"id":227,"properties":{"area_m2":12.582,"centroid_lonlat":[-5.9500168,39.930966],"centroid_px":[331.983,159.35],"confidence":0.8359,"confidence_bucket":"high","detector_score":null,"eccentricity":0.272,"equivalent_diameter_m":4.002,"height_m":null,"height_reason":"unavailable","id":227,"low_confidence_reason":null,"perimeter_m":12.619,"shadow_length_m":null,"signals":{"separation":0.6472,"shadow":0.0,"shape":0.9929,"size":0.8361},"solidity":0.9231,"touches_edge":false},"type":"Feature"},{"geometry":{"coordinates":[[[-5.9484288,39.9309407],[-5.9484315,39.9309633],[-5.9484422,39.9309756],[-5.9484288,39.9309859],[-5.9484074,39.9309859],[-5.9483939,39.9309756],[-5.9483939,39.9309592],[-5.9484074,39.9309489],[-5.9484234,39.9309489],[-5.9484288,39.9309407]]],"type":"Polygon"},"id":228,"properties":{"area_m2":13.42,"centroid_lonlat":[-5.9484163,39.9309672],"centroid_px":[630.328,159.047],"confidence":0.8391,"confidence_bucket":"high","detector_score":null,"eccentricity":0.5603,"equivalent_diameter_m":4.134,"height_m":null,"height_reason":"unavailable","id":228,"low_confidence_reason":null,"perimeter_m":12.965,"shadow_length_m":null,"signals":{"separation":0.4954,"shadow":0.0,"shape":1.0,"size":0.9896},"solidity":0.8649,"touches_edge":false},"type":"Feature"},{"geometry":{"coordinates":[[[-5.9509286,39.9309448],[-5.9509501,39.9309448],[-5.9509635,39.9309551],[-5.9509635,39.9309674],[-5.9509286,39.9309818],[-5.9509152,39.9309715],[-5.9509152,39.9309551],[-5.9509286,39.9309448]]],"type":"Polygon"},"id":229,"properties":{"area_m2":12.791,"centroid_lonlat":[-5.9509383,39.9309615],"centroid_px":[160.197,160.443],"confidence":0.8417,"confidence_bucket":"high","detector_score":null,"eccentricity":0.5417,"equivalent_diameter_m":4.036,"height_m":null,"height_reason":"unavailable","id":229,"low_confidence_reason":null,"perimeter_m":12.239,"shadow_length_m":null,"signals":{"separation":0.5075,"shadow":0.0,"shape":1.0,"size":0.986},"solidity":0.9683,"touches_edge":false},"type":"Feature"},{"geometry":{"coordinates":[[[-5.949094,39.9309448],[-5.9491235,39.9309674],[-5.9491235,39.9309756],[-5.9490994,39.9309818],[-5.949094,39.9309942],[-5.9490779,39.9309942],[-5.9490752,39.9309715],[-5.9490806,39.9309551],[-5.949094,39.9309448]]],"type":"Polygon"},"id":230,"properties":{"area_m2":14.469,"centroid_lonlat":[-5.9490961,39.9309707],"centroid_px":[503.609,158.203],"confidence":0.6851,"confidence_bucket":"medium","detector_score":null,"eccentricity":0.691,"equivalent_diameter_m":4.292,"height_m":null,"height_reason":"unavailable","id":230,"low_confidence_reason":null,"perimeter_m":14.987,"shadow_length_m":null,"signals":{"separation":0.4771,"shadow":0.0,"shape":0.8095,"size":0.7437},"solidity":0.8846,"touches_edge":false},"type":"Feature"},{"geometry":{"coordinates":[[[-5.9490511,39.9309489],[-5.9490645,39.9309551],[-5.9490645,39.9309674],[-5.9490511,39.9309777],[-5.9490323,39.9309633],[-5.9490511,39.9309489]]],"type":"Polygon"},"id":231,"properties":{"area_m2":5.871,"centroid_lonlat":[-5.9490501,39.9309621],"centroid_px":[512.179,160.286],"confidence":0.8157,"confidence_bucket":"high","detector_score":null,"eccentricity":0.3458,"equivalent_diameter_m":2.734,"height_m":null,"height_reason":"unavailable","id":231,"low_confidence_reason":null,"perimeter_m":7.928,"shadow_length_m":null,"signals":{"separation":0.6699,"shadow":0.0,"shape":1.0,"size":0.7402},"solidity":0.9655,"touches_edge":false},"type":"Feature"},{"geometry":{"coordinates":[[[-5.9485039,39.9309325],[-5.9485281,39.9309386],[-5.9485173,39.9309469],[-5.9485388,39.9309674],[-5.9485388,39.9309839],[-5.9485146,39.9309942],[-5.9484878,39.9309942],[-5.9484851,39.9309798],[-5.948469,39.9309674],[-5.948469,39.930951],[-5.9485039,39.9309325]]],"type":"Polygon"},"id":232,"properties":{"area_m2":28.728,"centroid_lonlat":[-5.9485042,39.9309646],"centroid_px":[613.949,159.693],"confidence":0.4822,"confidence_bucket":"medium","detector_score":null,"eccentricity":0.6231,"equivalent_diameter_m":6.048,"height_m":null,"height_reason":"unavailable","id":232,"low_confidence_reason":null,"perimeter_m":21.715,"shadow_length_m":null,"signals":{"separation":0.6244,"shadow":0.0,"shape":0.7656,"size":0.0},"solidity":0.8562,"touches_edge":false},"type":"Feature"},{"geometry":{"coordinates":[[[-5.9487024,39.9309366],[-5.9487265,39.930951],[-5.9487239,39.9309571],[-5.9486943,39.9309551],[-5.9487024,39.9309366]]],"type":"Polygon"},"id":233,"properties":{"area_m2":4.404,"centroid_lonlat":[-5.9487083,39.9309494],"centroid_px":[575.905,163.381],"confidence":0.6721,"confidence_bucket":"medium","detector_score":null,"eccentricity":0.7758,"equivalent_diameter_m":2.368,"height_m":null,"height_reason":"unavailable","id":233,"low_confidence_reason":null,"perimeter_m":7.17,"shadow_length_m":null,"signals":{"separation":0.3868,"shadow":0.0,"shape":1.0,"size":0.5641},"solidity":0.9545,"touches_edge":false},"type":"Feature"},{"geometry":{"coordinates":[[[-5.9486702,39.9309325],[-5.9486943,39.9309469],[-5.9486943,39.9309633],[-5.9486863,39.9309695],[-5.9486622,39.9309674],[-5.9486514,39.9309427],[-5.9486702,39.9309325]]],"type":"Polygon"},"id":234,"properties":{"area_m2":10.904,"centroid_lonlat":[-5.9486749,39.930952],"centroid_px":[582.135,162.75],"confidence":0.9033,"confidence_bucket":"high","detector_score":null,"eccentricity":0.6766,"equivalent_diameter_m":3.726,"height_m":null,"height_reason":"unavailable","id":234,"low_confidence_reason":null,"perimeter_m":11.592,"shadow_length_m":null,"signals":{"separation":0.6952,"shadow":0.0,"shape":1.0,"size":0.9953},"solidity":0.9455,"touches_edge":false},"type":"Feature"},{"geometry":{"coordinates":[[[-5.9484395,39.9309325],[-5.948461,39.9309325],[-5.9484744,39.9309427],[-5.948469,39.9309633],[-5.9484395,39.9309736],[-5.9484315,39.9309633],[-5.9484315,39.9309386],[-5.9484395,39.9309325]]],"type":"Polygon"},"id":235,"properties":{"area_m2":12.791,"centroid_lonlat":[-5.9484506,39.9309508],"centroid_px":[623.934,163.033],"confidence":0.8807,"confidence_bucket":"high","detector_score":null,"eccentricity":0.6008,"equivalent_diameter_m":4.036,"height_m":null,"height_reason":"unavailable","id":235,"low_confidence_reason":null,"perimeter_m":12.586,"shadow_length_m":null,"signals":{"separation":0.6808,"shadow":0.0,"shape":1.0,"size":0.9375},"solidity":0.9242,"touches_edge":false},"type":"Feature"},{"geometry":{"coordinates":[[[-5.9483323,39.9309325],[-5.9483725,39.9309427],[-5.9483671,39.9309592],[-5.9483537,39.9309695],[-5.9483323,39.9309695],[-5.9483188,39.9309592],[-5.9483188,39.9309427],[-5.9483323,39.9309325]]],"type":"Polygon"},"id":236,"properties":{"area_m2":13.63,"centroid_lonlat":[-5.9483427,39.930952],"centroid_px":[644.046,162.754],"confidence":0.8753,"confidence_bucket":"high","detector_score":null,"eccentricity":0.4575,"equivalent_diameter_m":4.166,"height_m":null,"height_reason":"unavailable","id":236,"low_confidence_reason":null,"perimeter_m":13.06,"shadow_length_m":null,"signals":{"separation":0.6218,"shadow":0.0,"shape":1.0,"size":0.9791},"solidity":0.9286,"touches_edge":false},"type":"Feature"},{"geometry":{"coordinates":[[[-5.950816,39.9309201],[-5.9508321,39.9309201],[-5.9508455,39.9309304],[-5.9508508,39.9309469],[-5.9508428,39.930953],[-5.950816,39.9309571],[-5.9508026,39.9309469],[-5.9508026,39.9309304],[-5.950816,39.9309201]]],"type":"Polygon"},"id":237,"properties":{"area_m2":13.001,"centroid_lonlat":[-5.950825,39.9309388],"centroid_px":[181.323,165.968],"confidence":0.8951,"confidence_bucket":"high","detector_score":null,"eccentricity":0.3353,"equivalent_diameter_m":4.069,"height_m":null,"height_reason":"unavailable","id":237,"low_confidence_reason":null,"perimeter_m":12.239,"shadow_length_m":null,"signals":{"separation":0.6753,"shadow":0.0,"shape":1.0,"size":0.989},"solidity":0.9688,"touches_edge":false},"type":"Feature"},{"geometry":{"coordinates":[[[-5.9506658,39.930916],[-5.9506819,39.9309201],[-5.9506953,39.9309345],[-5.9506819,39.930953],[-5.9506658,39.930953],[-5.9506524,39.9309427],[-5.9506524,39.9309263],[-5.9506658,39.930916]]],"type":"Polygon"},"id":238,"properties":{"area_m2":10.904,"centroid_lonlat":[-5.9506721,39.9309355],"centroid_px":[209.827,166.75],"confidence":0.8843,"confidence_bucket":"high","detector_score":null,"eccentricity":0.449,"equivalent_diameter_m":3.726,"height_m":null,"height_reason":"unavailable","id":238,"low_confidence_reason":null,"perimeter_m":11.323,"shadow_length_m":null,"signals":{"separation":0.7374,"shadow":0.0,"shape":1.0,"size":0.8925},"solidity":0.9455,"touches_edge":false},"type":"Feature"},{"geometry":{"coordinates":[[[-5.9502581,39.9309119],[-5.9502903,39.9309119],[-5.9503037,39.9309222],[-5.9503037,39.9309469],[-5.9502956,39.930953],[-5.9502849,39.9309571],[-5.9502742,39.9309489],[-5.9502634,39.9309571],[-5.95025,39.9309469],[-5.9502447,39.9309222],[-5.9502581,39.9309119]]],"type":"Polygon"},"id":239,"properties":{"area_m2":20.969,"centroid_lonlat":[-5.9502749,39.9309329],"centroid_px":[283.86,167.38],"confidence":0.6116,"confidence_bucket":"medium","detector_score":null,"eccentricity":0.3906,"equivalent_diameter_m":5.167,"height_m":null,"height_reason":"unavailable","id":239,"low_confidence_reason":null,"perimeter_m":16.661,"shadow_length_m":null,"signals":{"separation":0.5317,"shadow":0.0,"shape":0.9492,"size":0.2863},"solidity":0.9434,"touches_edge":false},"type":"Feature"},{"geometry":{"coordinates":[[[-5.9509823,39.9309078],[-5.9510118,39.9309181],[-5.9510171,39.9309386],[-5.9510037,39.930953],[-5.9509823,39.930953],[-5.9509581,39.9309427],[-5.9509581,39.9309181],[-5.9509823,39.9309078]]],"type":"Polygon"},"id":240,"properties":{"area_m2":19.711,"centroid_lonlat":[-5.9509859,39.9309315],"centroid_px":[151.319,167.723],"confidence":0.6881,"confidence_bucket":"medium","detector_score":null,"eccentricity":0.4118,"equivalent_diameter_m":5.01,"height_m":null,"height_reason":"unavailable","id":240,"low_confidence_reason":null,"perimeter_m":15.903,"shadow_length_m":null,"signals":{"separation":0.7313,"shadow":0.0,"shape":0.9794,"size":0.2954},"solidity":0.9307,"touches_edge":false},"type":"Feature"},{"geometry":{"coordinates":[[[-5.9485897,39.9309037],[-5.9486192,39.9309181],[-5.9486192,39.9309345],[-5.9486005,39.9309489],[-5.9485736,39.930953],[-5.9485602,39.9309427],[-5.9485549,39.9309263],[-5.9485683,39.9309242],[-5.9485897,39.9309037]]],"type":"Polygon"},"id":241,"properties":{"area_m2":19.501,"centroid_lonlat":[-5.9485897,39.9309295],"centroid_px":[598.0,168.215],"confidence":0.7585,"confidence_bucket":"high","detector_score":null,"eccentricity":0.6242,"equivalent_diameter_m":4.983,"height_m":null,"height_reason":"unavailable","id":241,"low_confidence_reason":null,"perimeter_m":16.678,"shadow_length_m":null,"signals":{"separation":0.6627,"shadow":0.0,"shape":0.8811,"size":0.7072},"solidity":0.9029,"touches_edge":false},"type":"Feature"},{"geometry":{"coordinates":[[[-5.9483537,39.9309078],[-5.9483752,39.9309078],[-5.9483886,39.9309181],[-5.9483886,39.9309345],[-5.9483752,39.9309448],[-5.9483403,39.9309345],[-5.9483403,39.9309181],[-5.9483537,39.9309078]]],"type":"Polygon"},"id":242,"properties":{"area_m2":13.42,"centroid_lonlat":[-5.9483649,39.9309251],"centroid_px":[639.922,169.297],"confidence":0.8888,"confidence_bucket":"high","detector_score":null,"eccentricity":0.4476,"equivalent_diameter_m":4.134,"height_m":null,"height_reason":"unavailable","id":242,"low_confidence_reason":null,"perimeter_m":12.508,"shadow_length_m":null,"signals":{"separation":0.6647,"shadow":0.0,"shape":1.0,"size":0.9795},"solidity":0.9552,"touches_edge":false},"type":"Feature"},{"geometry":{"coordinates":[[[-5.9499469,39.9309037],[-5.9499523,39.9309119],[-5.949963,39.9309037],[-5.9499872,39.9309057],[-5.9499925,39.9309345],[-5.9499845,39.9309407],[-5.949963,39.9309407],[-5.9499523,39.9309325],[-5.9499469,39.9309489],[-5.9499282,39.9309427],[-5.9499469,39.9309037]]],"type":"Polygon"},"id":243,"properties":{"area_m2":18.453,"centroid_lonlat":[-5.9499608,39.9309253],"centroid_px":[342.409,169.227],"confidence":0.5246,"confidence_bucket":"medium","detector_score":null,"eccentricity":0.708,"equivalent_diameter_m":4.847,"height_m":null,"height_reason":"unavailable","id":243,"low_confidence_reason":null,"perimeter_m":20.04,"shadow_length_m":null,"signals":{"separation":0.4225,"shadow":0.0,"shape":0.5774,"size":0.5632},"solidity":0.8224,"touches_edge":false},"type":"Feature"},{"geometry":{"coordinates":[[[-5.9498772,39.9308995],[-5.9498852,39.9309098],[-5.9498557,39.9309448],[-5.9498477,39.9309386],[-5.9498477,39.9309222],[-5.9498772,39.9308995]]],"type":"Polygon"},"id":244,"properties":{"area_m2":7.968,"centroid_lonlat":[-5.9498644,39.9309221],"centroid_px":[360.395,170.026],"confidence":0.6365,"confidence_bucket":"medium","detector_score":null,"eccentricity":0.9331,"equivalent_diameter_m":3.185,"height_m":null,"height_reason":"unavailable","id":244,"low_confidence_reason":null,"perimeter_m":11.435,"shadow_length_m":null,"signals":{"separation":0.2875,"shadow":0.0,"shape":0.7658,"size":0.8302},"solidity":0.9048,"touches_edge":false},"type":"Feature"},{"geometry":{"coordinates":[[[-5.9489653,39.9308995],[-5.9489813,39.9308995],[-5.9490001,39.9309181],[-5.9489867,39.9309366],[-5.9489653,39.9309366],[-5.9489518,39.9309263],[-5.9489518,39.9309098],[-5.9489653,39.9308995]]],"type":"Polygon"},"id":245,"properties":{"area_m2":13.63,"centroid_lonlat":[-5.9489749,39.9309187],"centroid_px":[526.2,170.846],"confidence":0.8422,"confidence_bucket":"high","detector_score":null,"eccentricity":0.4169,"equivalent_diameter_m":4.166,"height_m":null,"height_reason":"unavailable","id":245,"low_confidence_reason":null,"perimeter_m":12.239,"shadow_length_m":null,"signals":{"separation":0.6952,"shadow":0.0,"shape":1.0,"size":0.7997},"solidity":0.9848,"touches_edge":false},"type":"Feature"},{"geometry":{"coordinates":[[[-5.9504244,39.9308954],[-5.9504405,39.9308954],[-5.9504592,39.9309139],[-5.9504458,39.9309325],[-5.9504244,39.9309325],[-5.950411,39.9309222],[-5.950411,39.9309057],[-5.9504244,39.9308954]]],"type":"Polygon"},"id":246,"properties":{"area_m2":13.211,"centroid_lonlat":[-5.9504336,39.9309149],"centroid_px":[254.286,171.762],"confidence":0.8172,"confidence_bucket":"high","detector_score":null,"eccentricity":0.5008,"equivalent_diameter_m":4.101,"height_m":null,"height_reason":"unavailable","id":246,"low_confidence_reason":null,"perimeter_m":12.239,"shadow_length_m":null,"signals":{"separation":0.6316,"shadow":0.0,"shape":1.0,"size":0.7833},"solidity":0.9692,"touches_edge":false},"type":"Feature"},{"geometry":{"coordinates":[[[-5.950757,39.9308913],[-5.9507731,39.9308913],[-5.9507865,39.9309016],[-5.9507623,39.9309283],[-5.9507382,39.9309181],[-5.9507436,39.9309016],[-5.950757,39.9308913]]],"type":"Polygon"},"id":247,"properties":{"area_m2":11.953,"centroid_lonlat":[-5.9507614,39.9309092],"centroid_px":[193.175,173.158],"confidence":0.8545,"confidence_bucket":"high","detector_score":null,"eccentricity":0.6669,"equivalent_diameter_m":3.901,"height_m":null,"height_reason":"unavailable","id":247,"low_confidence_reason":null,"perimeter_m":11.703,"shadow_length_m":null,"signals":{"separation":0.664,"shadow":0.0,"shape":1.0,"size":0.8703},"solidity":0.9661,"touches_edge":false},"type":"Feature"},{"geometry":{"coordinates":[[[-5.9485629,39.9308913],[-5.948579,39.9308913],[-5.9485924,39.9309016],[-5.9485683,39.9309242],[-5.9485522,39.9309242],[-5.9485495,39.9309016],[-5.9485629,39.9308913]]],"type":"Polygon"},"id":248,"properties":{"area_m2":9.227,"centroid_lonlat":[-5.9485669,39.9309068],"centroid_px":[602.25,173.727],"confidence":0.7337,"confidence_bucket":"high","detector_score":null,"eccentricity":0.7589,"equivalent_diameter_m":3.427,"height_m":null,"height_reason":"unavailable","id":248,"low_confidence_reason":null,"perimeter_m":10.676,"shadow_length_m":null,"signals":{"separation":0.5975,"shadow":0.0,"shape":1.0,"size":0.5504},"solidity":0.9565,"touches_edge":false},"type":"Feature"},{"geometry":{"coordinates":[[[-5.9484503,39.9308913],[-5.9484851,39.9309016],[-5.9484851,39.9309181],[-5.9484717,39.9309283],[-5.9484503,39.9309283],[-5.9484369,39.9309181],[-5.9484369,39.9309016],[-5.9484503,39.9308913]]],"type":"Polygon"},"id":249,"properties":{"area_m2":13.63,"centroid_lonlat":[-5.9484603,39.9309107],"centroid_px":[622.123,172.785],"confidence":0.8753,"confidence_bucket":"high","detector_score":null,"eccentricity":0.4229,"equivalent_diameter_m":4.166,"height_m":null,"height_reason":"unavailable","id":249,"low_confidence_reason":null,"perimeter_m":12.508,"shadow_length_m":null,"signals":{"separation":0.6218,"shadow":0.0,"shape":1.0,"size":0.9791},"solidity":0.9559,"touches_edge":false},"type":"Feature"},{"geometry":{"coordinates":[[[-5.9483108,39.9308872],[-5.9483349,39.9309016],[-5.9483349,39.9309181],[-5.9483215,39.9309283],[-5.9482867,39.9309222],[-5.9483108,39.9308872]]],"type":"Polygon"},"id":250,"properties":{"area_m2":12.162,"centroid_lonlat":[-5.9483142,39.9309109],"centroid_px":[649.362,172.741],"confidence":0.8023,"confidence_bucket":"high","detector_score":null,"eccentricity":0.6822,"equivalent_diameter_m":3.935,"height_m":null,"height_reason":"unavailable","id":250,"low_confidence_reason":null,"perimeter_m":12.697,"shadow_length_m":null,"signals":{"separation":0.6583,"shadow":0.0,"shape":0.948,"size":0.7714},"solidity":0.9062,"touches_edge":false},"type":"Feature"},{"geometry":{"coordinates":[[[-5.9517199,39.9309057],[-5.9517467,39.9309016],[-5.9517387,39.9309201],[-5.9517199,39.9309057]]],"type":"Polygon"},"id":251,"properties":{"area_m2":2.936,"centroid_lonlat":[-5.9517352,39.9309084],"centroid_px":[11.643,173.357],"confidence":0.7396,"confidence_bucket":"high","detector_score":null,"eccentricity":0.5504,"equivalent_diameter_m":1.933,"height_m":null,"height_reason":"unavailable","id":251,"low_confidence_reason":null,"perimeter_m":5.433,"shadow_length_m":null,"signals":{"separation":0.4737,"shadow":0.0,"shape":1.0,"size":0.693},"solidity":0.8235,"touches_edge":false},"type":"Feature"},{"geometry":{"coordinates":[[[-5.9505317,39.9308872],[-5.9505558,39.9308975],[-5.9505612,39.9309098],[-5.9505478,39.9309242],[-5.9505317,39.9309242],[-5.9505183,39.9309139],[-5.9505183,39.9308975],[-5.9505317,39.9308872]]],"type":"Polygon"},"id":252,"properties":{"area_m2":11.323,"centroid_lonlat":[-5.9505379,39.9309063],"centroid_px":[234.833,173.852],"confidence":0.904,"confidence_bucket":"high","detector_score":null,"eccentricity":0.5852,"equivalent_diameter_m":3.797,"height_m":null,"height_reason":"unavailable","id":252,"low_confidence_reason":null,"perimeter_m":11.323,"shadow_length_m":null,"signals":{"separation":0.7236,"shadow":0.0,"shape":1.0,"size":0.9691},"solidity":0.9643,"touches_edge":false},"type":"Feature"},{"geometry":{"coordinates":[[[-5.9499148,39.9308872],[-5.9499362,39.9308872],[-5.9499496,39.9309016],[-5.9499335,39.9309222],[-5.9499228,39.9309551],[-5.9498987,39.9309612],[-5.9498799,39.930951],[-5.9498692,39.9309263],[-5.9499148,39.9308872]]],"type":"Polygon"},"id":253,"properties":{"area_m2":34.39,"centroid_lonlat":[-5.9499092,39.9309239],"centroid_px":[352.037,169.591],"confidence":0.3642,"confidence_bucket":"low","detector_score":null,"eccentricity":0.8228,"equivalent_diameter_m":6.617,"height_m":null,"height_reason":"unavailable","id":253,"low_confidence_reason":"Low confidence: this crown is far larger or smaller than its neighbours, so it is likely merged with, or split from, another crown.","perimeter_m":25.885,"shadow_length_m":null,"signals":{"separation":0.3915,"shadow":0.0,"shape":0.645,"size":0.0},"solidity":0.9111,"touches_edge":false},"type":"Feature"},{"geometry":{"coordinates":[[[-5.9485254,39.9308831],[-5.9485468,39.9308831],[-5.9485602,39.9308934],[-5.9485495,39.9309016],[-5.9485468,39.9309201],[-5.9485254,39.9309201],[-5.948512,39.9309098],[-5.948512,39.9308934],[-5.9485254,39.9308831]]],"type":"Polygon"},"id":254,"properties":{"area_m2":12.791,"centroid_lonlat":[-5.9485336,39.9309011],"centroid_px":[608.459,175.131],"confidence":0.7635,"confidence_bucket":"high","detector_score":null,"eccentricity":0.5482,"equivalent_diameter_m":4.036,"height_m":null,"height_reason":"unavailable","id":254,"low_confidence_reason":null,"perimeter_m":12.508,"shadow_length_m":null,"signals":{"separation":0.4539,"shadow":0.0,"shape":1.0,"size":0.7892},"solidity":0.9385,"touches_edge":false},"type":"Feature"},{"geometry":{"coordinates":[[[-5.9517816,39.9308749],[-5.9517923,39.9308831],[-5.9518003,39.930881],[-5.9518003,39.9309098],[-5.9517923,39.930916],[-5.9517682,39.9309057],[-5.9517682,39.9308851],[-5.9517816,39.9308749]]],"type":"Polygon"},"id":255,"properties":{"area_m2":10.275,"centroid_lonlat":[-5.9517847,39.9308965],"centroid_px":[2.408,176.245],"confidence":0.9013,"confidence_bucket":"high","detector_score":null,"eccentricity":0.7542,"equivalent_diameter_m":3.617,"height_m":null,"height_reason":"unavailable","id":255,"low_confidence_reason":null,"perimeter_m":11.592,"shadow_length_m":null,"signals":{"separation":0.7596,"shadow":0.0,"shape":0.9609,"size":0.9715},"solidity":0.9608,"touches_edge":true},"type":"Feature"},{"geometry":{"coordinates":[[[-5.9500489,39.9308625],[-5.9500596,39.9308749],[-5.9500891,39.9308769],[-5.9500837,39.9308893],[-5.9500945,39.9309016],[-5.9500703,39.9309201],[-5.9500542,39.9309201],[-5.9500408,39.9309098],[-5.9500489,39.9308625]]],"type":"Polygon"},"id":256,"properties":{"area_m2":20.131,"centroid_lonlat":[-5.9500645,39.9308951],"centroid_px":[323.094,176.583],"confidence":0.5987,"confidence_bucket":"medium","detector_score":null,"eccentricity":0.6424,"equivalent_diameter_m":5.063,"height_m":null,"height_reason":"unavailable","id":256,"low_confidence_reason":null,"perimeter_m":17.466,"shadow_length_m":null,"signals":{"separation":0.5721,"shadow":0.0,"shape":0.8292,"size":0.3488},"solidity":0.8649,"touches_edge":false},"type":"Feature"},{"geometry":{"coordinates":[[[-5.9501722,39.9308708],[-5.9501991,39.9308708],[-5.9502071,39.9308769],[-5.9502071,39.9308975],[-5.9501776,39.930916],[-5.9501588,39.9309057],[-5.9501588,39.930881],[-5.9501722,39.9308708]]],"type":"Polygon"},"id":257,"properties":{"area_m2":16.775,"centroid_lonlat":[-5.9501821,39.9308911],"centroid_px":[301.163,177.55],"confidence":0.8415,"confidence_bucket":"high","detector_score":null,"eccentricity":0.6223,"equivalent_diameter_m":4.622,"height_m":null,"height_reason":"unavailable","id":257,"low_confidence_reason":null,"perimeter_m":14.071,"shadow_length_m":null,"signals":{"separation":0.7927,"shadow":0.0,"shape":1.0,"size":0.7002},"solidity":0.9877,"touches_edge":false},"type":"Feature"},{"geometry":{"coordinates":[[[-5.9488258,39.930842],[-5.9488714,39.9308605],[-5.948866,39.9308646],[-5.9488875,39.9308893],[-5.9488875,39.9309139],[-5.9488741,39.9309242],[-5.9488472,39.9309242],[-5.948815,39.9309366],[-5.9487695,39.9309057],[-5.9487587,39.9308851],[-5.9487695,39.9308646],[-5.9487936,39.9308461],[-5.9488097,39.9308543],[-5.9488258,39.930842]]],"type":"Polygon"},"id":258,"properties":{"area_m2":79.893,"centroid_lonlat":[-5.948825,39.9308891],"centroid_px":[554.147,178.045],"confidence":0.546,"confidence_bucket":"medium","detector_score":null,"eccentricity":0.4929,"equivalent_diameter_m":10.086,"height_m":null,"height_reason":"unavailable","id":258,"low_confidence_reason":null,"perimeter_m":35.22,"shadow_length_m":null,"signals":{"separation":0.7758,"shadow":0.0,"shape":0.8094,"size":0.0},"solidity":0.9225,"touches_edge":false},"type":"Feature"},{"geometry":{"coordinates":[[[-5.9490135,39.930879],[-5.9490216,39.9308893],[-5.9490082,39.9309037],[-5.9490001,39.9308893],[-5.9490135,39.930879]]],"type":"Polygon"},"id":259,"properties":{"area_m2":3.145,"centroid_lonlat":[-5.9490103,39.9308912],"centroid_px":[519.6,177.533],"confidence":0.7201,"confidence_bucket":"high","detector_score":null,"eccentricity":0.8215,"equivalent_diameter_m":2.001,"height_m":null,"height_reason":"unavailable","id":259,"low_confidence_reason":null,"perimeter_m":5.717,"shadow_length_m":null,"signals":{"separation":0.4576,"shadow":0.0,"shape":1.0,"size":0.6467},"solidity":0.9375,"touches_edge":false},"type":"Feature"},{"geometry":{"coordinates":[[[-5.9482679,39.9308502],[-5.9483081,39.930881],[-5.9483081,39.9308975],[-5.948284,39.9309283],[-5.9482518,39.9309283],[-5.9482223,39.9309016],[-5.9482223,39.9308934],[-5.9482545,39.9308687],[-5.9482545,39.9308564],[-5.9482679,39.9308502]]],"type":"Polygon"},"id":260,"properties":{"area_m2":40.89,"centroid_lonlat":[-5.9482679,39.9308928],"centroid_px":[658.0,177.149],"confidence":0.5121,"confidence_bucket":"medium","detector_score":null,"eccentricity":0.6406,"equivalent_diameter_m":7.215,"height_m":null,"height_reason":"unavailable","id":260,"low_confidence_reason":null,"perimeter_m":24.779,"shadow_length_m":null,"signals":{"separation":0.6346,"shadow":0.0,"shape":0.8368,"size":0.0},"solidity":0.9112,"touches_edge":false},"type":"Feature"},{"geometry":{"coordinates":[[[-5.9508964,39.9308584],[-5.9509125,39.9308584],[-5.9509259,39.9308687],[-5.9509313,39.9308934],[-5.9509179,39.9309037],[-5.9508911,39.9309037],[-5.9508777,39.9308934],[-5.9508777,39.9308687],[-5.9508964,39.9308584]]],"type":"Polygon"},"id":261,"properties":{"area_m2":19.082,"centroid_lonlat":[-5.9509032,39.9308819],"centroid_px":[166.736,179.78],"confidence":0.7148,"confidence_bucket":"high","detector_score":null,"eccentricity":0.4982,"equivalent_diameter_m":4.929,"height_m":null,"height_reason":"unavailable","id":261,"low_confidence_reason":null,"perimeter_m":14.987,"shadow_length_m":null,"signals":{"separation":0.7432,"shadow":0.0,"shape":1.0,"size":0.3442},"solidity":0.9681,"touches_edge":false},"type":"Feature"},{"geometry":{"coordinates":[[[-5.9506872,39.9308625],[-5.9507114,39.9308851],[-5.9507033,39.9308995],[-5.9506819,39.9308995],[-5.9506685,39.9308893],[-5.9506685,39.9308728],[-5.9506872,39.9308625]]],"type":"Polygon"},"id":262,"properties":{"area_m2":10.694,"centroid_lonlat":[-5.9506886,39.9308835],"centroid_px":[206.745,179.412],"confidence":0.8473,"confidence_bucket":"high","detector_score":null,"eccentricity":0.5796,"equivalent_diameter_m":3.69,"height_m":null,"height_reason":"unavailable","id":262,"low_confidence_reason":null,"perimeter_m":11.323,"shadow_length_m":null,"signals":{"separation":0.702,"shadow":0.0,"shape":1.0,"size":0.8095},"solidity":0.9444,"touches_edge":false},"type":"Feature"},{"geometry":{"coordinates":[[[-5.948461,39.9308625],[-5.9484825,39.9308625],[-5.9484959,39.9308769],[-5.9484959,39.9308893],[-5.9484825,39.9308995],[-5.9484476,39.9308893],[-5.9484476,39.9308728],[-5.948461,39.9308625]]],"type":"Polygon"},"id":263,"properties":{"area_m2":13.42,"centroid_lonlat":[-5.9484721,39.9308803],"centroid_px":[619.938,180.188],"confidence":0.8767,"confidence_bucket":"high","detector_score":null,"eccentricity":0.4508,"equivalent_diameter_m":4.134,"height_m":null,"height_reason":"unavailable","id":263,"low_confidence_reason":null,"perimeter_m":12.508,"shadow_length_m":null,"signals":{"separation":0.6267,"shadow":0.0,"shape":1.0,"size":0.9789},"solidity":0.9412,"touches_edge":false},"type":"Feature"},{"geometry":{"coordinates":[[[-5.9500328,39.9308584],[-5.9500462,39.9308605],[-5.9500381,39.9308954],[-5.950014,39.9308851],[-5.9500328,39.9308584]]],"type":"Polygon"},"id":264,"properties":{"area_m2":7.339,"centroid_lonlat":[-5.9500329,39.9308775],"centroid_px":[328.971,180.857],"confidence":0.5705,"confidence_bucket":"medium","detector_score":null,"eccentricity":0.8822,"equivalent_diameter_m":3.057,"height_m":null,"height_reason":"unavailable","id":264,"low_confidence_reason":null,"perimeter_m":10.297,"shadow_length_m":null,"signals":{"separation":0.4237,"shadow":0.0,"shape":0.8699,"size":0.358},"solidity":0.875,"touches_edge":false},"type":"Feature"},{"geometry":{"coordinates":[[[-5.9483269,39.9308625],[-5.9483537,39.9308584],[-5.9483671,39.9308728],[-5.9483671,39.9308851],[-5.9483537,39.9308954],[-5.9483323,39.9308954],[-5.9483027,39.9308769],[-5.9483108,39.9308666],[-5.9483162,39.9308749],[-5.9483269,39.9308625]]],"type":"Polygon"},"id":265,"properties":{"area_m2":15.727,"centroid_lonlat":[-5.9483385,39.9308777],"centroid_px":[644.84,180.8],"confidence":0.7617,"confidence_bucket":"high","detector_score":null,"eccentricity":0.6843,"equivalent_diameter_m":4.475,"height_m":null,"height_reason":"unavailable","id":265,"low_confidence_reason":null,"perimeter_m":15.271,"shadow_length_m":null,"signals":{"separation":0.614,"shadow":0.0,"shape":0.8474,"size":0.8066},"solidity":0.8929,"touches_edge":false},"type":"Feature"},{"geometry":{"coordinates":[[[-5.9517011,39.930842],[-5.9517413,39.9308687],[-5.9517306,39.9308851],[-5.951744,39.9308872],[-5.9517494,39.9308995],[-5.9517172,39.9309037],[-5.9517092,39.9308975],[-5.9517199,39.9308893],[-5.9516877,39.9308728],[-5.9517011,39.930842]]],"type":"Polygon"},"id":266,"properties":{"area_m2":19.501,"centroid_lonlat":[-5.951717,39.9308748],"centroid_px":[15.032,181.527],"confidence":0.4958,"confidence_bucket":"medium","detector_score":null,"eccentricity":0.87,"equivalent_diameter_m":4.983,"height_m":null,"height_reason":"unavailable","id":266,"low_confidence_reason":null,"perimeter_m":20.168,"shadow_length_m":null,"signals":{"separation":0.5199,"shadow":0.0,"shape":0.6025,"size":0.3437},"solidity":0.8158,"touches_edge":false},"type":"Feature"},{"geometry":{"coordinates":[[[-5.9509662,39.9308502],[-5.9509876,39.9308502],[-5.951001,39.9308646],[-5.950993,39.9308831],[-5.9509715,39.9308831],[-5.9509581,39.9308728],[-5.9509528,39.9308605],[-5.9509662,39.9308502]]],"type":"Polygon"},"id":267,"properties":{"area_m2":11.743,"centroid_lonlat":[-5.9509782,39.9308668],"centroid_px":[152.768,183.464],"confidence":0.843,"confidence_bucket":"high","detector_score":null,"eccentricity":0.6049,"equivalent_diameter_m":3.867,"height_m":null,"height_reason":"unavailable","id":267,"low_confidence_reason":null,"perimeter_m":11.592,"shadow_length_m":null,"signals":{"separation":0.6699,"shadow":0.0,"shape":1.0,"size":0.8277},"solidity":0.9655,"touches_edge":false},"type":"Feature"},{"geometry":{"coordinates":[[[-5.9503117,39.9308378],[-5.9503466,39.9308481],[-5.9503466,39.9308893],[-5.9503224,39.9308995],[-5.9502903,39.9308872],[-5.9502769,39.9308687],[-5.9502876,39.9308481],[-5.9503117,39.9308378]]],"type":"Polygon"},"id":268,"properties":{"area_m2":29.776,"centroid_lonlat":[-5.950315,39.9308683],"centroid_px":[276.38,183.106],"confidence":0.5016,"confidence_bucket":"medium","detector_score":null,"eccentricity":0.4993,"equivalent_diameter_m":6.157,"height_m":null,"height_reason":"unavailable","id":268,"low_confidence_reason":null,"perimeter_m":21.084,"shadow_length_m":null,"signals":{"separation":0.595,"shadow":0.0,"shape":0.8418,"size":0.0},"solidity":0.9045,"touches_edge":false},"type":"Feature"},{"geometry":{"coordinates":[[[-5.9499738,39.9308296],[-5.9499979,39.9308564],[-5.9499979,39.9308646],[-5.9499791,39.930879],[-5.9499604,39.9308728],[-5.9499443,39.9308481],[-5.9499469,39.930842],[-5.9499684,39.930842],[-5.9499738,39.9308296]]],"type":"Polygon"},"id":269,"properties":{"area_m2":14.049,"centroid_lonlat":[-5.949973,39.9308568],"centroid_px":[340.134,185.881],"confidence":0.8411,"confidence_bucket":"high","detector_score":null,"eccentricity":0.6278,"equivalent_diameter_m":4.229,"height_m":null,"height_reason":"unavailable","id":269,"low_confidence_reason":null,"perimeter_m":13.898,"shadow_length_m":null,"signals":{"separation":0.6496,"shadow":0.0,"shape":0.9141,"size":0.9449},"solidity":0.8375,"touches_edge":false},"type":"Feature"},{"geometry":{"coordinates":[[[-5.9482196,39.9308502],[-5.9482545,39.9308564],[-5.9482545,39.9308687],[-5.9482196,39.9308995],[-5.9482169,39.9308893],[-5.9482008,39.930881],[-5.9482008,39.9308646],[-5.9482196,39.9308502]]],"type":"Polygon"},"id":270,"properties":{"area_m2":15.517,"centroid_lonlat":[-5.948226,39.9308703],"centroid_px":[665.797,182.622],"confidence":0.8884,"confidence_bucket":"high","detector_score":null,"eccentricity":0.6422,"equivalent_diameter_m":4.445,"height_m":null,"height_reason":"unavailable","id":270,"low_confidence_reason":null,"perimeter_m":14.166,"shadow_length_m":null,"signals":{"separation":0.7429,"shadow":0.0,"shape":0.9717,"size":0.9338},"solidity":0.8916,"touches_edge":true},"type":"Feature"},{"geometry":{"coordinates":[[[-5.951685,39.9308461],[-5.9516931,39.9308522],[-5.9516904,39.9308625],[-5.951677,39.9308564],[-5.951685,39.9308461]]],"type":"Polygon"},"id":271,"properties":{"area_m2":1.887,"centroid_lonlat":[-5.9516856,39.930855],"centroid_px":[20.889,186.333],"confidence":0.7627,"confidence_bucket":"high","detector_score":null,"eccentricity":0.6946,"equivalent_diameter_m":1.55,"height_m":null,"height_reason":"unavailable","id":271,"low_confidence_reason":null,"perimeter_m":3.774,"shadow_length_m":null,"signals":{"separation":0.5908,"shadow":0.0,"shape":1.0,"size":0.6498},"solidity":1.0,"touches_edge":false},"type":"Feature"},{"geometry":{"coordinates":[[[-5.9483752,39.9308378],[-5.9483913,39.9308378],[-5.9484047,39.9308481],[-5.9484047,39.9308646],[-5.9483913,39.9308749],[-5.9483698,39.9308749],[-5.9483564,39.9308646],[-5.9483564,39.9308522],[-5.9483752,39.9308378]]],"type":"Polygon"},"id":272,"properties":{"area_m2":13.84,"centroid_lonlat":[-5.9483813,39.9308569],"centroid_px":[636.864,185.864],"confidence":0.9236,"confidence_bucket":"high","detector_score":null,"eccentricity":0.3755,"equivalent_diameter_m":4.198,"height_m":null,"height_reason":"unavailable","id":272,"low_confidence_reason":null,"perimeter_m":12.239,"shadow_length_m":null,"signals":{"separation":0.7866,"shadow":0.0,"shape":1.0,"size":0.9689},"solidity":1.0,"touches_edge":false},"type":"Feature"},{"geometry":{"coordinates":[[[-5.9512451,39.9308502],[-5.9512639,39.9308522],[-5.9512612,39.9308708],[-5.9512424,39.9308564],[-5.9512451,39.9308502]]],"type":"Polygon"},"id":273,"properties":{"area_m2":2.936,"centroid_lonlat":[-5.9512551,39.9308581],"centroid_px":[101.143,185.571],"confidence":0.6852,"confidence_bucket":"medium","detector_score":null,"eccentricity":0.7879,"equivalent_diameter_m":1.933,"height_m":null,"height_reason":"unavailable","id":273,"low_confidence_reason":null,"perimeter_m":5.606,"shadow_length_m":null,"signals":{"separation":0.4737,"shadow":0.0,"shape":1.0,"size":0.5189},"solidity":1.0,"touches_edge":false},"type":"Feature"},{"geometry":{"coordinates":[[[-5.9485361,39.9308296],[-5.9485683,39.9308296],[-5.9485817,39.9308399],[-5.9485817,39.9308646],[-5.9485683,39.9308749],[-5.9485361,39.9308749],[-5.9485227,39.9308646],[-5.9485227,39.9308399],[-5.9485361,39.9308296]]],"type":"Polygon"},"id":274,"properties":{"area_m2":22.437,"centroid_lonlat":[-5.9485527,39.9308521],"centroid_px":[604.907,187.028],"confidence":0.6059,"confidence_bucket":"medium","detector_score":null,"eccentricity":0.2414,"equivalent_diameter_m":5.345,"height_m":null,"height_reason":"unavailable","id":274,"low_confidence_reason":null,"perimeter_m":16.55,"shadow_length_m":null,"signals":{"separation":0.7065,"shadow":0.0,"shape":1.0,"size":0.0323},"solidity":0.9817,"touches_edge":false},"type":"Feature"},{"geometry":{"coordinates":[[[-5.9485978,39.9308358],[-5.9486219,39.9308255],[-5.9486461,39.930844],[-5.9486514,39.9308646],[-5.9486434,39.9308708],[-5.9486112,39.9308708],[-5.9485978,39.9308605],[-5.9485978,39.9308358]]],"type":"Polygon"},"id":275,"properties":{"area_m2":18.243,"centroid_lonlat":[-5.9486227,39.9308505],"centroid_px":[591.862,187.425],"confidence":0.7425,"confidence_bucket":"high","detector_score":null,"eccentricity":0.6476,"equivalent_diameter_m":4.82,"height_m":null,"height_reason":"unavailable","id":275,"low_confidence_reason":null,"perimeter_m":14.719,"shadow_length_m":null,"signals":{"separation":0.7601,"shadow":0.0,"shape":1.0,"size":0.416},"solidity":0.9886,"touches_edge":false},"type":"Feature"},{"geometry":{"coordinates":[[[-5.9517547,39.9308214],[-5.9517789,39.9308481],[-5.9517333,39.9308666],[-5.9517145,39.9308481],[-5.9517145,39.9308358],[-5.9517279,39.9308255],[-5.9517547,39.9308214]]],"type":"Polygon"},"id":276,"properties":{"area_m2":16.566,"centroid_lonlat":[-5.9517423,39.9308435],"centroid_px":[10.316,189.114],"confidence":0.8085,"confidence_bucket":"high","detector_score":null,"eccentricity":0.4034,"equivalent_diameter_m":4.593,"height_m":null,"height_reason":"unavailable","id":276,"low_confidence_reason":null,"perimeter_m":15.477,"shadow_length_m":null,"signals":{"separation":0.719,"shadow":0.0,"shape":0.869,"size":0.8255},"solidity":0.8876,"touches_edge":false},"type":"Feature"},{"geometry":{"coordinates":[[[-5.9501025,39.9308255],[-5.950124,39.9308255],[-5.9501374,39.9308358],[-5.9501374,39.9308522],[-5.950124,39.9308625],[-5.9501132,39.9308625],[-5.9500891,39.930844],[-5.9501025,39.9308255]]],"type":"Polygon"},"id":277,"properties":{"area_m2":13.001,"centroid_lonlat":[-5.9501149,39.9308428],"centroid_px":[313.694,189.306],"confidence":0.8839,"confidence_bucket":"high","detector_score":null,"eccentricity":0.5299,"equivalent_diameter_m":4.069,"height_m":null,"height_reason":"unavailable","id":277,"low_confidence_reason":null,"perimeter_m":11.971,"shadow_length_m":null,"signals":{"separation":0.6367,"shadow":0.0,"shape":1.0,"size":0.9917},"solidity":1.0,"touches_edge":false},"type":"Feature"},{"geometry":{"coordinates":[[[-5.9508857,39.9308214],[-5.9509018,39.9308214],[-5.9509152,39.9308358],[-5.9509152,39.9308522],[-5.9508911,39.9308625],[-5.9508723,39.9308481],[-5.9508723,39.9308317],[-5.9508857,39.9308214]]],"type":"Polygon"},"id":278,"properties":{"area_m2":12.791,"centroid_lonlat":[-5.9508937,39.930841],"centroid_px":[168.508,189.721],"confidence":0.8364,"confidence_bucket":"high","detector_score":null,"eccentricity":0.563,"equivalent_diameter_m":4.036,"height_m":null,"height_reason":"unavailable","id":278,"low_confidence_reason":null,"perimeter_m":12.239,"shadow_length_m":null,"signals":{"separation":0.6808,"shadow":0.0,"shape":1.0,"size":0.7956},"solidity":0.9683,"touches_edge":false},"type":"Feature"},{"geometry":{"coordinates":[[[-5.9506229,39.9308049],[-5.9506443,39.930809],[-5.9506577,39.9308193],[-5.9506524,39.9308358],[-5.9506631,39.9308522],[-5.9506336,39.9308749],[-5.9506175,39.9308625],[-5.950596,39.9308666],[-5.9505773,39.9308481],[-5.9505826,39.9308234],[-5.9506229,39.9308049]]],"type":"Polygon"},"id":279,"properties":{"area_m2":39.213,"centroid_lonlat":[-5.9506208,39.9308396],"centroid_px":[219.38,190.064],"confidence":0.5189,"confidence_bucket":"medium","detector_score":null,"eccentricity":0.178,"equivalent_diameter_m":7.066,"height_m":null,"height_reason":"unavailable","id":279,"low_confidence_reason":null,"perimeter_m":24.322,"shadow_length_m":null,"signals":{"separation":0.6609,"shadow":0.0,"shape":0.833,"size":0.0},"solidity":0.8947,"touches_edge":false},"type":"Feature"},{"geometry":{"coordinates":[[[-5.9504136,39.930809],[-5.9504351,39.9308132],[-5.9504485,39.9308317],[-5.9504378,39.9308564],[-5.950419,39.9308666],[-5.9503788,39.930844],[-5.9503895,39.9308193],[-5.9504136,39.930809]]],"type":"Polygon"},"id":280,"properties":{"area_m2":25.583,"centroid_lonlat":[-5.9504148,39.9308365],"centroid_px":[257.787,190.836],"confidence":0.599,"confidence_bucket":"medium","detector_score":null,"eccentricity":0.4074,"equivalent_diameter_m":5.707,"height_m":null,"height_reason":"unavailable","id":280,"low_confidence_reason":null,"perimeter_m":18.604,"shadow_length_m":null,"signals":{"separation":0.8024,"shadow":0.0,"shape":0.9288,"size":0.0},"solidity":0.9173,"touches_edge":false},"type":"Feature"},{"geometry":{"coordinates":[[[-5.9499577,39.9308255],[-5.9499711,39.9308276],[-5.9499684,39.930842],[-5.9499496,39.9308399],[-5.9499577,39.9308255]]],"type":"Polygon"},"id":281,"properties":{"area_m2":3.145,"centroid_lonlat":[-5.9499609,39.9308341],"centroid_px":[342.4,191.4],"confidence":0.6763,"confidence_bucket":"medium","detector_score":null,"eccentricity":0.4899,"equivalent_diameter_m":2.001,"height_m":null,"height_reason":"unavailable","id":281,"low_confidence_reason":null,"perimeter_m":5.227,"shadow_length_m":null,"signals":{"separation":0.4576,"shadow":0.0,"shape":1.0,"size":0.5064},"solidity":1.0,"touches_edge":false},"type":"Feature"},{"geometry":{"coordinates":[[[-5.9494159,39.9308214],[-5.9494346,39.9308317],[-5.9494212,39.9308502],[-5.9494078,39.9308399],[-5.9494159,39.9308214]]],"type":"Polygon"},"id":282,"properties":{"area_m2":4.823,"centroid_lonlat":[-5.9494196,39.9308347],"centroid_px":[443.304,191.261],"confidence":0.7046,"confidence_bucket":"high","detector_score":null,"eccentricity":0.7379,"equivalent_diameter_m":2.478,"height_m":null,"height_reason":"unavailable","id":282,"low_confidence_reason":null,"perimeter_m":7.281,"shadow_length_m":null,"signals":{"separation":0.3696,"shadow":0.0,"shape":1.0,"size":0.6853},"solidity":0.9583,"touches_edge":false},"type":"Feature"},{"geometry":{"coordinates":[[[-5.9512773,39.9308132],[-5.9513041,39.9308132],[-5.9513175,39.9308317],[-5.9512988,39.9308543],[-5.9512666,39.9308666],[-5.9512639,39.9308522],[-5.9512398,39.9308502],[-5.9512371,39.930844],[-5.9512612,39.9308378],[-5.9512773,39.9308132]]],"type":"Polygon"},"id":283,"properties":{"area_m2":21.598,"centroid_lonlat":[-5.9512827,39.9308379],"centroid_px":[96.0,190.476],"confidence":0.539,"confidence_bucket":"medium","detector_score":null,"eccentricity":0.751,"equivalent_diameter_m":5.244,"height_m":null,"height_reason":"unavailable","id":283,"low_confidence_reason":null,"perimeter_m":20.498,"shadow_length_m":null,"signals":{"separation":0.494,"shadow":0.0,"shape":0.646,"size":0.4557},"solidity":0.8175,"touches_edge":false},"type":"Feature"},{"geometry":{"coordinates":[[[-5.9495768,39.9308255],[-5.9495902,39.9308358],[-5.9495768,39.9308502],[-5.9495527,39.9308399],[-5.9495768,39.9308255]]],"type":"Polygon"},"id":284,"properties":{"area_m2":4.613,"centroid_lonlat":[-5.9495726,39.9308378],"centroid_px":[414.773,190.5],"confidence":0.72,"confidence_bucket":"high","detector_score":null,"eccentricity":0.6373,"equivalent_diameter_m":2.424,"height_m":null,"height_reason":"unavailable","id":284,"low_confidence_reason":null,"perimeter_m":6.744,"shadow_length_m":null,"signals":{"separation":0.3779,"shadow":0.0,"shape":1.0,"size":0.7263},"solidity":0.8462,"touches_edge":false},"type":"Feature"},{"geometry":{"coordinates":[[[-5.9517762,39.9308214],[-5.9518003,39.9308399],[-5.9517869,39.9308502],[-5.9517628,39.9308358],[-5.9517762,39.9308214]]],"type":"Polygon"},"id":285,"properties":{"area_m2":5.662,"centroid_lonlat":[-5.9517804,39.9308367],"centroid_px":[3.222,190.778],"confidence":0.7715,"confidence_bucket":"high","detector_score":null,"eccentricity":0.7503,"equivalent_diameter_m":2.685,"height_m":null,"height_reason":"unavailable","id":285,"low_confidence_reason":null,"perimeter_m":8.039,"shadow_length_m":null,"signals":{"separation":0.4824,"shadow":0.0,"shape":1.0,"size":0.7865},"solidity":1.0,"touches_edge":true},"type":"Feature"},{"geometry":{"coordinates":[[[-5.9510788,39.9308132],[-5.9511003,39.9308132],[-5.9511137,39.9308234],[-5.9511137,39.9308399],[-5.9511003,39.9308502],[-5.9510842,39.9308502],[-5.9510654,39.9308317],[-5.9510788,39.9308132]]],"type":"Polygon"},"id":286,"properties":{"area_m2":13.42,"centroid_lonlat":[-5.951091,39.9308311],"centroid_px":[131.734,192.141],"confidence":0.8387,"confidence_bucket":"high","detector_score":null,"eccentricity":0.4224,"equivalent_diameter_m":4.134,"height_m":null,"height_reason":"unavailable","id":286,"low_confidence_reason":null,"perimeter_m":12.619,"shadow_length_m":null,"signals":{"separation":0.7006,"shadow":0.0,"shape":1.0,"size":0.7832},"solidity":0.9697,"touches_edge":false},"type":"Feature"},{"geometry":{"coordinates":[[[-5.9502581,39.9308132],[-5.9502795,39.9308132],[-5.9502876,39.9308193],[-5.9502822,39.9308317],[-5.9502929,39.9308399],[-5.9502795,39.9308502],[-5.9502581,39.9308502],[-5.9502447,39.9308399],[-5.9502447,39.9308234],[-5.9502581,39.9308132]]],"type":"Polygon"},"id":287,"properties":{"area_m2":13.42,"centroid_lonlat":[-5.9502672,39.9308318],"centroid_px":[285.297,191.969],"confidence":0.794,"confidence_bucket":"high","detector_score":null,"eccentricity":0.4484,"equivalent_diameter_m":4.134,"height_m":null,"height_reason":"unavailable","id":287,"low_confidence_reason":null,"perimeter_m":12.887,"shadow_length_m":null,"signals":{"separation":0.4431,"shadow":0.0,"shape":1.0,"size":0.8978},"solidity":0.9552,"touches_edge":false},"type":"Feature"},{"geometry":{"coordinates":[[[-5.9501669,39.9308132],[-5.9501857,39.9308152],[-5.9501857,39.9308399],[-5.9501722,39.9308502],[-5.9501562,39.9308502],[-5.9501427,39.9308399],[-5.9501427,39.9308234],[-5.9501669,39.9308132]]],"type":"Polygon"},"id":288,"properties":{"area_m2":12.791,"centroid_lonlat":[-5.9501652,39.9308315],"centroid_px":[304.311,192.049],"confidence":0.9002,"confidence_bucket":"high","detector_score":null,"eccentricity":0.5197,"equivalent_diameter_m":4.036,"height_m":null,"height_reason":"unavailable","id":288,"low_confidence_reason":null,"perimeter_m":12.128,"shadow_length_m":null,"signals":{"separation":0.6808,"shadow":0.0,"shape":1.0,"size":0.9999},"solidity":0.9839,"touches_edge":false},"type":"Feature"},{"geometry":{"coordinates":[[[-5.9506819,39.9308049],[-5.950698,39.9308049],[-5.9507167,39.9308234],[-5.950698,39.930842],[-5.9506765,39.9308337],[-5.9506604,39.930842],[-5.9506524,39.9308276],[-5.9506604,39.9308214],[-5.9506658,39.9308296],[-5.9506685,39.9308152],[-5.9506819,39.9308049]]],"type":"Polygon"},"id":289,"properties":{"area_m2":14.049,"centroid_lonlat":[-5.9506855,39.9308243],"centroid_px":[207.313,193.791],"confidence":0.7225,"confidence_bucket":"high","detector_score":null,"eccentricity":0.6797,"equivalent_diameter_m":4.229,"height_m":null,"height_reason":"unavailable","id":289,"low_confidence_reason":null,"perimeter_m":16.109,"shadow_length_m":null,"signals":{"separation":0.6125,"shadow":0.0,"shape":0.6804,"size":0.8831},"solidity":0.859,"touches_edge":false},"type":"Feature"},{"geometry":{"coordinates":[[[-5.9499148,39.9307967],[-5.9499335,39.9308193],[-5.9499148,39.930842],[-5.9498799,39.9308152],[-5.9499148,39.9307967]]],"type":"Polygon"},"id":290,"properties":{"area_m2":11.114,"centroid_lonlat":[-5.9499105,39.9308192],"centroid_px":[351.792,195.038],"confidence":0.7655,"confidence_bucket":"high","detector_score":null,"eccentricity":0.5489,"equivalent_diameter_m":3.762,"height_m":null,"height_reason":"unavailable","id":290,"low_confidence_reason":null,"perimeter_m":12.998,"shadow_length_m":null,"signals":{"separation":0.5444,"shadow":0.0,"shape":0.8266,"size":0.9132},"solidity":0.8689,"touches_edge":false},"type":"Feature"},{"geometry":{"coordinates":[[[-5.9484771,39.9308049],[-5.948512,39.9308152],[-5.9485093,39.9308337],[-5.9484878,39.9308337],[-5.9484771,39.930842],[-5.9484637,39.9308317],[-5.9484637,39.9308152],[-5.9484771,39.9308049]]],"type":"Polygon"},"id":291,"properties":{"area_m2":12.582,"centroid_lonlat":[-5.9484871,39.9308228],"centroid_px":[617.133,194.167],"confidence":0.7835,"confidence_bucket":"high","detector_score":null,"eccentricity":0.5598,"equivalent_diameter_m":4.002,"height_m":null,"height_reason":"unavailable","id":291,"low_confidence_reason":null,"perimeter_m":12.887,"shadow_length_m":null,"signals":{"separation":0.4576,"shadow":0.0,"shape":0.952,"size":0.907},"solidity":0.9091,"touches_edge":false},"type":"Feature"},{"geometry":{"coordinates":[[[-5.9512317,39.9308152],[-5.9512666,39.9308049],[-5.9512746,39.9308193],[-5.9512612,39.9308378],[-5.9512451,39.9308378],[-5.9512478,39.9308317],[-5.9512317,39.9308276],[-5.9512317,39.9308152]]],"type":"Polygon"},"id":292,"properties":{"area_m2":9.436,"centroid_lonlat":[-5.9512545,39.9308212],"centroid_px":[101.244,194.556],"confidence":0.743,"confidence_bucket":"high","detector_score":null,"eccentricity":0.5146,"equivalent_diameter_m":3.466,"height_m":null,"height_reason":"unavailable","id":292,"low_confidence_reason":null,"perimeter_m":12.239,"shadow_length_m":null,"signals":{"separation":0.5908,"shadow":0.0,"shape":0.7916,"size":0.8368},"solidity":0.8654,"touches_edge":false},"type":"Feature"},{"geometry":{"coordinates":[[[-5.9499818,39.930807],[-5.950022,39.9307967],[-5.9500355,39.930807],[-5.9500355,39.9308234],[-5.950022,39.9308337],[-5.9500006,39.9308337],[-5.9499872,39.9308234],[-5.9499925,39.9308193],[-5.9499818,39.930807]]],"type":"Polygon"},"id":293,"properties":{"area_m2":14.259,"centroid_lonlat":[-5.9500112,39.9308154],"centroid_px":[333.015,195.956],"confidence":0.8184,"confidence_bucket":"high","detector_score":null,"eccentricity":0.3264,"equivalent_diameter_m":4.261,"height_m":null,"height_reason":"unavailable","id":293,"low_confidence_reason":null,"perimeter_m":13.535,"shadow_length_m":null,"signals":{"separation":0.6797,"shadow":0.0,"shape":0.9782,"size":0.7654},"solidity":0.9315,"touches_edge":false},"type":"Feature"},{"geometry":{"coordinates":[[[-5.9498343,39.9308008],[-5.9498584,39.9308234],[-5.949845,39.9308337],[-5.9498262,39.9308152],[-5.9498343,39.9308008]]],"type":"Polygon"},"id":294,"properties":{"area_m2":5.662,"centroid_lonlat":[-5.9498404,39.9308166],"centroid_px":[364.852,195.667],"confidence":0.6317,"confidence_bucket":"medium","detector_score":null,"eccentricity":0.8598,"equivalent_diameter_m":2.685,"height_m":null,"height_reason":"unavailable","id":294,"low_confidence_reason":null,"perimeter_m":8.576,"shadow_length_m":null,"signals":{"separation":0.3411,"shadow":0.0,"shape":0.9674,"size":0.5194},"solidity":0.871,"touches_edge":false},"type":"Feature"},{"geometry":{"coordinates":[[[-5.9512022,39.9307967],[-5.9512264,39.9308111],[-5.9512129,39.9308255],[-5.9511888,39.9308152],[-5.9512022,39.9307967]]],"type":"Polygon"},"id":295,"properties":{"area_m2":6.92,"centroid_lonlat":[-5.9512068,39.9308115],"centroid_px":[110.152,196.909],"confidence":0.8062,"confidence_bucket":"high","detector_score":null,"eccentricity":0.5222,"equivalent_diameter_m":2.968,"height_m":null,"height_reason":"unavailable","id":295,"low_confidence_reason":null,"perimeter_m":8.576,"shadow_length_m":null,"signals":{"separation":0.6899,"shadow":0.0,"shape":1.0,"size":0.6898},"solidity":0.9706,"touches_edge":false},"type":"Feature"},{"geometry":{"coordinates":[[[-5.9507731,39.9307803],[-5.9508079,39.9307905],[-5.9508133,39.9308111],[-5.9507945,39.9308296],[-5.9507543,39.9308152],[-5.950765,39.930807],[-5.9507731,39.9307803]]],"type":"Polygon"},"id":296,"properties":{"area_m2":18.243,"centroid_lonlat":[-5.9507855,39.9308053],"centroid_px":[188.69,198.402],"confidence":0.6282,"confidence_bucket":"medium","detector_score":null,"eccentricity":0.6001,"equivalent_diameter_m":4.82,"height_m":null,"height_reason":"unavailable","id":296,"low_confidence_reason":null,"perimeter_m":16.014,"shadow_length_m":null,"signals":{"separation":0.5701,"shadow":0.0,"shape":0.894,"size":0.3673},"solidity":0.8878,"touches_edge":false},"type":"Feature"},{"geometry":{"coordinates":[[[-5.9485307,39.9307926],[-5.9485656,39.9307947],[-5.948571,39.9308152],[-5.9485576,39.9308255],[-5.9485361,39.9308255],[-5.9485227,39.9308152],[-5.9485227,39.9307988],[-5.9485307,39.9307926]]],"type":"Polygon"},"id":297,"properties":{"area_m2":13.211,"centroid_lonlat":[-5.9485465,39.9308084],"centroid_px":[606.063,197.651],"confidence":0.8935,"confidence_bucket":"high","detector_score":null,"eccentricity":0.4403,"equivalent_diameter_m":4.101,"height_m":null,"height_reason":"unavailable","id":297,"low_confidence_reason":null,"perimeter_m":12.128,"shadow_length_m":null,"signals":{"separation":0.6699,"shadow":0.0,"shape":1.0,"size":0.9893},"solidity":0.9844,"touches_edge":false},"type":"Feature"},{"geometry":{"coordinates":[[[-5.9510413,39.9307844],[-5.9510627,39.9307844],[-5.9510761,39.9307947],[-5.9510761,39.9308111],[-5.9510627,39.9308214],[-5.9510466,39.9308214],[-5.9510225,39.930807],[-5.9510225,39.9307947],[-5.9510413,39.9307844]]],"type":"Polygon"},"id":298,"properties":{"area_m2":14.888,"centroid_lonlat":[-5.9510509,39.9308024],"centroid_px":[139.211,199.127],"confidence":0.8513,"confidence_bucket":"high","detector_score":null,"eccentricity":0.498,"equivalent_diameter_m":4.354,"height_m":null,"height_reason":"unavailable","id":298,"low_confidence_reason":null,"perimeter_m":13.155,"shadow_length_m":null,"signals":{"separation":0.7584,"shadow":0.0,"shape":1.0,"size":0.7658},"solidity":0.9726,"touches_edge":false},"type":"Feature"},{"geometry":{"coordinates":[[[-5.9501964,39.9307905],[-5.9502152,39.9307844],[-5.9502286,39.9308029],[-5.9502259,39.9308214],[-5.9502098,39.9308214],[-5.9501964,39.9308111],[-5.9501964,39.9307905]]],"type":"Polygon"},"id":299,"properties":{"area_m2":9.017,"centroid_lonlat":[-5.9502118,39.930804],"centroid_px":[295.628,198.721],"confidence":0.7359,"confidence_bucket":"high","detector_score":null,"eccentricity":0.8184,"equivalent_diameter_m":3.388,"height_m":null,"height_reason":"unavailable","id":299,"low_confidence_reason":null,"perimeter_m":10.565,"shadow_length_m":null,"signals":{"separation":0.5406,"shadow":0.0,"shape":1.0,"size":0.6143},"solidity":0.9348,"touches_edge":false},"type":"Feature"},{"geometry":{"coordinates":[[[-5.9501562,39.9307844],[-5.9501776,39.9307844],[-5.9501937,39.9307926],[-5.9501964,39.930807],[-5.9501883,39.9308132],[-5.9501508,39.9308173],[-5.9501427,39.9308111],[-5.9501427,39.9307947],[-5.9501562,39.9307844]]],"type":"Polygon"},"id":300,"properties":{"area_m2":13.42,"centroid_lonlat":[-5.9501681,39.9308007],"centroid_px":[303.781,199.531],"confidence":0.8711,"confidence_bucket":"high","detector_score":null,"eccentricity":0.6745,"equivalent_diameter_m":4.134,"height_m":null,"height_reason":"unavailable","id":300,"low_confidence_reason":null,"perimeter_m":12.776,"shadow_length_m":null,"signals":{"separation":0.6647,"shadow":0.0,"shape":1.0,"size":0.9229},"solidity":0.9552,"touches_edge":false},"type":"Feature"},{"geometry":{"coordinates":[[[-5.9512693,39.9307905],[-5.9512934,39.9307803],[-5.9513122,39.9307947],[-5.9513095,39.9308132],[-5.9512746,39.9308111],[-5.9512693,39.9307905]]],"type":"Polygon"},"id":301,"properties":{"area_m2":10.485,"centroid_lonlat":[-5.9512903,39.9307979],"centroid_px":[94.58,200.2],"confidence":0.8103,"confidence_bucket":"high","detector_score":null,"eccentricity":0.5271,"equivalent_diameter_m":3.654,"height_m":null,"height_reason":"unavailable","id":301,"low_confidence_reason":null,"perimeter_m":11.497,"shadow_length_m":null,"signals":{"separation":0.5605,"shadow":0.0,"shape":0.9968,"size":0.8362},"solidity":0.9434,"touches_edge":false},"type":"Feature"},{"geometry":{"coordinates":[[[-5.950993,39.9307803],[-5.9510145,39.9307803],[-5.9510225,39.9307905],[-5.9510225,39.9308111],[-5.9510145,39.9308173],[-5.950985,39.9307864],[-5.950993,39.9307803]]],"type":"Polygon"},"id":302,"properties":{"area_m2":8.388,"centroid_lonlat":[-5.9510075,39.9307956],"centroid_px":[147.3,200.775],"confidence":0.6845,"confidence_bucket":"medium","detector_score":null,"eccentricity":0.8271,"equivalent_diameter_m":3.268,"height_m":null,"height_reason":"unavailable","id":302,"low_confidence_reason":null,"perimeter_m":10.676,"shadow_length_m":null,"signals":{"separation":0.5605,"shadow":0.0,"shape":0.9248,"size":0.52},"solidity":0.9302,"touches_edge":false},"type":"Feature"},{"geometry":{"coordinates":[[[-5.9505317,39.9307597],[-5.9505531,39.9307638],[-5.9505719,39.9307905],[-5.9505424,39.9308214],[-5.9505209,39.9308255],[-5.9504968,39.9308029],[-5.9504968,39.9307864],[-5.9505317,39.9307597]]],"type":"Polygon"},"id":303,"properties":{"area_m2":33.132,"centroid_lonlat":[-5.9505331,39.9307919],"centroid_px":[235.734,201.658],"confidence":0.6651,"confidence_bucket":"medium","detector_score":null,"eccentricity":0.555,"equivalent_diameter_m":6.495,"height_m":null,"height_reason":"unavailable","id":303,"low_confidence_reason":null,"perimeter_m":20.547,"shadow_length_m":null,"signals":{"separation":0.7594,"shadow":0.0,"shape":0.9862,"size":0.1856},"solidity":0.9576,"touches_edge":false},"type":"Feature"},{"geometry":{"coordinates":[[[-5.9504566,39.9307761],[-5.9504807,39.9307864],[-5.9504807,39.9308029],[-5.9504673,39.9308132],[-5.9504458,39.9308132],[-5.9504324,39.9307988],[-5.9504566,39.9307761]]],"type":"Polygon"},"id":304,"properties":{"area_m2":12.372,"centroid_lonlat":[-5.9504586,39.9307953],"centroid_px":[249.627,200.847],"confidence":0.8608,"confidence_bucket":"high","detector_score":null,"eccentricity":0.5205,"equivalent_diameter_m":3.969,"height_m":null,"height_reason":"unavailable","id":304,"low_confidence_reason":null,"perimeter_m":12.35,"shadow_length_m":null,"signals":{"separation":0.6527,"shadow":0.0,"shape":1.0,"size":0.902},"solidity":0.9516,"touches_edge":false},"type":"Feature"},{"geometry":{"coordinates":[[[-5.9501401,39.9307556],[-5.9501427,39.9307741],[-5.9501213,39.9307988],[-5.9501266,39.930807],[-5.9501186,39.9308132],[-5.9500971,39.9308132],[-5.9500891,39.930807],[-5.9500998,39.9307947],[-5.9500998,39.9307782],[-5.9501347,39.930772],[-5.9501401,39.9307556]]],"type":"Polygon"},"id":305,"properties":{"area_m2":12.582,"centroid_lonlat":[-5.950116,39.9307911],"centroid_px":[313.483,201.867],"confidence":0.6245,"confidence_bucket":"medium","detector_score":null,"eccentricity":0.9061,"equivalent_diameter_m":4.002,"height_m":null,"height_reason":"unavailable","id":305,"low_confidence_reason":null,"perimeter_m":16.377,"shadow_length_m":null,"signals":{"separation":0.3236,"shadow":0.0,"shape":0.5895,"size":0.9675},"solidity":0.7143,"touches_edge":false},"type":"Feature"},{"geometry":{"coordinates":[[[-5.9500971,39.9307597],[-5.9500998,39.9307947],[-5.9500864,39.9308132],[-5.950065,39.9308132],[-5.9500515,39.9308029],[-5.9500515,39.9307864],[-5.950065,39.9307761],[-5.9500918,39.9307803],[-5.9500971,39.9307597]]],"type":"Polygon"},"id":306,"properties":{"area_m2":15.098,"centroid_lonlat":[-5.9500767,39.9307924],"centroid_px":[320.819,201.542],"confidence":0.7583,"confidence_bucket":"high","detector_score":null,"eccentricity":0.6984,"equivalent_diameter_m":4.384,"height_m":null,"height_reason":"unavailable","id":306,"low_confidence_reason":null,"perimeter_m":14.702,"shadow_length_m":null,"signals":{"separation":0.6267,"shadow":0.0,"shape":0.8777,"size":0.7466},"solidity":0.8471,"touches_edge":false},"type":"Feature"},{"geometry":{"coordinates":[[[-5.948343,39.9307679],[-5.9483725,39.9307864],[-5.9483725,39.9308111],[-5.9483537,39.9308255],[-5.9483081,39.9307988],[-5.9483188,39.9307741],[-5.948343,39.9307679]]],"type":"Polygon"},"id":307,"properties":{"area_m2":23.276,"centroid_lonlat":[-5.9483432,39.9307951],"centroid_px":[643.964,200.901],"confidence":0.6421,"confidence_bucket":"medium","detector_score":null,"eccentricity":0.6124,"equivalent_diameter_m":5.444,"height_m":null,"height_reason":"unavailable","id":307,"low_confidence_reason":null,"perimeter_m":17.688,"shadow_length_m":null,"signals":{"separation":0.7138,"shadow":0.0,"shape":0.9348,"size":0.219},"solidity":0.9328,"touches_edge":false},"type":"Feature"},{"geometry":{"coordinates":[[[-5.9502366,39.9307761],[-5.9502608,39.9307823],[-5.9502608,39.9308029],[-5.9502313,39.9308173],[-5.9502178,39.9307823],[-5.9502366,39.9307761]]],"type":"Polygon"},"id":308,"properties":{"area_m2":11.953,"centroid_lonlat":[-5.9502405,39.9307934],"centroid_px":[290.281,201.298],"confidence":0.8615,"confidence_bucket":"high","detector_score":null,"eccentricity":0.4483,"equivalent_diameter_m":3.901,"height_m":null,"height_reason":"unavailable","id":308,"low_confidence_reason":null,"perimeter_m":12.776,"shadow_length_m":null,"signals":{"separation":0.664,"shadow":0.0,"shape":0.9202,"size":0.9885},"solidity":0.8906,"touches_edge":false},"type":"Feature"},{"geometry":{"coordinates":[[[-5.9490618,39.930772],[-5.9490913,39.9307905],[-5.9490833,39.930809],[-5.9490618,39.930809],[-5.9490484,39.9307947],[-5.9490484,39.9307823],[-5.9490618,39.930772]]],"type":"Polygon"},"id":309,"properties":{"area_m2":11.114,"centroid_lonlat":[-5.9490695,39.9307922],"centroid_px":[508.566,201.604],"confidence":0.8907,"confidence_bucket":"high","detector_score":null,"eccentricity":0.6961,"equivalent_diameter_m":3.762,"height_m":null,"height_reason":"unavailable","id":309,"low_confidence_reason":null,"perimeter_m":11.323,"shadow_length_m":null,"signals":{"separation":0.6886,"shadow":0.0,"shape":1.0,"size":0.9616},"solidity":0.9815,"touches_edge":false},"type":"Feature"},{"geometry":{"coordinates":[[[-5.9484395,39.930772],[-5.948469,39.9307823],[-5.948469,39.9307988],[-5.9484556,39.930809],[-5.9484342,39.930809],[-5.9484208,39.9307988],[-5.9484208,39.9307864],[-5.9484395,39.930772]]],"type":"Polygon"},"id":310,"properties":{"area_m2":13.63,"centroid_lonlat":[-5.9484455,39.9307914],"centroid_px":[624.892,201.8],"confidence":0.9352,"confidence_bucket":"high","detector_score":null,"eccentricity":0.3328,"equivalent_diameter_m":4.166,"height_m":null,"height_reason":"unavailable","id":310,"low_confidence_reason":null,"perimeter_m":12.239,"shadow_length_m":null,"signals":{"separation":0.7927,"shadow":0.0,"shape":1.0,"size":1.0},"solidity":0.9848,"touches_edge":false},"type":"Feature"},{"geometry":{"coordinates":[[[-5.9512344,39.9307638],[-5.9512585,39.9307782],[-5.9512532,39.9307988],[-5.951272,39.9308008],[-5.951272,39.930809],[-5.9512559,39.9308049],[-5.9512344,39.9308132],[-5.9512344,39.9308049],[-5.9512237,39.930809],[-5.9511942,39.9307905],[-5.9512129,39.930772],[-5.9512344,39.9307638]]],"type":"Polygon"},"id":311,"properties":{"area_m2":19.921,"centroid_lonlat":[-5.9512321,39.9307895],"centroid_px":[105.421,202.242],"confidence":0.586,"confidence_bucket":"medium","detector_score":null,"eccentricity":0.6655,"equivalent_diameter_m":5.036,"height_m":null,"height_reason":"unavailable","id":311,"low_confidence_reason":null,"perimeter_m":19.631,"shadow_length_m":null,"signals":{"separation":0.5455,"shadow":0.0,"shape":0.6496,"size":0.5503},"solidity":0.7983,"touches_edge":false},"type":"Feature"},{"geometry":{"coordinates":[[[-5.9494051,39.930772],[-5.9494159,39.9307803],[-5.9494266,39.930772],[-5.9494346,39.9307782],[-5.9494346,39.9307864],[-5.9494185,39.9307988],[-5.9494212,39.9308049],[-5.9494051,39.9308049],[-5.9493917,39.9307947],[-5.9493917,39.9307823],[-5.9494051,39.930772]]],"type":"Polygon"},"id":312,"properties":{"area_m2":9.436,"centroid_lonlat":[-5.949412,39.9307883],"centroid_px":[444.711,202.533],"confidence":0.5967,"confidence_bucket":"medium","detector_score":null,"eccentricity":0.5581,"equivalent_diameter_m":3.466,"height_m":null,"height_reason":"unavailable","id":312,"low_confidence_reason":null,"perimeter_m":12.082,"shadow_length_m":null,"signals":{"separation":0.3737,"shadow":0.0,"shape":0.8123,"size":0.5611},"solidity":0.8491,"touches_edge":false},"type":"Feature"},{"geometry":{"coordinates":[[[-5.9503385,39.9307638],[-5.95036,39.9307638],[-5.950368,39.9307864],[-5.9503332,39.9307967],[-5.9503251,39.9307905],[-5.9503251,39.9307741],[-5.9503385,39.9307638]]],"type":"Polygon"},"id":313,"properties":{"area_m2":9.856,"centroid_lonlat":[-5.9503453,39.9307787],"centroid_px":[270.745,204.872],"confidence":0.7865,"confidence_bucket":"high","detector_score":null,"eccentricity":0.6046,"equivalent_diameter_m":3.542,"height_m":null,"height_reason":"unavailable","id":313,"low_confidence_reason":null,"perimeter_m":11.212,"shadow_length_m":null,"signals":{"separation":0.5781,"shadow":0.0,"shape":0.9851,"size":0.7566},"solidity":0.9216,"touches_edge":false},"type":"Feature"},{"geometry":{"coordinates":[[[-5.9507731,39.9307597],[-5.9507865,39.9307782],[-5.9507704,39.9307823],[-5.950757,39.9308132],[-5.9507543,39.9307988],[-5.9507382,39.9307823],[-5.9507731,39.9307597]]],"type":"Polygon"},"id":314,"properties":{"area_m2":10.065,"centroid_lonlat":[-5.9507627,39.9307831],"centroid_px":[192.938,203.812],"confidence":0.4713,"confidence_bucket":"medium","detector_score":null,"eccentricity":0.8569,"equivalent_diameter_m":3.58,"height_m":null,"height_reason":"unavailable","id":314,"low_confidence_reason":null,"perimeter_m":14.182,"shadow_length_m":null,"signals":{"separation":0.2558,"shadow":0.0,"shape":0.6289,"size":0.4978},"solidity":0.7164,"touches_edge":false},"type":"Feature"},{"geometry":{"coordinates":[[[-5.9485361,39.9307597],[-5.9485602,39.9307659],[-5.9485549,39.93077],[-5.9485656,39.9307782],[-5.9485576,39.9307926],[-5.9485307,39.9307926],[-5.9485227,39.9307864],[-5.9485227,39.93077],[-5.9485361,39.9307597]]],"type":"Polygon"},"id":315,"properties":{"area_m2":10.694,"centroid_lonlat":[-5.9485424,39.9307771],"centroid_px":[606.824,205.275],"confidence":0.846,"confidence_bucket":"high","detector_score":null,"eccentricity":0.4372,"equivalent_diameter_m":3.69,"height_m":null,"height_reason":"unavailable","id":315,"low_confidence_reason":null,"perimeter_m":11.592,"shadow_length_m":null,"signals":{"separation":0.702,"shadow":0.0,"shape":1.0,"size":0.8051},"solidity":0.9444,"touches_edge":false},"type":"Feature"},{"geometry":{"coordinates":[[[-5.9508535,39.9307515],[-5.9508857,39.9307515],[-5.9508991,39.9307617],[-5.9508991,39.9307864],[-5.9508857,39.9307967],[-5.9508535,39.9307967],[-5.9508401,39.9307864],[-5.9508348,39.9307659],[-5.9508535,39.9307515]]],"type":"Polygon"},"id":316,"properties":{"area_m2":23.066,"centroid_lonlat":[-5.9508677,39.9307739],"centroid_px":[173.355,206.036],"confidence":0.6702,"confidence_bucket":"medium","detector_score":null,"eccentricity":0.2351,"equivalent_diameter_m":5.419,"height_m":null,"height_reason":"unavailable","id":316,"low_confidence_reason":null,"perimeter_m":17.309,"shadow_length_m":null,"signals":{"separation":0.6968,"shadow":0.0,"shape":0.9675,"size":0.2868},"solidity":0.9649,"touches_edge":false},"type":"Feature"},{"geometry":{"coordinates":[[[-5.9503707,39.9307556],[-5.9503976,39.9307556],[-5.9504056,39.9307659],[-5.9504056,39.9307823],[-5.9503922,39.9307926],[-5.950368,39.9307905],[-5.9503627,39.9307617],[-5.9503707,39.9307556]]],"type":"Polygon"},"id":317,"properties":{"area_m2":13.001,"centroid_lonlat":[-5.9503842,39.9307734],"centroid_px":[263.484,206.161],"confidence":0.8184,"confidence_bucket":"high","detector_score":null,"eccentricity":0.5402,"equivalent_diameter_m":4.069,"height_m":null,"height_reason":"unavailable","id":317,"low_confidence_reason":null,"perimeter_m":12.396,"shadow_length_m":null,"signals":{"separation":0.6753,"shadow":0.0,"shape":1.0,"size":0.7436},"solidity":0.9538,"touches_edge":false},"type":"Feature"},{"geometry":{"coordinates":[[[-5.9502795,39.9307556],[-5.950301,39.9307556],[-5.9503144,39.9307659],[-5.9503144,39.9307823],[-5.950301,39.9307926],[-5.9502769,39.9307782],[-5.9502822,39.93077],[-5.9502715,39.9307617],[-5.9502795,39.9307556]]],"type":"Polygon"},"id":318,"properties":{"area_m2":10.275,"centroid_lonlat":[-5.9502954,39.9307716],"centroid_px":[280.041,206.592],"confidence":0.7755,"confidence_bucket":"high","detector_score":null,"eccentricity":0.6822,"equivalent_diameter_m":3.617,"height_m":null,"height_reason":"unavailable","id":318,"low_confidence_reason":null,"perimeter_m":11.703,"shadow_length_m":null,"signals":{"separation":0.5064,"shadow":0.0,"shape":0.9428,"size":0.8438},"solidity":0.9245,"touches_edge":false},"type":"Feature"},{"geometry":{"coordinates":[[[-5.9508052,39.9307515],[-5.9508267,39.9307515],[-5.9508401,39.9307617],[-5.9508267,39.9307885],[-5.9508052,39.9307885],[-5.9507918,39.9307782],[-5.9507918,39.9307617],[-5.9508052,39.9307515]]],"type":"Polygon"},"id":319,"properties":{"area_m2":13.63,"centroid_lonlat":[-5.9508147,39.9307698],"centroid_px":[183.246,207.031],"confidence":0.8906,"confidence_bucket":"high","detector_score":null,"eccentricity":0.4158,"equivalent_diameter_m":4.166,"height_m":null,"height_reason":"unavailable","id":319,"low_confidence_reason":null,"perimeter_m":12.508,"shadow_length_m":null,"signals":{"separation":0.6595,"shadow":0.0,"shape":1.0,"size":0.9904},"solidity":0.9701,"touches_edge":false},"type":"Feature"},{"geometry":{"coordinates":[[[-5.9501132,39.9307473],[-5.9501374,39.9307535],[-5.9501374,39.93077],[-5.9501079,39.9307803],[-5.9500998,39.9307741],[-5.9500998,39.9307576],[-5.9501132,39.9307473]]],"type":"Polygon"},"id":320,"properties":{"area_m2":9.017,"centroid_lonlat":[-5.9501182,39.9307623],"centroid_px":[313.07,208.86],"confidence":0.751,"confidence_bucket":"high","detector_score":null,"eccentricity":0.6265,"equivalent_diameter_m":3.388,"height_m":null,"height_reason":"unavailable","id":320,"low_confidence_reason":null,"perimeter_m":10.297,"shadow_length_m":null,"signals":{"separation":0.6044,"shadow":0.0,"shape":1.0,"size":0.5989},"solidity":0.9556,"touches_edge":false},"type":"Feature"},{"geometry":{"coordinates":[[[-5.9493998,39.9307432],[-5.9494132,39.9307535],[-5.9493837,39.930772],[-5.9493756,39.9307659],[-5.949381,39.9307535],[-5.9493998,39.9307432]]],"type":"Polygon"},"id":321,"properties":{"area_m2":5.452,"centroid_lonlat":[-5.9493934,39.9307578],"centroid_px":[448.192,209.962],"confidence":0.8021,"confidence_bucket":"high","detector_score":null,"eccentricity":0.8237,"equivalent_diameter_m":2.635,"height_m":null,"height_reason":"unavailable","id":321,"low_confidence_reason":null,"perimeter_m":8.308,"shadow_length_m":null,"signals":{"separation":0.4916,"shadow":0.0,"shape":0.9927,"size":0.884},"solidity":0.9286,"touches_edge":false},"type":"Feature"},{"geometry":{"coordinates":[[[-5.948756,39.9307391],[-5.9487721,39.9307391],[-5.9487963,39.9307617],[-5.9487829,39.9307844],[-5.948756,39.9307844],[-5.9487426,39.9307741],[-5.9487426,39.9307494],[-5.948756,39.9307391]]],"type":"Polygon"},"id":322,"properties":{"area_m2":18.453,"centroid_lonlat":[-5.9487673,39.9307627],"centroid_px":[564.898,208.773],"confidence":0.8905,"confidence_bucket":"high","detector_score":null,"eccentricity":0.52,"equivalent_diameter_m":4.847,"height_m":null,"height_reason":"unavailable","id":322,"low_confidence_reason":null,"perimeter_m":14.719,"shadow_length_m":null,"signals":{"separation":0.7558,"shadow":0.0,"shape":1.0,"size":0.8937},"solidity":0.9778,"touches_edge":false},"type":"Feature"},{"geometry":{"coordinates":[[[-5.9500006,39.9307432],[-5.9500167,39.9307432],[-5.9500301,39.9307576],[-5.9500274,39.9307761],[-5.9499925,39.9307659],[-5.9499979,39.9307617],[-5.9499872,39.9307535],[-5.9500006,39.9307432]]],"type":"Polygon"},"id":323,"properties":{"area_m2":9.227,"centroid_lonlat":[-5.9500108,39.9307592],"centroid_px":[333.091,209.614],"confidence":0.691,"confidence_bucket":"medium","detector_score":null,"eccentricity":0.6936,"equivalent_diameter_m":3.427,"height_m":null,"height_reason":"unavailable","id":323,"low_confidence_reason":null,"perimeter_m":11.703,"shadow_length_m":null,"signals":{"separation":0.5975,"shadow":0.0,"shape":0.8466,"size":0.5979},"solidity":0.898,"touches_edge":false},"type":"Feature"},{"geometry":{"coordinates":[[[-5.9506765,39.9307268],[-5.9506953,39.9307329],[-5.9506845,39.9307412],[-5.9506899,39.9307535],[-5.9506819,39.9307597],[-5.9506685,39.9307494],[-5.9506765,39.9307268]]],"type":"Polygon"},"id":324,"properties":{"area_m2":5.033,"centroid_lonlat":[-5.9506801,39.9307429],"centroid_px":[208.333,213.583],"confidence":0.4778,"confidence_bucket":"medium","detector_score":null,"eccentricity":0.8166,"equivalent_diameter_m":2.531,"height_m":null,"height_reason":"unavailable","id":324,"low_confidence_reason":null,"perimeter_m":8.655,"shadow_length_m":null,"signals":{"separation":0.0,"shadow":0.0,"shape":0.8443,"size":0.5158},"solidity":0.8276,"touches_edge":false},"type":"Feature"},{"geometry":{"coordinates":[[[-5.9507355,39.9307268],[-5.9507596,39.9307453],[-5.9507462,39.9307556],[-5.9507221,39.9307494],[-5.9507221,39.9307371],[-5.9507355,39.9307268]]],"type":"Polygon"},"id":325,"properties":{"area_m2":7.13,"centroid_lonlat":[-5.9507383,39.9307426],"centroid_px":[197.471,213.647],"confidence":0.7066,"confidence_bucket":"high","detector_score":null,"eccentricity":0.4283,"equivalent_diameter_m":3.013,"height_m":null,"height_reason":"unavailable","id":325,"low_confidence_reason":null,"perimeter_m":8.844,"shadow_length_m":null,"signals":{"separation":0.4299,"shadow":0.0,"shape":1.0,"size":0.6311},"solidity":0.9714,"touches_edge":false},"type":"Feature"},{"geometry":{"coordinates":[[[-5.9486917,39.9307268],[-5.9487131,39.9307268],[-5.9487265,39.9307371],[-5.9487265,39.9307535],[-5.9487185,39.9307597],[-5.9486917,39.9307597],[-5.9486783,39.9307494],[-5.9486917,39.9307268]]],"type":"Polygon"},"id":326,"properties":{"area_m2":11.953,"centroid_lonlat":[-5.9487041,39.9307438],"centroid_px":[576.684,213.368],"confidence":0.8135,"confidence_bucket":"high","detector_score":null,"eccentricity":0.3629,"equivalent_diameter_m":3.901,"height_m":null,"height_reason":"unavailable","id":326,"low_confidence_reason":null,"perimeter_m":12.619,"shadow_length_m":null,"signals":{"separation":0.664,"shadow":0.0,"shape":0.9433,"size":0.8073},"solidity":0.9344,"touches_edge":false},"type":"Feature"},{"geometry":{"coordinates":[[[-5.9482357,39.9307103],[-5.9482571,39.9307144],[-5.9482732,39.930735],[-5.9482786,39.9307309],[-5.9483081,39.9307412],[-5.9482813,39.9307659],[-5.9482893,39.930772],[-5.9483081,39.9307617],[-5.9482893,39.9307803],[-5.9482679,39.930772],[-5.9482518,39.9307803],[-5.9482116,39.9307535],[-5.9482116,39.9307329],[-5.9482357,39.9307103]]],"type":"Polygon"},"id":327,"properties":{"area_m2":40.051,"centroid_lonlat":[-5.9482561,39.9307471],"centroid_px":[660.188,212.571],"confidence":0.3423,"confidence_bucket":"low","detector_score":null,"eccentricity":0.7081,"equivalent_diameter_m":7.141,"height_m":null,"height_reason":"unavailable","id":327,"low_confidence_reason":"Low confidence: this crown is far larger or smaller than its neighbours, so it is likely merged with, or split from, another crown.","perimeter_m":30.892,"shadow_length_m":null,"signals":{"separation":0.4624,"shadow":0.0,"shape":0.5274,"size":0.0},"solidity":0.8377,"touches_edge":false},"type":"Feature"},{"geometry":{"coordinates":[[[-5.9509715,39.9307268],[-5.9509903,39.9307329],[-5.9509876,39.9307473],[-5.9509769,39.9307391],[-5.9509662,39.9307473],[-5.9509581,39.9307412],[-5.9509528,39.9307329],[-5.9509715,39.9307268]]],"type":"Polygon"},"id":328,"properties":{"area_m2":4.823,"centroid_lonlat":[-5.9509739,39.9307363],"centroid_px":[153.565,215.174],"confidence":0.4799,"confidence_bucket":"medium","detector_score":null,"eccentricity":0.7665,"equivalent_diameter_m":2.478,"height_m":null,"height_reason":"unavailable","id":328,"low_confidence_reason":null,"perimeter_m":8.749,"shadow_length_m":null,"signals":{"separation":0.3696,"shadow":0.0,"shape":0.7917,"size":0.216},"solidity":0.7931,"touches_edge":false},"type":"Feature"},{"geometry":{"coordinates":[[[-5.9503976,39.9307227],[-5.950419,39.9307227],[-5.9504431,39.9307371],[-5.950419,39.9307597],[-5.9504029,39.9307597],[-5.9503841,39.9307494],[-5.9503841,39.9307329],[-5.9503976,39.9307227]]],"type":"Polygon"},"id":329,"properties":{"area_m2":15.308,"centroid_lonlat":[-5.9504104,39.9307407],"centroid_px":[258.603,214.11],"confidence":0.7995,"confidence_bucket":"high","detector_score":null,"eccentricity":0.5318,"equivalent_diameter_m":4.415,"height_m":null,"height_reason":"unavailable","id":329,"low_confidence_reason":null,"perimeter_m":13.803,"shadow_length_m":null,"signals":{"separation":0.748,"shadow":0.0,"shape":1.0,"size":0.6106},"solidity":0.9605,"touches_edge":false},"type":"Feature"},{"geometry":{"coordinates":[[[-5.9503171,39.9307309],[-5.9503546,39.9307309],[-5.9503573,39.9307494],[-5.9503439,39.9307597],[-5.9503224,39.9307597],[-5.9503144,39.9307535],[-5.9503171,39.9307309]]],"type":"Polygon"},"id":330,"properties":{"area_m2":10.904,"centroid_lonlat":[-5.9503352,39.9307444],"centroid_px":[272.615,213.212],"confidence":0.9101,"confidence_bucket":"high","detector_score":null,"eccentricity":0.5151,"equivalent_diameter_m":3.726,"height_m":null,"height_reason":"unavailable","id":330,"low_confidence_reason":null,"perimeter_m":11.101,"shadow_length_m":null,"signals":{"separation":0.7374,"shadow":0.0,"shape":1.0,"size":0.9749},"solidity":1.0,"touches_edge":false},"type":"Feature"},{"geometry":{"coordinates":[[[-5.9501669,39.9307227],[-5.9501883,39.9307227],[-5.9502017,39.9307329],[-5.9501883,39.9307597],[-5.9501669,39.9307597],[-5.9501535,39.9307494],[-5.9501535,39.9307329],[-5.9501669,39.9307227]]],"type":"Polygon"},"id":331,"properties":{"area_m2":14.049,"centroid_lonlat":[-5.950177,39.930741],"centroid_px":[302.119,214.045],"confidence":0.8245,"confidence_bucket":"high","detector_score":null,"eccentricity":0.3148,"equivalent_diameter_m":4.229,"height_m":null,"height_reason":"unavailable","id":331,"low_confidence_reason":null,"perimeter_m":12.508,"shadow_length_m":null,"signals":{"separation":0.6848,"shadow":0.0,"shape":1.0,"size":0.7538},"solidity":0.9853,"touches_edge":false},"type":"Feature"},{"geometry":{"coordinates":[[[-5.9500274,39.9307227],[-5.9500462,39.9307247],[-5.9500569,39.9307494],[-5.9500328,39.930772],[-5.9500194,39.9307453],[-5.9500033,39.9307412],[-5.9500274,39.9307227]]],"type":"Polygon"},"id":332,"properties":{"area_m2":12.372,"centroid_lonlat":[-5.9500343,39.9307435],"centroid_px":[328.712,213.441],"confidence":0.7557,"confidence_bucket":"high","detector_score":null,"eccentricity":0.7416,"equivalent_diameter_m":3.969,"height_m":null,"height_reason":"unavailable","id":332,"low_confidence_reason":null,"perimeter_m":13.518,"shadow_length_m":null,"signals":{"separation":0.4615,"shadow":0.0,"shape":0.8508,"size":0.9357},"solidity":0.8082,"touches_edge":false},"type":"Feature"},{"geometry":{"coordinates":[[[-5.9510252,39.9307185],[-5.9510466,39.9307185],[-5.9510601,39.9307288],[-5.9510547,39.9307453],[-5.9510306,39.9307556],[-5.9510118,39.9307453],[-5.9510118,39.9307288],[-5.9510252,39.9307185]]],"type":"Polygon"},"id":333,"properties":{"area_m2":12.791,"centroid_lonlat":[-5.951034,39.9307359],"centroid_px":[142.361,215.279],"confidence":0.8821,"confidence_bucket":"high","detector_score":null,"eccentricity":0.4652,"equivalent_diameter_m":4.036,"height_m":null,"height_reason":"unavailable","id":333,"low_confidence_reason":null,"perimeter_m":12.239,"shadow_length_m":null,"signals":{"separation":0.6808,"shadow":0.0,"shape":1.0,"size":0.942},"solidity":0.9531,"touches_edge":false},"type":"Feature"},{"geometry":{"coordinates":[[[-5.9504673,39.9307185],[-5.9505102,39.9307185],[-5.9505236,39.9307288],[-5.9505236,39.9307453],[-5.9505102,39.9307556],[-5.9504887,39.9307556],[-5.95047,39.9307453],[-5.9504673,39.9307185]]],"type":"Polygon"},"id":334,"properties":{"area_m2":16.775,"centroid_lonlat":[-5.9504957,39.9307361],"centroid_px":[242.713,215.238],"confidence":0.7894,"confidence_bucket":"high","detector_score":null,"eccentricity":0.6215,"equivalent_diameter_m":4.622,"height_m":null,"height_reason":"unavailable","id":334,"low_confidence_reason":null,"perimeter_m":14.987,"shadow_length_m":null,"signals":{"separation":0.7145,"shadow":0.0,"shape":0.9386,"size":0.6853},"solidity":0.9412,"touches_edge":false},"type":"Feature"},{"geometry":{"coordinates":[[[-5.9497753,39.9307185],[-5.9498101,39.9307288],[-5.9498101,39.9307412],[-5.9497914,39.9307556],[-5.9497619,39.9307371],[-5.9497753,39.9307185]]],"type":"Polygon"},"id":335,"properties":{"area_m2":11.533,"centroid_lonlat":[-5.9497862,39.930736],"centroid_px":[374.964,215.255],"confidence":0.8441,"confidence_bucket":"high","detector_score":null,"eccentricity":0.5787,"equivalent_diameter_m":3.832,"height_m":null,"height_reason":"unavailable","id":335,"low_confidence_reason":null,"perimeter_m":11.703,"shadow_length_m":null,"signals":{"separation":0.676,"shadow":0.0,"shape":1.0,"size":0.8252},"solidity":0.9483,"touches_edge":false},"type":"Feature"},{"geometry":{"coordinates":[[[-5.9504458,39.9307144],[-5.95047,39.9307165],[-5.9504673,39.9307515],[-5.9504458,39.9307515],[-5.9504378,39.9307453],[-5.9504431,39.9307371],[-5.9504324,39.9307247],[-5.9504458,39.9307144]]],"type":"Polygon"},"id":336,"properties":{"area_m2":10.275,"centroid_lonlat":[-5.9504534,39.9307329],"centroid_px":[250.592,216.0],"confidence":0.641,"confidence_bucket":"medium","detector_score":null,"eccentricity":0.7668,"equivalent_diameter_m":3.617,"height_m":null,"height_reason":"unavailable","id":336,"low_confidence_reason":null,"perimeter_m":12.413,"shadow_length_m":null,"signals":{"separation":0.3581,"shadow":0.0,"shape":0.838,"size":0.6875},"solidity":0.875,"touches_edge":false},"type":"Feature"},{"geometry":{"coordinates":[[[-5.9506336,39.9307021],[-5.950655,39.9307021],[-5.9506792,39.9307247],[-5.9506604,39.9307556],[-5.9506255,39.9307329],[-5.9506202,39.9307124],[-5.9506336,39.9307021]]],"type":"Polygon"},"id":337,"properties":{"area_m2":18.243,"centroid_lonlat":[-5.9506489,39.9307253],"centroid_px":[214.149,217.862],"confidence":0.7811,"confidence_bucket":"high","detector_score":null,"eccentricity":0.7254,"equivalent_diameter_m":4.82,"height_m":null,"height_reason":"unavailable","id":337,"low_confidence_reason":null,"perimeter_m":16.204,"shadow_length_m":null,"signals":{"separation":0.6852,"shadow":0.0,"shape":0.8732,"size":0.7667},"solidity":0.9062,"touches_edge":false},"type":"Feature"},{"geometry":{"coordinates":[[[-5.9502903,39.9307062],[-5.9503144,39.9307124],[-5.9503117,39.9307515],[-5.9503064,39.9307432],[-5.9502849,39.9307432],[-5.9502769,39.9307371],[-5.9502876,39.9307288],[-5.9502769,39.9307165],[-5.9502903,39.9307062]]],"type":"Polygon"},"id":338,"properties":{"area_m2":11.323,"centroid_lonlat":[-5.9502986,39.9307262],"centroid_px":[279.444,217.648],"confidence":0.7518,"confidence_bucket":"high","detector_score":null,"eccentricity":0.7621,"equivalent_diameter_m":3.797,"height_m":null,"height_reason":"unavailable","id":338,"low_confidence_reason":null,"perimeter_m":12.965,"shadow_length_m":null,"signals":{"separation":0.4824,"shadow":0.0,"shape":0.8465,"size":0.9076},"solidity":0.8438,"touches_edge":false},"type":"Feature"},{"geometry":{"coordinates":[[[-5.9498665,39.9307062],[-5.9498772,39.9307062],[-5.9498852,39.9307206],[-5.9498718,39.9307515],[-5.9498423,39.9307453],[-5.9498423,39.9307288],[-5.9498665,39.9307062]]],"type":"Polygon"},"id":339,"properties":{"area_m2":12.791,"centroid_lonlat":[-5.9498648,39.9307301],"centroid_px":[360.311,216.689],"confidence":0.7628,"confidence_bucket":"high","detector_score":null,"eccentricity":0.7238,"equivalent_diameter_m":4.036,"height_m":null,"height_reason":"unavailable","id":339,"low_confidence_reason":null,"perimeter_m":13.803,"shadow_length_m":null,"signals":{"separation":0.6419,"shadow":0.0,"shape":0.8437,"size":0.7865},"solidity":0.8971,"touches_edge":false},"type":"Feature"},{"geometry":{"coordinates":[[[-5.95036,39.930698],[-5.9503761,39.930698],[-5.9503895,39.9307083],[-5.9503895,39.9307247],[-5.9503761,39.930735],[-5.950352,39.9307288],[-5.95036,39.930698]]],"type":"Polygon"},"id":340,"properties":{"area_m2":10.904,"centroid_lonlat":[-5.9503706,39.930717],"centroid_px":[266.019,219.885],"confidence":0.8194,"confidence_bucket":"high","detector_score":null,"eccentricity":0.6734,"equivalent_diameter_m":3.726,"height_m":null,"height_reason":"unavailable","id":340,"low_confidence_reason":null,"perimeter_m":11.212,"shadow_length_m":null,"signals":{"separation":0.5496,"shadow":0.0,"shape":1.0,"size":0.8725},"solidity":0.963,"touches_edge":false},"type":"Feature"},{"geometry":{"coordinates":[[[-5.9511968,39.9306856],[-5.9512183,39.9306939],[-5.951229,39.9306856],[-5.9512612,39.9307062],[-5.9512693,39.9307371],[-5.9512559,39.9307473],[-5.9512451,39.9307432],[-5.951229,39.9307679],[-5.9511968,39.9307844],[-5.9511808,39.9307844],[-5.9511566,39.93077],[-5.951162,39.9307659],[-5.9511298,39.9307371],[-5.9511352,39.9307329],[-5.9511191,39.9307206],[-5.9511191,39.9307042],[-5.9511325,39.9306939],[-5.9511861,39.9306939],[-5.9511968,39.9306856]]],"type":"Polygon"},"id":341,"properties":{"area_m2":93.733,"centroid_lonlat":[-5.951194,39.9307292],"centroid_px":[112.535,216.902],"confidence":0.2722,"confidence_bucket":"low","detector_score":null,"eccentricity":0.5416,"equivalent_diameter_m":10.924,"height_m":null,"height_reason":"unavailable","id":341,"low_confidence_reason":"Low confidence: this crown is far larger or smaller than its neighbours, so it is likely merged with, or split from, another crown.","perimeter_m":45.47,"shadow_length_m":null,"signals":{"separation":0.1875,"shadow":0.0,"shape":0.5697,"size":0.0},"solidity":0.9085,"touches_edge":false},"type":"Feature"},{"geometry":{"coordinates":[[[-5.9503385,39.9306939],[-5.9503573,39.9307],[-5.950352,39.9307288],[-5.9503171,39.9307309],[-5.9503144,39.9307042],[-5.9503385,39.9306939]]],"type":"Polygon"},"id":342,"properties":{"area_m2":12.791,"centroid_lonlat":[-5.9503356,39.9307135],"centroid_px":[272.557,220.738],"confidence":0.8015,"confidence_bucket":"high","detector_score":null,"eccentricity":0.6337,"equivalent_diameter_m":4.036,"height_m":null,"height_reason":"unavailable","id":342,"low_confidence_reason":null,"perimeter_m":12.665,"shadow_length_m":null,"signals":{"separation":0.6419,"shadow":0.0,"shape":1.0,"size":0.7228},"solidity":0.9385,"touches_edge":false},"type":"Feature"},{"geometry":{"coordinates":[[[-5.9498933,39.930698],[-5.9499523,39.930698],[-5.9499496,39.9307165],[-5.9499577,39.9307227],[-5.9499791,39.9307103],[-5.9500033,39.9307329],[-5.9500006,39.9307391],[-5.9499899,39.930735],[-5.9499818,39.9307412],[-5.9499818,39.9307535],[-5.9499657,39.93077],[-5.9499764,39.9307823],[-5.9499711,39.9307905],[-5.9499872,39.9308029],[-5.9499791,39.9308173],[-5.9499684,39.930809],[-5.9499523,39.9308132],[-5.9499255,39.9307967],[-5.9499094,39.9307967],[-5.9499121,39.9307864],[-5.949904,39.9307803],[-5.9498852,39.9307988],[-5.9498906,39.930807],[-5.9498718,39.9308173],[-5.9498638,39.9308111],[-5.9498692,39.930807],[-5.949845,39.9307885],[-5.9498316,39.9307905],[-5.9498477,39.9307782],[-5.9498316,39.9307535],[-5.949837,39.9307329],[-5.949845,39.9307473],[-5.9498718,39.9307515],[-5.9498852,39.9307329],[-5.9498799,39.9307042],[-5.9498933,39.930698]]],"type":"Polygon"},"id":343,"properties":{"area_m2":115.122,"centroid_lonlat":[-5.9499174,39.9307569],"centroid_px":[350.51,210.18],"confidence":0.1462,"confidence_bucket":"low","detector_score":null,"eccentricity":0.4807,"equivalent_diameter_m":12.107,"height_m":null,"height_reason":"unavailable","id":343,"low_confidence_reason":"Low confidence: this crown is far larger or smaller than its neighbours, so it is likely merged with, or split from, another crown.","perimeter_m":69.363,"shadow_length_m":null,"signals":{"separation":0.107,"shadow":0.0,"shape":0.3007,"size":0.0},"solidity":0.6976,"touches_edge":false},"type":"Feature"},{"geometry":{"coordinates":[[[-5.9485146,39.9306815],[-5.9485334,39.9307247],[-5.94852,39.930735],[-5.9484985,39.930735],[-5.9484744,39.9307206],[-5.9484744,39.9307],[-5.9484878,39.9306898],[-5.9485093,39.9306898],[-5.9485146,39.9306815]]],"type":"Polygon"},"id":344,"properties":{"area_m2":20.76,"centroid_lonlat":[-5.9485035,39.9307119],"centroid_px":[614.081,221.121],"confidence":0.663,"confidence_bucket":"medium","detector_score":null,"eccentricity":0.5329,"equivalent_diameter_m":5.141,"height_m":null,"height_reason":"unavailable","id":344,"low_confidence_reason":null,"perimeter_m":16.092,"shadow_length_m":null,"signals":{"separation":0.7345,"shadow":0.0,"shape":1.0,"size":0.187},"solidity":0.9167,"touches_edge":false},"type":"Feature"},{"geometry":{"coordinates":[[[-5.950816,39.9306774],[-5.9508482,39.9306774],[-5.9508616,39.9306877],[-5.9508616,39.9307042],[-5.9508428,39.9307227],[-5.9508079,39.9307083],[-5.9508026,39.9306877],[-5.950816,39.9306774]]],"type":"Polygon"},"id":345,"properties":{"area_m2":18.453,"centroid_lonlat":[-5.9508328,39.9306969],"centroid_px":[179.864,224.761],"confidence":0.8892,"confidence_bucket":"high","detector_score":null,"eccentricity":0.4431,"equivalent_diameter_m":4.847,"height_m":null,"height_reason":"unavailable","id":345,"low_confidence_reason":null,"perimeter_m":15.746,"shadow_length_m":null,"signals":{"separation":0.7558,"shadow":0.0,"shape":0.9353,"size":0.9673},"solidity":0.9263,"touches_edge":false},"type":"Feature"},{"geometry":{"coordinates":[[[-5.9497431,39.9306898],[-5.9497565,39.9307],[-5.9497485,39.9307103],[-5.9497297,39.9307042],[-5.9497431,39.9306898]]],"type":"Polygon"},"id":346,"properties":{"area_m2":3.145,"centroid_lonlat":[-5.9497438,39.9307011],"centroid_px":[382.867,223.733],"confidence":0.5986,"confidence_bucket":"medium","detector_score":null,"eccentricity":0.2582,"equivalent_diameter_m":2.001,"height_m":null,"height_reason":"unavailable","id":346,"low_confidence_reason":null,"perimeter_m":5.449,"shadow_length_m":null,"signals":{"separation":0.4576,"shadow":0.0,"shape":1.0,"size":0.2578},"solidity":0.8824,"touches_edge":false},"type":"Feature"},{"geometry":{"coordinates":[[[-5.9485576,39.9306898],[-5.9485871,39.9307083],[-5.9485736,39.9307185],[-5.9485495,39.9307165],[-5.9485576,39.9306898]]],"type":"Polygon"},"id":347,"properties":{"area_m2":7.339,"centroid_lonlat":[-5.9485652,39.930706],"centroid_px":[602.571,222.543],"confidence":0.6952,"confidence_bucket":"medium","detector_score":null,"eccentricity":0.3557,"equivalent_diameter_m":3.057,"height_m":null,"height_reason":"unavailable","id":347,"low_confidence_reason":null,"perimeter_m":9.381,"shadow_length_m":null,"signals":{"separation":0.5992,"shadow":0.0,"shape":1.0,"size":0.4254},"solidity":0.9211,"touches_edge":false},"type":"Feature"},{"geometry":{"coordinates":[[[-5.9517816,39.9306404],[-5.9518003,39.9306466],[-5.9518003,39.9307206],[-5.9517762,39.930735],[-5.9517601,39.930735],[-5.9517467,39.9307165],[-5.9517789,39.9306836],[-5.9517816,39.9306404]]],"type":"Polygon"},"id":348,"properties":{"area_m2":26.841,"centroid_lonlat":[-5.9517807,39.9306952],"centroid_px":[3.156,225.188],"confidence":0.2916,"confidence_bucket":"low","detector_score":null,"eccentricity":0.9457,"equivalent_diameter_m":5.846,"height_m":null,"height_reason":"unavailable","id":348,"low_confidence_reason":"Low confidence: this crown is far larger or smaller than its neighbours, so it is likely merged with, or split from, another crown.","perimeter_m":25.552,"shadow_length_m":null,"signals":{"separation":0.3133,"shadow":0.0,"shape":0.5166,"size":0.0},"solidity":0.7901,"touches_edge":true},"type":"Feature"},{"geometry":{"coordinates":[[[-5.9516475,39.9306774],[-5.9516689,39.9306774],[-5.9516823,39.9306877],[-5.9516582,39.9307103],[-5.951634,39.9306959],[-5.9516475,39.9306774]]],"type":"Polygon"},"id":349,"properties":{"area_m2":10.485,"centroid_lonlat":[-5.9516571,39.930692],"centroid_px":[26.2,225.96],"confidence":0.8678,"confidence_bucket":"high","detector_score":null,"eccentricity":0.5027,"equivalent_diameter_m":3.654,"height_m":null,"height_reason":"unavailable","id":349,"low_confidence_reason":null,"perimeter_m":10.787,"shadow_length_m":null,"signals":{"separation":0.709,"shadow":0.0,"shape":1.0,"size":0.8679},"solidity":1.0,"touches_edge":false},"type":"Feature"},{"geometry":{"coordinates":[[[-5.9504512,39.9306733],[-5.9504807,39.9306836],[-5.9504673,39.9307144],[-5.9504458,39.9307144],[-5.9504324,39.9307042],[-5.9504324,39.9306877],[-5.9504512,39.9306733]]],"type":"Polygon"},"id":350,"properties":{"area_m2":13.84,"centroid_lonlat":[-5.9504555,39.9306951],"centroid_px":[250.197,225.212],"confidence":0.8511,"confidence_bucket":"high","detector_score":null,"eccentricity":0.5493,"equivalent_diameter_m":4.198,"height_m":null,"height_reason":"unavailable","id":350,"low_confidence_reason":null,"perimeter_m":13.345,"shadow_length_m":null,"signals":{"separation":0.6545,"shadow":0.0,"shape":0.9766,"size":0.8969},"solidity":0.9167,"touches_edge":false},"type":"Feature"},{"geometry":{"coordinates":[[[-5.9510198,39.9306692],[-5.9510359,39.9306692],[-5.9510601,39.9306836],[-5.9510601,39.9307083],[-5.951052,39.9307144],[-5.9510198,39.9307144],[-5.9510064,39.9307042],[-5.9510064,39.9306795],[-5.9510198,39.9306692]]],"type":"Polygon"},"id":351,"properties":{"area_m2":19.711,"centroid_lonlat":[-5.9510325,39.9306929],"centroid_px":[142.638,225.734],"confidence":0.6799,"confidence_bucket":"medium","detector_score":null,"eccentricity":0.5161,"equivalent_diameter_m":5.01,"height_m":null,"height_reason":"unavailable","id":351,"low_confidence_reason":null,"perimeter_m":15.634,"shadow_length_m":null,"signals":{"separation":0.7313,"shadow":0.0,"shape":1.0,"size":0.2444},"solidity":0.9691,"touches_edge":false},"type":"Feature"},{"geometry":{"coordinates":[[[-5.950478,39.9306898],[-5.9505048,39.9306939],[-5.9505129,39.9307042],[-5.9505048,39.9307103],[-5.9504834,39.9307103],[-5.9504753,39.9307042],[-5.950478,39.9306898]]],"type":"Polygon"},"id":352,"properties":{"area_m2":6.081,"centroid_lonlat":[-5.9504924,39.9307005],"centroid_px":[243.31,223.897],"confidence":0.6352,"confidence_bucket":"medium","detector_score":null,"eccentricity":0.7524,"equivalent_diameter_m":2.783,"height_m":null,"height_reason":"unavailable","id":352,"low_confidence_reason":null,"perimeter_m":8.085,"shadow_length_m":null,"signals":{"separation":0.4655,"shadow":0.0,"shape":1.0,"size":0.3671},"solidity":0.9667,"touches_edge":false},"type":"Feature"},{"geometry":{"coordinates":[[[-5.9501776,39.9306733],[-5.9502125,39.9306795],[-5.9502178,39.9306918],[-5.9501991,39.9307103],[-5.9501776,39.9307103],[-5.9501642,39.9307],[-5.9501642,39.9306836],[-5.9501776,39.9306733]]],"type":"Polygon"},"id":353,"properties":{"area_m2":14.888,"centroid_lonlat":[-5.950189,39.9306916],"centroid_px":[299.873,226.042],"confidence":0.8619,"confidence_bucket":"high","detector_score":null,"eccentricity":0.3038,"equivalent_diameter_m":4.354,"height_m":null,"height_reason":"unavailable","id":353,"low_confidence_reason":null,"perimeter_m":13.155,"shadow_length_m":null,"signals":{"separation":0.8414,"shadow":0.0,"shape":1.0,"size":0.7165},"solidity":0.9595,"touches_edge":false},"type":"Feature"},{"geometry":{"coordinates":[[[-5.9485254,39.9306733],[-5.9485468,39.9306733],[-5.9485656,39.9306836],[-5.9485495,39.9307],[-5.9485468,39.9307144],[-5.9485307,39.9307103],[-5.9485173,39.9306959],[-5.9485173,39.9306795],[-5.9485254,39.9306733]]],"type":"Polygon"},"id":354,"properties":{"area_m2":11.953,"centroid_lonlat":[-5.9485379,39.9306906],"centroid_px":[607.667,226.298],"confidence":0.842,"confidence_bucket":"high","detector_score":null,"eccentricity":0.5692,"equivalent_diameter_m":3.901,"height_m":null,"height_reason":"unavailable","id":354,"low_confidence_reason":null,"perimeter_m":12.871,"shadow_length_m":null,"signals":{"separation":0.664,"shadow":0.0,"shape":0.9067,"size":0.9422},"solidity":0.8769,"touches_edge":false},"type":"Feature"},{"geometry":{"coordinates":[[[-5.9485951,39.9306651],[-5.9486112,39.9306651],[-5.9486353,39.9306836],[-5.9486407,39.9306918],[-5.9486273,39.9307103],[-5.9485951,39.9307103],[-5.9485602,39.9306877],[-5.9485683,39.9306815],[-5.948579,39.9306856],[-5.9485951,39.9306651]]],"type":"Polygon"},"id":355,"properties":{"area_m2":22.228,"centroid_lonlat":[-5.9486041,39.9306894],"centroid_px":[595.321,226.575],"confidence":0.5244,"confidence_bucket":"medium","detector_score":null,"eccentricity":0.5921,"equivalent_diameter_m":5.32,"height_m":null,"height_reason":"unavailable","id":355,"low_confidence_reason":null,"perimeter_m":18.604,"shadow_length_m":null,"signals":{"separation":0.7098,"shadow":0.0,"shape":0.807,"size":0.0},"solidity":0.9298,"touches_edge":false},"type":"Feature"},{"geometry":{"coordinates":[[[-5.9517655,39.9306404],[-5.9517789,39.9306424],[-5.9517789,39.9306836],[-5.9517467,39.9307206],[-5.9517333,39.9307227],[-5.9517199,39.9307124],[-5.9517199,39.9307],[-5.9517011,39.930698],[-5.9516877,39.9306877],[-5.9516877,39.9306754],[-5.9517011,39.930661],[-5.9517279,39.9306651],[-5.9517655,39.9306404]]],"type":"Polygon"},"id":356,"properties":{"area_m2":42.358,"centroid_lonlat":[-5.9517388,39.9306803],"centroid_px":[10.965,228.802],"confidence":0.4024,"confidence_bucket":"low","detector_score":null,"eccentricity":0.6572,"equivalent_diameter_m":7.344,"height_m":null,"height_reason":"unavailable","id":356,"low_confidence_reason":"Low confidence: this crown is far larger or smaller than its neighbours, so it is likely merged with, or split from, another crown.","perimeter_m":27.606,"shadow_length_m":null,"signals":{"separation":0.4496,"shadow":0.0,"shape":0.6985,"size":0.0},"solidity":0.886,"touches_edge":false},"type":"Feature"},{"geometry":{"coordinates":[[[-5.9515885,39.9306651],[-5.9516045,39.9306651],[-5.951618,39.9306754],[-5.9516233,39.9306877],[-5.9516099,39.930698],[-5.9515992,39.930698],[-5.9515804,39.9306836],[-5.9515885,39.9306651]]],"type":"Polygon"},"id":357,"properties":{"area_m2":9.227,"centroid_lonlat":[-5.9516011,39.9306813],"centroid_px":[36.636,228.545],"confidence":0.8508,"confidence_bucket":"high","detector_score":null,"eccentricity":0.644,"equivalent_diameter_m":3.427,"height_m":null,"height_reason":"unavailable","id":357,"low_confidence_reason":null,"perimeter_m":10.408,"shadow_length_m":null,"signals":{"separation":0.5975,"shadow":0.0,"shape":1.0,"size":0.9251},"solidity":0.9565,"touches_edge":false},"type":"Feature"},{"geometry":{"coordinates":[[[-5.9505263,39.930661],[-5.9505478,39.930661],[-5.9505612,39.9306795],[-5.9505478,39.930698],[-5.9505317,39.930698],[-5.9505209,39.9306898],[-5.9504995,39.9306939],[-5.9504753,39.9306877],[-5.9504941,39.9306733],[-5.9505102,39.9306774],[-5.9505263,39.930661]]],"type":"Polygon"},"id":358,"properties":{"area_m2":18.243,"centroid_lonlat":[-5.9505248,39.9306805],"centroid_px":[237.287,228.747],"confidence":0.5015,"confidence_bucket":"medium","detector_score":null,"eccentricity":0.8422,"equivalent_diameter_m":4.82,"height_m":null,"height_reason":"unavailable","id":358,"low_confidence_reason":null,"perimeter_m":18.588,"shadow_length_m":null,"signals":{"separation":0.4249,"shadow":0.0,"shape":0.6635,"size":0.3838},"solidity":0.8208,"touches_edge":false},"type":"Feature"},{"geometry":{"coordinates":[[[-5.9502205,39.930661],[-5.950242,39.930661],[-5.95025,39.9306712],[-5.95025,39.9306877],[-5.9502366,39.930698],[-5.9502205,39.930698],[-5.9502125,39.9306877],[-5.9502071,39.9306712],[-5.9502205,39.930661]]],"type":"Polygon"},"id":359,"properties":{"area_m2":11.323,"centroid_lonlat":[-5.9502298,39.9306781],"centroid_px":[292.278,229.333],"confidence":0.7852,"confidence_bucket":"high","detector_score":null,"eccentricity":0.5355,"equivalent_diameter_m":3.797,"height_m":null,"height_reason":"unavailable","id":359,"low_confidence_reason":null,"perimeter_m":12.429,"shadow_length_m":null,"signals":{"separation":0.4824,"shadow":0.0,"shape":0.9211,"size":0.925},"solidity":0.9,"touches_edge":false},"type":"Feature"},{"geometry":{"coordinates":[[[-5.9501132,39.9306651],[-5.950132,39.9306918],[-5.950124,39.930698],[-5.9500945,39.9306795],[-5.9501132,39.9306651]]],"type":"Polygon"},"id":360,"properties":{"area_m2":5.242,"centroid_lonlat":[-5.9501135,39.9306814],"centroid_px":[313.96,228.52],"confidence":0.6314,"confidence_bucket":"medium","detector_score":null,"eccentricity":0.8096,"equivalent_diameter_m":2.584,"height_m":null,"height_reason":"unavailable","id":360,"low_confidence_reason":null,"perimeter_m":7.66,"shadow_length_m":null,"signals":{"separation":0.3545,"shadow":0.0,"shape":1.0,"size":0.466},"solidity":0.8621,"touches_edge":false},"type":"Feature"},{"geometry":{"coordinates":[[[-5.9496519,39.930661],[-5.949676,39.9306712],[-5.9496707,39.9306836],[-5.9496519,39.9306939],[-5.9496358,39.9306939],[-5.9496278,39.9306836],[-5.9496519,39.930661]]],"type":"Polygon"},"id":361,"properties":{"area_m2":9.436,"centroid_lonlat":[-5.9496524,39.9306787],"centroid_px":[399.911,229.178],"confidence":0.8469,"confidence_bucket":"high","detector_score":null,"eccentricity":0.7946,"equivalent_diameter_m":3.466,"height_m":null,"height_reason":"unavailable","id":361,"low_confidence_reason":null,"perimeter_m":11.055,"shadow_length_m":null,"signals":{"separation":0.5908,"shadow":0.0,"shape":0.9702,"size":0.955},"solidity":0.9184,"touches_edge":false},"type":"Feature"},{"geometry":{"coordinates":[[[-5.9487882,39.9306322],[-5.9488097,39.9306445],[-5.9488311,39.9306322],[-5.9488499,39.9306466],[-5.9488553,39.9307124],[-5.9488419,39.9307309],[-5.9488365,39.9307268],[-5.9488258,39.930735],[-5.9488097,39.930735],[-5.948799,39.9307144],[-5.9487829,39.9307268],[-5.948748,39.9307],[-5.948748,39.9306589],[-5.9487668,39.9306404],[-5.9487882,39.9306322]]],"type":"Polygon"},"id":362,"properties":{"area_m2":85.345,"centroid_lonlat":[-5.9488035,39.9306819],"centroid_px":[558.157,228.403],"confidence":0.4654,"confidence_bucket":"medium","detector_score":null,"eccentricity":0.4912,"equivalent_diameter_m":10.424,"height_m":null,"height_reason":"unavailable","id":362,"low_confidence_reason":null,"perimeter_m":38.504,"shadow_length_m":null,"signals":{"separation":0.6212,"shadow":0.0,"shape":0.7234,"size":0.0},"solidity":0.9292,"touches_edge":false},"type":"Feature"},{"geometry":{"coordinates":[[[-5.9483644,39.9306404],[-5.9483886,39.9306466],[-5.9483671,39.9306507],[-5.9483671,39.9306589],[-5.9483832,39.9306712],[-5.9483832,39.9306877],[-5.9483644,39.930698],[-5.9483483,39.930698],[-5.9483349,39.9306877],[-5.9483349,39.9306754],[-5.9483564,39.9306589],[-5.9483644,39.9306404]]],"type":"Polygon"},"id":363,"properties":{"area_m2":15.937,"centroid_lonlat":[-5.9483609,39.9306755],"centroid_px":[640.658,229.961],"confidence":0.7626,"confidence_bucket":"high","detector_score":null,"eccentricity":0.7811,"equivalent_diameter_m":4.505,"height_m":null,"height_reason":"unavailable","id":363,"low_confidence_reason":null,"perimeter_m":16.187,"shadow_length_m":null,"signals":{"separation":0.5751,"shadow":0.0,"shape":0.7643,"size":0.9481},"solidity":0.7379,"touches_edge":false},"type":"Feature"},{"geometry":{"coordinates":[[[-5.9506658,39.9306568],[-5.9506872,39.9306568],[-5.9506953,39.930663],[-5.9507006,39.9306754],[-5.9506872,39.9306856],[-5.9506604,39.9306856],[-5.9506524,39.9306795],[-5.9506524,39.9306671],[-5.9506658,39.9306568]]],"type":"Polygon"},"id":364,"properties":{"area_m2":10.904,"centroid_lonlat":[-5.9506754,39.9306717],"centroid_px":[209.212,230.885],"confidence":0.8126,"confidence_bucket":"high","detector_score":null,"eccentricity":0.5851,"equivalent_diameter_m":3.726,"height_m":null,"height_reason":"unavailable","id":364,"low_confidence_reason":null,"perimeter_m":10.944,"shadow_length_m":null,"signals":{"separation":0.7374,"shadow":0.0,"shape":1.0,"size":0.6628},"solidity":0.9811,"touches_edge":false},"type":"Feature"},{"geometry":{"coordinates":[[[-5.9504029,39.9306568],[-5.9504244,39.9306568],[-5.9504378,39.9306671],[-5.9504378,39.9306836],[-5.950419,39.9306939],[-5.9504029,39.9306939],[-5.9503895,39.9306836],[-5.9503895,39.9306671],[-5.9504029,39.9306568]]],"type":"Polygon"},"id":365,"properties":{"area_m2":14.259,"centroid_lonlat":[-5.9504135,39.9306751],"centroid_px":[258.029,230.059],"confidence":0.7962,"confidence_bucket":"high","detector_score":null,"eccentricity":0.2323,"equivalent_diameter_m":4.261,"height_m":null,"height_reason":"unavailable","id":365,"low_confidence_reason":null,"perimeter_m":12.508,"shadow_length_m":null,"signals":{"separation":0.775,"shadow":0.0,"shape":1.0,"size":0.5728},"solidity":0.9855,"touches_edge":false},"type":"Feature"},{"geometry":{"coordinates":[[[-5.9502473,39.9306651],[-5.9502795,39.9306651],[-5.9502929,39.9306836],[-5.9502849,39.9306898],[-5.9502634,39.9306815],[-5.9502473,39.9306651]]],"type":"Polygon"},"id":366,"properties":{"area_m2":6.291,"centroid_lonlat":[-5.9502718,39.9306745],"centroid_px":[284.433,230.2],"confidence":0.5473,"confidence_bucket":"medium","detector_score":null,"eccentricity":0.8924,"equivalent_diameter_m":2.83,"height_m":null,"height_reason":"unavailable","id":366,"low_confidence_reason":null,"perimeter_m":9.76,"shadow_length_m":null,"signals":{"separation":0.3236,"shadow":0.0,"shape":0.8299,"size":0.4321},"solidity":0.8824,"touches_edge":false},"type":"Feature"},{"geometry":{"coordinates":[[[-5.9499738,39.9306568],[-5.9499952,39.9306568],[-5.9500086,39.9306671],[-5.9500086,39.9306795],[-5.9499899,39.9306939],[-5.9499738,39.9306939],[-5.9499604,39.9306836],[-5.9499604,39.9306671],[-5.9499738,39.9306568]]],"type":"Polygon"},"id":367,"properties":{"area_m2":13.84,"centroid_lonlat":[-5.9499838,39.9306748],"centroid_px":[338.136,230.136],"confidence":0.8454,"confidence_bucket":"high","detector_score":null,"eccentricity":0.3755,"equivalent_diameter_m":4.198,"height_m":null,"height_reason":"unavailable","id":367,"low_confidence_reason":null,"perimeter_m":12.239,"shadow_length_m":null,"signals":{"separation":0.7866,"shadow":0.0,"shape":1.0,"size":0.7187},"solidity":1.0,"touches_edge":false},"type":"Feature"},{"geometry":{"coordinates":[[[-5.9497806,39.9306568],[-5.9498048,39.9306589],[-5.9498101,39.9306836],[-5.9498021,39.9306898],[-5.9497726,39.9306754],[-5.9497672,39.9306671],[-5.9497806,39.9306568]]],"type":"Polygon"},"id":368,"properties":{"area_m2":9.646,"centroid_lonlat":[-5.9497918,39.9306719],"centroid_px":[373.913,230.848],"confidence":0.8851,"confidence_bucket":"high","detector_score":null,"eccentricity":0.6279,"equivalent_diameter_m":3.505,"height_m":null,"height_reason":"unavailable","id":368,"low_confidence_reason":null,"perimeter_m":10.676,"shadow_length_m":null,"signals":{"separation":0.7392,"shadow":0.0,"shape":1.0,"size":0.8933},"solidity":0.9388,"touches_edge":false},"type":"Feature"},{"geometry":{"coordinates":[[[-5.9504727,39.9306486],[-5.9504887,39.9306486],[-5.9504968,39.9306589],[-5.9504968,39.9306712],[-5.950478,39.9306815],[-5.9504485,39.9306712],[-5.9504485,39.930663],[-5.9504727,39.9306486]]],"type":"Polygon"},"id":369,"properties":{"area_m2":10.694,"centroid_lonlat":[-5.950475,39.930665],"centroid_px":[246.569,232.529],"confidence":0.7776,"confidence_bucket":"high","detector_score":null,"eccentricity":0.6017,"equivalent_diameter_m":3.69,"height_m":null,"height_reason":"unavailable","id":369,"low_confidence_reason":null,"perimeter_m":11.592,"shadow_length_m":null,"signals":{"separation":0.555,"shadow":0.0,"shape":1.0,"size":0.7335},"solidity":0.8947,"touches_edge":false},"type":"Feature"},{"geometry":{"coordinates":[[[-5.9516475,39.9306445],[-5.9516823,39.9306712],[-5.9516743,39.9306774],[-5.9516421,39.9306774],[-5.951634,39.9306712],[-5.951634,39.9306548],[-5.9516475,39.9306445]]],"type":"Polygon"},"id":370,"properties":{"area_m2":9.856,"centroid_lonlat":[-5.9516537,39.9306642],"centroid_px":[26.83,232.702],"confidence":0.8265,"confidence_bucket":"high","detector_score":null,"eccentricity":0.7105,"equivalent_diameter_m":3.542,"height_m":null,"height_reason":"unavailable","id":370,"low_confidence_reason":null,"perimeter_m":11.323,"shadow_length_m":null,"signals":{"separation":0.5781,"shadow":0.0,"shape":0.9659,"size":0.9076},"solidity":0.94,"touches_edge":false},"type":"Feature"},{"geometry":{"coordinates":[[[-5.9510949,39.9306445],[-5.951111,39.9306445],[-5.9511298,39.9306589],[-5.9511298,39.9306712],[-5.9511164,39.9306815],[-5.9510949,39.9306815],[-5.9510815,39.9306712],[-5.9510815,39.9306548],[-5.9510949,39.9306445]]],"type":"Polygon"},"id":371,"properties":{"area_m2":13.84,"centroid_lonlat":[-5.9511049,39.9306636],"centroid_px":[129.136,232.864],"confidence":0.8989,"confidence_bucket":"high","detector_score":null,"eccentricity":0.3755,"equivalent_diameter_m":4.198,"height_m":null,"height_reason":"unavailable","id":371,"low_confidence_reason":null,"perimeter_m":12.239,"shadow_length_m":null,"signals":{"separation":0.7866,"shadow":0.0,"shape":1.0,"size":0.89},"solidity":1.0,"touches_edge":false},"type":"Feature"},{"geometry":{"coordinates":[[[-5.9509823,39.9306445],[-5.9510064,39.9306548],[-5.9510064,39.9306712],[-5.9509957,39.9306795],[-5.951001,39.9307],[-5.9509769,39.9307268],[-5.9509501,39.9307309],[-5.9509528,39.9307247],[-5.9509313,39.9307165],[-5.9509206,39.9306918],[-5.9509313,39.9306754],[-5.9509823,39.9306445]]],"type":"Polygon"},"id":372,"properties":{"area_m2":45.294,"centroid_lonlat":[-5.9509667,39.9306887],"centroid_px":[154.912,226.764],"confidence":0.2777,"confidence_bucket":"low","detector_score":null,"eccentricity":0.7825,"equivalent_diameter_m":7.594,"height_m":null,"height_reason":"unavailable","id":372,"low_confidence_reason":"Low confidence: this crown is far larger or smaller than its neighbours, so it is likely merged with, or split from, another crown.","perimeter_m":30.844,"shadow_length_m":null,"signals":{"separation":0.1706,"shadow":0.0,"shape":0.5983,"size":0.0},"solidity":0.8889,"touches_edge":false},"type":"Feature"},{"geometry":{"coordinates":[[[-5.9503278,39.9306486],[-5.9503385,39.9306486],[-5.9503573,39.930663],[-5.9503278,39.9306733],[-5.9503198,39.9306671],[-5.9503278,39.9306486]]],"type":"Polygon"},"id":373,"properties":{"area_m2":4.613,"centroid_lonlat":[-5.9503351,39.9306606],"centroid_px":[272.636,233.591],"confidence":0.5069,"confidence_bucket":"medium","detector_score":null,"eccentricity":0.4924,"equivalent_diameter_m":2.424,"height_m":null,"height_reason":"unavailable","id":373,"low_confidence_reason":null,"perimeter_m":8.56,"shadow_length_m":null,"signals":{"separation":0.3779,"shadow":0.0,"shape":0.7912,"size":0.2948},"solidity":0.7586,"touches_edge":false},"type":"Feature"},{"geometry":{"coordinates":[[[-5.9498611,39.9306445],[-5.9498826,39.9306445],[-5.949896,39.9306548],[-5.9498879,39.9306733],[-5.9498665,39.9306733],[-5.9498477,39.9306589],[-5.9498611,39.9306445]]],"type":"Polygon"},"id":374,"properties":{"area_m2":10.485,"centroid_lonlat":[-5.9498736,39.9306588],"centroid_px":[358.68,234.02],"confidence":0.8931,"confidence_bucket":"high","detector_score":null,"eccentricity":0.6438,"equivalent_diameter_m":3.654,"height_m":null,"height_reason":"unavailable","id":374,"low_confidence_reason":null,"perimeter_m":10.676,"shadow_length_m":null,"signals":{"separation":0.709,"shadow":0.0,"shape":1.0,"size":0.9489},"solidity":1.0,"touches_edge":false},"type":"Feature"},{"geometry":{"coordinates":[[[-5.9501079,39.9306157],[-5.9501106,39.9306342],[-5.9501293,39.9306363],[-5.9501374,39.9306466],[-5.950124,39.9306568],[-5.9501079,39.9306486],[-5.9500998,39.9306548],[-5.9501106,39.9306671],[-5.9500971,39.9306774],[-5.9500703,39.9306774],[-5.9500515,39.930663],[-5.9500515,39.9306424],[-5.950065,39.9306322],[-5.9500864,39.9306322],[-5.9501079,39.9306157]]],"type":"Polygon"},"id":375,"properties":{"area_m2":28.099,"centroid_lonlat":[-5.9500892,39.9306499],"centroid_px":[318.485,236.179],"confidence":0.2756,"confidence_bucket":"low","detector_score":null,"eccentricity":0.685,"equivalent_diameter_m":5.981,"height_m":null,"height_reason":"unavailable","id":375,"low_confidence_reason":"Low confidence: this crown is far larger or smaller than its neighbours, so it is likely merged with, or split from, another crown.","perimeter_m":25.237,"shadow_length_m":null,"signals":{"separation":0.2165,"shadow":0.0,"shape":0.5544,"size":0.0},"solidity":0.8272,"touches_edge":false},"type":"Feature"},{"geometry":{"coordinates":[[[-5.9482893,39.9306363],[-5.9483135,39.9306383],[-5.9483188,39.9306671],[-5.9483108,39.9306733],[-5.9482947,39.9306733],[-5.9482759,39.930663],[-5.9482759,39.9306466],[-5.9482893,39.9306363]]],"type":"Polygon"},"id":376,"properties":{"area_m2":12.372,"centroid_lonlat":[-5.948298,39.9306549],"centroid_px":[652.39,234.983],"confidence":0.7964,"confidence_bucket":"high","detector_score":null,"eccentricity":0.5726,"equivalent_diameter_m":3.969,"height_m":null,"height_reason":"unavailable","id":376,"low_confidence_reason":null,"perimeter_m":12.508,"shadow_length_m":null,"signals":{"separation":0.516,"shadow":0.0,"shape":0.9938,"size":0.8401},"solidity":0.9365,"touches_edge":false},"type":"Feature"},{"geometry":{"coordinates":[[[-5.9515831,39.9306445],[-5.9516233,39.9306424],[-5.9516206,39.9306856],[-5.951618,39.9306754],[-5.9515804,39.9306548],[-5.9515831,39.9306445]]],"type":"Polygon"},"id":377,"properties":{"area_m2":9.856,"centroid_lonlat":[-5.9516058,39.9306559],"centroid_px":[35.766,234.723],"confidence":0.758,"confidence_bucket":"high","detector_score":null,"eccentricity":0.6896,"equivalent_diameter_m":3.542,"height_m":null,"height_reason":"unavailable","id":377,"low_confidence_reason":null,"perimeter_m":12.491,"shadow_length_m":null,"signals":{"separation":0.5171,"shadow":0.0,"shape":0.7937,"size":0.9561},"solidity":0.8103,"touches_edge":false},"type":"Feature"},{"geometry":{"coordinates":[[[-5.9503546,39.9306322],[-5.950368,39.9306342],[-5.9503627,39.9306424],[-5.9503707,39.9306486],[-5.9503788,39.9306466],[-5.9503707,39.9306651],[-5.9503493,39.930661],[-5.9503359,39.9306466],[-5.9503546,39.9306322]]],"type":"Polygon"},"id":378,"properties":{"area_m2":8.807,"centroid_lonlat":[-5.9503581,39.9306488],"centroid_px":[268.357,236.452],"confidence":0.5798,"confidence_bucket":"medium","detector_score":null,"eccentricity":0.6843,"equivalent_diameter_m":3.349,"height_m":null,"height_reason":"unavailable","id":378,"low_confidence_reason":null,"perimeter_m":11.971,"shadow_length_m":null,"signals":{"separation":0.3868,"shadow":0.0,"shape":0.7723,"size":0.5417},"solidity":0.8571,"touches_edge":false},"type":"Feature"},{"geometry":{"coordinates":[[[-5.9501401,39.9306445],[-5.9501535,39.9306507],[-5.9501508,39.9306692],[-5.950132,39.9306548],[-5.9501401,39.9306445]]],"type":"Polygon"},"id":379,"properties":{"area_m2":3.355,"centroid_lonlat":[-5.9501444,39.9306553],"centroid_px":[308.188,234.875],"confidence":0.5281,"confidence_bucket":"medium","detector_score":null,"eccentricity":0.8178,"equivalent_diameter_m":2.067,"height_m":null,"height_reason":"unavailable","id":379,"low_confidence_reason":null,"perimeter_m":5.986,"shadow_length_m":null,"signals":{"separation":0.4431,"shadow":0.0,"shape":1.0,"size":0.0469},"solidity":1.0,"touches_edge":false},"type":"Feature"},{"geometry":{"coordinates":[[[-5.9483323,39.9306322],[-5.9483537,39.9306322],[-5.9483618,39.9306383],[-5.9483564,39.9306589],[-5.9483376,39.9306733],[-5.9483188,39.930663],[-5.9483135,39.9306507],[-5.9483135,39.9306424],[-5.9483323,39.9306322]]],"type":"Polygon"},"id":380,"properties":{"area_m2":13.211,"centroid_lonlat":[-5.9483384,39.9306499],"centroid_px":[644.857,236.19],"confidence":0.8645,"confidence_bucket":"high","detector_score":null,"eccentricity":0.5269,"equivalent_diameter_m":4.101,"height_m":null,"height_reason":"unavailable","id":380,"low_confidence_reason":null,"perimeter_m":12.887,"shadow_length_m":null,"signals":{"separation":0.7062,"shadow":0.0,"shape":0.9996,"size":0.8605},"solidity":0.9403,"touches_edge":false},"type":"Feature"},{"geometry":{"coordinates":[[[-5.9503064,39.9306281],[-5.9503224,39.9306281],[-5.9503412,39.9306383],[-5.9503171,39.9306651],[-5.9503064,39.9306651],[-5.9502983,39.9306507],[-5.9503064,39.9306281]]],"type":"Polygon"},"id":381,"properties":{"area_m2":9.227,"centroid_lonlat":[-5.9503168,39.9306455],"centroid_px":[276.045,237.25],"confidence":0.6542,"confidence_bucket":"medium","detector_score":null,"eccentricity":0.7453,"equivalent_diameter_m":3.427,"height_m":null,"height_reason":"unavailable","id":381,"low_confidence_reason":null,"perimeter_m":12.05,"shadow_length_m":null,"signals":{"separation":0.3779,"shadow":0.0,"shape":0.7985,"size":0.7572},"solidity":0.8462,"touches_edge":false},"type":"Feature"},{"geometry":{"coordinates":[[[-5.9492764,39.9306322],[-5.9492898,39.9306383],[-5.9492818,39.9306527],[-5.9492683,39.9306383],[-5.9492764,39.9306322]]],"type":"Polygon"},"id":382,"properties":{"area_m2":2.726,"centroid_lonlat":[-5.9492805,39.9306415],"centroid_px":[469.231,238.231],"confidence":0.5339,"confidence_bucket":"medium","detector_score":null,"eccentricity":0.7297,"equivalent_diameter_m":1.863,"height_m":null,"height_reason":"unavailable","id":382,"low_confidence_reason":null,"perimeter_m":5.07,"shadow_length_m":null,"signals":{"separation":0.4916,"shadow":0.0,"shape":1.0,"size":0.0168},"solidity":0.9286,"touches_edge":false},"type":"Feature"},{"geometry":{"coordinates":[[[-5.9502527,39.9306239],[-5.9502769,39.9306301],[-5.9502822,39.9306466],[-5.9502742,39.9306651],[-5.9502527,39.9306651],[-5.9502393,39.9306507],[-5.9502393,39.9306342],[-5.9502527,39.9306239]]],"type":"Polygon"},"id":383,"properties":{"area_m2":13.211,"centroid_lonlat":[-5.9502603,39.9306444],"centroid_px":[286.587,237.524],"confidence":0.8437,"confidence_bucket":"high","detector_score":null,"eccentricity":0.6869,"equivalent_diameter_m":4.101,"height_m":null,"height_reason":"unavailable","id":383,"low_confidence_reason":null,"perimeter_m":12.776,"shadow_length_m":null,"signals":{"separation":0.6699,"shadow":0.0,"shape":1.0,"size":0.8298},"solidity":0.9403,"touches_edge":false},"type":"Feature"},{"geometry":{"coordinates":[[[-5.9512076,39.9305951],[-5.9512183,39.9306034],[-5.9512398,39.9306034],[-5.9512505,39.9305951],[-5.9512666,39.9306239],[-5.951288,39.9306075],[-5.9513175,39.9306342],[-5.9513229,39.9306466],[-5.9513122,39.9306712],[-5.9512827,39.9306939],[-5.951272,39.9306898],[-5.9512612,39.930698],[-5.9512451,39.9306774],[-5.9512398,39.9306815],[-5.9512076,39.9306692],[-5.9512022,39.9306733],[-5.9511781,39.9306548],[-5.9511727,39.9306219],[-5.9512076,39.9305951]]],"type":"Polygon"},"id":384,"properties":{"area_m2":92.685,"centroid_lonlat":[-5.951247,39.9306442],"centroid_px":[102.654,237.586],"confidence":0.368,"confidence_bucket":"low","detector_score":null,"eccentricity":0.7182,"equivalent_diameter_m":10.863,"height_m":null,"height_reason":"unavailable","id":384,"low_confidence_reason":"Low confidence: this crown is far larger or smaller than its neighbours, so it is likely merged with, or split from, another crown.","perimeter_m":44.665,"shadow_length_m":null,"signals":{"separation":0.4769,"shadow":0.0,"shape":0.5838,"size":0.0},"solidity":0.8805,"touches_edge":false},"type":"Feature"},{"geometry":{"coordinates":[[[-5.950875,39.9306157],[-5.9509018,39.9306157],[-5.9509259,39.9306342],[-5.9509125,39.9306568],[-5.950875,39.930661],[-5.9508616,39.9306507],[-5.9508616,39.930626],[-5.950875,39.9306157]]],"type":"Polygon"},"id":385,"properties":{"area_m2":21.598,"centroid_lonlat":[-5.95089,39.9306389],"centroid_px":[169.204,238.854],"confidence":0.7871,"confidence_bucket":"high","detector_score":null,"eccentricity":0.3722,"equivalent_diameter_m":5.244,"height_m":null,"height_reason":"unavailable","id":385,"low_confidence_reason":null,"perimeter_m":16.361,"shadow_length_m":null,"signals":{"separation":0.741,"shadow":0.0,"shape":1.0,"size":0.5779},"solidity":0.945,"touches_edge":false},"type":"Feature"},{"geometry":{"coordinates":[[[-5.9501776,39.9306198],[-5.9502017,39.9306219],[-5.9502071,39.9306466],[-5.9501883,39.9306568],[-5.9501669,39.9306486],[-5.9501562,39.9306651],[-5.9501427,39.9306424],[-5.9501508,39.9306363],[-5.9501615,39.9306404],[-5.9501776,39.9306198]]],"type":"Polygon"},"id":386,"properties":{"area_m2":15.727,"centroid_lonlat":[-5.9501792,39.9306402],"centroid_px":[301.707,238.547],"confidence":0.665,"confidence_bucket":"medium","detector_score":null,"eccentricity":0.7354,"equivalent_diameter_m":4.475,"height_m":null,"height_reason":"unavailable","id":386,"low_confidence_reason":null,"perimeter_m":16.645,"shadow_length_m":null,"signals":{"separation":0.4093,"shadow":0.0,"shape":0.7133,"size":0.8626},"solidity":0.8242,"touches_edge":false},"type":"Feature"},{"geometry":{"coordinates":[[[-5.9515563,39.9306157],[-5.9515777,39.9306157],[-5.9516019,39.9306424],[-5.9515777,39.9306486],[-5.9515563,39.9306445],[-5.9515429,39.9306301],[-5.9515563,39.9306157]]],"type":"Polygon"},"id":387,"properties":{"area_m2":12.582,"centroid_lonlat":[-5.9515709,39.9306319],"centroid_px":[42.267,240.567],"confidence":0.7189,"confidence_bucket":"high","detector_score":null,"eccentricity":0.7349,"equivalent_diameter_m":4.002,"height_m":null,"height_reason":"unavailable","id":387,"low_confidence_reason":null,"perimeter_m":13.266,"shadow_length_m":null,"signals":{"separation":0.6472,"shadow":0.0,"shape":0.8984,"size":0.5751},"solidity":0.9091,"touches_edge":false},"type":"Feature"},{"geometry":{"coordinates":[[[-5.9504727,39.9306157],[-5.9505022,39.9306424],[-5.9504512,39.930661],[-5.9504592,39.9306507],[-5.9504539,39.9306342],[-5.9504727,39.9306157]]],"type":"Polygon"},"id":388,"properties":{"area_m2":11.114,"centroid_lonlat":[-5.9504746,39.9306382],"centroid_px":[246.642,239.038],"confidence":0.6881,"confidence_bucket":"medium","detector_score":null,"eccentricity":0.5794,"equivalent_diameter_m":3.762,"height_m":null,"height_reason":"unavailable","id":388,"low_confidence_reason":null,"perimeter_m":13.724,"shadow_length_m":null,"signals":{"separation":0.4869,"shadow":0.0,"shape":0.7415,"size":0.8251},"solidity":0.8154,"touches_edge":false},"type":"Feature"},{"geometry":{"coordinates":[[[-5.9501132,39.9306198],[-5.9501266,39.930626],[-5.950124,39.9306363],[-5.9501106,39.9306342],[-5.9501132,39.9306198]]],"type":"Polygon"},"id":389,"properties":{"area_m2":2.307,"centroid_lonlat":[-5.9501181,39.9306286],"centroid_px":[313.091,241.364],"confidence":0.6252,"confidence_bucket":"medium","detector_score":null,"eccentricity":0.7084,"equivalent_diameter_m":1.714,"height_m":null,"height_reason":"unavailable","id":389,"low_confidence_reason":null,"perimeter_m":4.311,"shadow_length_m":null,"signals":{"separation":0.5344,"shadow":0.0,"shape":1.0,"size":0.2661},"solidity":1.0,"touches_edge":false},"type":"Feature"},{"geometry":{"coordinates":[[[-5.9489143,39.9306219],[-5.9489438,39.9306157],[-5.9489572,39.9306301],[-5.9489438,39.9306486],[-5.9489223,39.9306486],[-5.9489143,39.9306424],[-5.9489143,39.9306219]]],"type":"Polygon"},"id":390,"properties":{"area_m2":10.904,"centroid_lonlat":[-5.948934,39.9306322],"centroid_px":[533.827,240.5],"confidence":0.8092,"confidence_bucket":"high","detector_score":null,"eccentricity":0.3126,"equivalent_diameter_m":3.726,"height_m":null,"height_reason":"unavailable","id":390,"low_confidence_reason":null,"perimeter_m":11.592,"shadow_length_m":null,"signals":{"separation":0.5496,"shadow":0.0,"shape":1.0,"size":0.8399},"solidity":0.9286,"touches_edge":false},"type":"Feature"},{"geometry":{"coordinates":[[[-5.9517226,39.9306116],[-5.9517467,39.9306137],[-5.9517574,39.9306383],[-5.951744,39.9306486],[-5.9517226,39.9306486],[-5.9517145,39.9306424],[-5.9517092,39.9306219],[-5.9517226,39.9306116]]],"type":"Polygon"},"id":391,"properties":{"area_m2":12.791,"centroid_lonlat":[-5.9517321,39.9306304],"centroid_px":[12.23,240.934],"confidence":0.8806,"confidence_bucket":"high","detector_score":null,"eccentricity":0.5681,"equivalent_diameter_m":4.036,"height_m":null,"height_reason":"unavailable","id":391,"low_confidence_reason":null,"perimeter_m":12.508,"shadow_length_m":null,"signals":{"separation":0.6419,"shadow":0.0,"shape":1.0,"size":0.9759},"solidity":0.9531,"touches_edge":false},"type":"Feature"},{"geometry":{"coordinates":[[[-5.9483805,39.9306157],[-5.9483966,39.9306198],[-5.9483993,39.9306301],[-5.9483859,39.9306445],[-5.9483698,39.9306445],[-5.9483564,39.9306301],[-5.9483805,39.9306157]]],"type":"Polygon"},"id":392,"properties":{"area_m2":7.759,"centroid_lonlat":[-5.9483791,39.9306312],"centroid_px":[637.27,240.73],"confidence":0.728,"confidence_bucket":"high","detector_score":null,"eccentricity":0.6462,"equivalent_diameter_m":3.143,"height_m":null,"height_reason":"unavailable","id":392,"low_confidence_reason":null,"perimeter_m":9.95,"shadow_length_m":null,"signals":{"separation":0.6516,"shadow":0.0,"shape":0.9849,"size":0.4961},"solidity":0.881,"touches_edge":false},"type":"Feature"},{"geometry":{"coordinates":[[[-5.9504297,39.9306034],[-5.9504512,39.9306034],[-5.95047,39.9306178],[-5.9504512,39.9306404],[-5.9504297,39.9306404],[-5.9504163,39.9306301],[-5.9504163,39.9306137],[-5.9504297,39.9306034]]],"type":"Polygon"},"id":393,"properties":{"area_m2":14.259,"centroid_lonlat":[-5.9504403,39.9306215],"centroid_px":[253.029,243.088],"confidence":0.8838,"confidence_bucket":"high","detector_score":null,"eccentricity":0.3425,"equivalent_diameter_m":4.261,"height_m":null,"height_reason":"unavailable","id":393,"low_confidence_reason":null,"perimeter_m":12.887,"shadow_length_m":null,"signals":{"separation":0.775,"shadow":0.0,"shape":1.0,"size":0.8531},"solidity":0.9714,"touches_edge":false},"type":"Feature"},{"geometry":{"coordinates":[[[-5.9490323,39.9306137],[-5.9490564,39.9306034],[-5.9490752,39.9306219],[-5.9490511,39.9306404],[-5.9490323,39.9306301],[-5.9490323,39.9306137]]],"type":"Polygon"},"id":394,"properties":{"area_m2":9.856,"centroid_lonlat":[-5.9490505,39.9306216],"centroid_px":[512.106,243.064],"confidence":0.8963,"confidence_bucket":"high","detector_score":null,"eccentricity":0.5104,"equivalent_diameter_m":3.542,"height_m":null,"height_reason":"unavailable","id":394,"low_confidence_reason":null,"perimeter_m":11.166,"shadow_length_m":null,"signals":{"separation":0.7313,"shadow":0.0,"shape":0.9933,"size":0.9451},"solidity":0.9592,"touches_edge":false},"type":"Feature"},{"geometry":{"coordinates":[[[-5.9517762,39.9305376],[-5.9518003,39.9305396],[-5.9518003,39.9306054],[-5.9517762,39.9306281],[-5.9517547,39.9306363],[-5.9517413,39.9305972],[-5.9517413,39.9305643],[-5.9517762,39.9305376]]],"type":"Polygon"},"id":395,"properties":{"area_m2":43.826,"centroid_lonlat":[-5.9517717,39.9305836],"centroid_px":[4.837,252.301],"confidence":0.4389,"confidence_bucket":"low","detector_score":null,"eccentricity":0.8839,"equivalent_diameter_m":7.47,"height_m":null,"height_reason":"unavailable","id":395,"low_confidence_reason":"Low confidence: this crown is far larger or smaller than its neighbours, so it is likely merged with, or split from, another crown.","perimeter_m":27.115,"shadow_length_m":null,"signals":{"separation":0.5055,"shadow":0.0,"shape":0.7491,"size":0.0},"solidity":0.9587,"touches_edge":true},"type":"Feature"},{"geometry":{"coordinates":[[[-5.9510091,39.9305993],[-5.9510306,39.9305993],[-5.9510386,39.9306054],[-5.9510386,39.930626],[-5.9510252,39.9306363],[-5.9510091,39.9306363],[-5.9509957,39.930626],[-5.9509903,39.9306095],[-5.9510091,39.9305993]]],"type":"Polygon"},"id":396,"properties":{"area_m2":12.791,"centroid_lonlat":[-5.951016,39.9306173],"centroid_px":[145.721,244.115],"confidence":0.8707,"confidence_bucket":"high","detector_score":null,"eccentricity":0.4406,"equivalent_diameter_m":4.036,"height_m":null,"height_reason":"unavailable","id":396,"low_confidence_reason":null,"perimeter_m":12.887,"shadow_length_m":null,"signals":{"separation":0.6808,"shadow":0.0,"shape":0.9679,"size":0.9438},"solidity":0.9242,"touches_edge":false},"type":"Feature"},{"geometry":{"coordinates":[[[-5.9508938,39.9306095],[-5.9509474,39.9306054],[-5.9509474,39.9306301],[-5.9509394,39.9306363],[-5.9509179,39.9306322],[-5.9508938,39.9306095]]],"type":"Polygon"},"id":397,"properties":{"area_m2":11.533,"centroid_lonlat":[-5.9509263,39.9306184],"centroid_px":[162.436,243.836],"confidence":0.7838,"confidence_bucket":"high","detector_score":null,"eccentricity":0.6133,"equivalent_diameter_m":3.832,"height_m":null,"height_reason":"unavailable","id":397,"low_confidence_reason":null,"perimeter_m":13.155,"shadow_length_m":null,"signals":{"separation":0.5344,"shadow":0.0,"shape":0.8375,"size":0.9688},"solidity":0.9167,"touches_edge":false},"type":"Feature"},{"geometry":{"coordinates":[[[-5.9488955,39.9305993],[-5.9489197,39.9306095],[-5.9489062,39.9306363],[-5.9488848,39.9306363],[-5.9488714,39.930626],[-5.9488714,39.9306095],[-5.9488955,39.9305993]]],"type":"Polygon"},"id":398,"properties":{"area_m2":13.211,"centroid_lonlat":[-5.9488948,39.9306181],"centroid_px":[541.127,243.921],"confidence":0.8878,"confidence_bucket":"high","detector_score":null,"eccentricity":0.3695,"equivalent_diameter_m":4.101,"height_m":null,"height_reason":"unavailable","id":398,"low_confidence_reason":null,"perimeter_m":12.887,"shadow_length_m":null,"signals":{"separation":0.7062,"shadow":0.0,"shape":0.9996,"size":0.9353},"solidity":0.9403,"touches_edge":false},"type":"Feature"},{"geometry":{"coordinates":[[[-5.951508,39.930591],[-5.9515375,39.9306013],[-5.9515375,39.9306137],[-5.9515241,39.9306239],[-5.9514999,39.9306054],[-5.951508,39.930591]]],"type":"Polygon"},"id":399,"properties":{"area_m2":7.759,"centroid_lonlat":[-5.95152,39.9306058],"centroid_px":[51.757,246.919],"confidence":0.7498,"confidence_bucket":"high","detector_score":null,"eccentricity":0.6811,"equivalent_diameter_m":3.143,"height_m":null,"height_reason":"unavailable","id":399,"low_confidence_reason":null,"perimeter_m":9.492,"shadow_length_m":null,"signals":{"separation":0.6516,"shadow":0.0,"shape":1.0,"size":0.5476},"solidity":0.9487,"touches_edge":false},"type":"Feature"},{"geometry":{"coordinates":[[[-5.9509608,39.9305869],[-5.9509823,39.9305869],[-5.9509957,39.9305972],[-5.9509823,39.9306239],[-5.9509474,39.9306054],[-5.9509608,39.9305869]]],"type":"Polygon"},"id":400,"properties":{"area_m2":12.372,"centroid_lonlat":[-5.9509725,39.9306036],"centroid_px":[153.814,247.441],"confidence":0.8405,"confidence_bucket":"high","detector_score":null,"eccentricity":0.4852,"equivalent_diameter_m":3.969,"height_m":null,"height_reason":"unavailable","id":400,"low_confidence_reason":null,"perimeter_m":11.971,"shadow_length_m":null,"signals":{"separation":0.6527,"shadow":0.0,"shape":1.0,"size":0.8369},"solidity":0.9672,"touches_edge":false},"type":"Feature"},{"geometry":{"coordinates":[[[-5.950698,39.9305828],[-5.9507355,39.9305869],[-5.9507489,39.9306013],[-5.9507301,39.9306239],[-5.950698,39.9306239],[-5.9506845,39.9306137],[-5.9506845,39.9305931],[-5.950698,39.9305828]]],"type":"Polygon"},"id":401,"properties":{"area_m2":20.131,"centroid_lonlat":[-5.9507139,39.9306038],"centroid_px":[202.031,247.406],"confidence":0.682,"confidence_bucket":"medium","detector_score":null,"eccentricity":0.494,"equivalent_diameter_m":5.063,"height_m":null,"height_reason":"unavailable","id":401,"low_confidence_reason":null,"perimeter_m":15.634,"shadow_length_m":null,"signals":{"separation":0.7236,"shadow":0.0,"shape":1.0,"size":0.2589},"solidity":0.9697,"touches_edge":false},"type":"Feature"},{"geometry":{"coordinates":[[[-5.9499201,39.9305869],[-5.9499416,39.9305869],[-5.9499389,39.9305931],[-5.949955,39.9306054],[-5.9499362,39.9306239],[-5.9499121,39.9306178],[-5.9499201,39.9305869]]],"type":"Polygon"},"id":402,"properties":{"area_m2":10.485,"centroid_lonlat":[-5.9499322,39.9306058],"centroid_px":[347.74,246.9],"confidence":0.7814,"confidence_bucket":"high","detector_score":null,"eccentricity":0.6815,"equivalent_diameter_m":3.654,"height_m":null,"height_reason":"unavailable","id":402,"low_confidence_reason":null,"perimeter_m":12.239,"shadow_length_m":null,"signals":{"separation":0.5013,"shadow":0.0,"shape":0.8795,"size":0.9438},"solidity":0.8772,"touches_edge":false},"type":"Feature"},{"geometry":{"coordinates":[[[-5.9516743,39.930591],[-5.9517118,39.930591],[-5.9517199,39.9306095],[-5.9517065,39.9306198],[-5.9516904,39.9306198],[-5.9516716,39.9306013],[-5.9516743,39.930591]]],"type":"Polygon"},"id":403,"properties":{"area_m2":10.694,"centroid_lonlat":[-5.951697,39.9306038],"centroid_px":[18.765,247.392],"confidence":0.8131,"confidence_bucket":"high","detector_score":null,"eccentricity":0.641,"equivalent_diameter_m":3.69,"height_m":null,"height_reason":"unavailable","id":403,"low_confidence_reason":null,"perimeter_m":11.212,"shadow_length_m":null,"signals":{"separation":0.555,"shadow":0.0,"shape":1.0,"size":0.8471},"solidity":0.9808,"touches_edge":false},"type":"Feature"},{"geometry":{"coordinates":[[[-5.9508938,39.9305931],[-5.9509233,39.9305869],[-5.9509367,39.9306013],[-5.9508964,39.9306075],[-5.9508938,39.9305931]]],"type":"Polygon"},"id":404,"properties":{"area_m2":6.5,"centroid_lonlat":[-5.9509127,39.9305976],"centroid_px":[164.968,248.903],"confidence":0.8081,"confidence_bucket":"high","detector_score":null,"eccentricity":0.7728,"equivalent_diameter_m":2.877,"height_m":null,"height_reason":"unavailable","id":404,"low_confidence_reason":null,"perimeter_m":8.906,"shadow_length_m":null,"signals":{"separation":0.6367,"shadow":0.0,"shape":1.0,"size":0.7492},"solidity":0.9118,"touches_edge":false},"type":"Feature"},{"geometry":{"coordinates":[[[-5.9507731,39.9305828],[-5.9507892,39.9305828],[-5.9508026,39.9305931],[-5.9507999,39.9306116],[-5.9507704,39.9306054],[-5.9507731,39.9305828]]],"type":"Polygon"},"id":405,"properties":{"area_m2":7.13,"centroid_lonlat":[-5.9507858,39.9305964],"centroid_px":[188.618,249.206],"confidence":0.8135,"confidence_bucket":"high","detector_score":null,"eccentricity":0.6251,"equivalent_diameter_m":3.013,"height_m":null,"height_reason":"unavailable","id":405,"low_confidence_reason":null,"perimeter_m":9.175,"shadow_length_m":null,"signals":{"separation":0.6079,"shadow":0.0,"shape":1.0,"size":0.7953},"solidity":0.9444,"touches_edge":false},"type":"Feature"},{"geometry":{"coordinates":[[[-5.948579,39.9305828],[-5.9485951,39.9305828],[-5.9486139,39.9306013],[-5.9486139,39.9306095],[-5.9485951,39.9306198],[-5.9485844,39.9306198],[-5.9485656,39.9306054],[-5.9485656,39.9305931],[-5.948579,39.9305828]]],"type":"Polygon"},"id":406,"properties":{"area_m2":12.582,"centroid_lonlat":[-5.9485889,39.9306009],"centroid_px":[598.15,248.1],"confidence":0.8362,"confidence_bucket":"high","detector_score":null,"eccentricity":0.4712,"equivalent_diameter_m":4.002,"height_m":null,"height_reason":"unavailable","id":406,"low_confidence_reason":null,"perimeter_m":11.971,"shadow_length_m":null,"signals":{"separation":0.7236,"shadow":0.0,"shape":1.0,"size":0.7522},"solidity":0.9677,"touches_edge":false},"type":"Feature"},{"geometry":{"coordinates":[[[-5.9508079,39.9305849],[-5.9508535,39.9305746],[-5.9508669,39.9305849],[-5.9508669,39.9306095],[-5.9508535,39.9306198],[-5.9508213,39.9306198],[-5.9508079,39.9306095],[-5.9508079,39.9305849]]],"type":"Polygon"},"id":407,"properties":{"area_m2":21.598,"centroid_lonlat":[-5.9508382,39.9305983],"centroid_px":[178.854,248.738],"confidence":0.5718,"confidence_bucket":"medium","detector_score":null,"eccentricity":0.4172,"equivalent_diameter_m":5.244,"height_m":null,"height_reason":"unavailable","id":407,"low_confidence_reason":null,"perimeter_m":16.171,"shadow_length_m":null,"signals":{"separation":0.6297,"shadow":0.0,"shape":1.0,"size":0.0},"solidity":0.9717,"touches_edge":false},"type":"Feature"},{"geometry":{"coordinates":[[[-5.9502956,39.9305787],[-5.9503171,39.9305787],[-5.9503305,39.930589],[-5.9503305,39.9306054],[-5.9503171,39.9306157],[-5.9502956,39.9306157],[-5.9502822,39.9306013],[-5.9502822,39.930589],[-5.9502956,39.9305787]]],"type":"Polygon"},"id":408,"properties":{"area_m2":14.049,"centroid_lonlat":[-5.9503069,39.9305969],"centroid_px":[277.896,249.075],"confidence":0.7782,"confidence_bucket":"high","detector_score":null,"eccentricity":0.3148,"equivalent_diameter_m":4.229,"height_m":null,"height_reason":"unavailable","id":408,"low_confidence_reason":null,"perimeter_m":12.508,"shadow_length_m":null,"signals":{"separation":0.7807,"shadow":0.0,"shape":1.0,"size":0.5095},"solidity":0.9853,"touches_edge":false},"type":"Feature"},{"geometry":{"coordinates":[[[-5.9498182,39.9305787],[-5.9498289,39.9305787],[-5.9498423,39.9305931],[-5.9498343,39.9306116],[-5.9498155,39.9306054],[-5.9498182,39.9305787]]],"type":"Polygon"},"id":409,"properties":{"area_m2":6.291,"centroid_lonlat":[-5.9498291,39.9305957],"centroid_px":[366.967,249.367],"confidence":0.6227,"confidence_bucket":"medium","detector_score":null,"eccentricity":0.8572,"equivalent_diameter_m":2.83,"height_m":null,"height_reason":"unavailable","id":409,"low_confidence_reason":null,"perimeter_m":9.381,"shadow_length_m":null,"signals":{"separation":0.3236,"shadow":0.0,"shape":0.8984,"size":0.5911},"solidity":0.8571,"touches_edge":false},"type":"Feature"},{"geometry":{"coordinates":[[[-5.9488794,39.9305869],[-5.9488955,39.9305869],[-5.9489036,39.9305931],[-5.9488794,39.9306034],[-5.9488714,39.9305972],[-5.9488794,39.9305869]]],"type":"Polygon"},"id":410,"properties":{"area_m2":3.774,"centroid_lonlat":[-5.9488863,39.9305947],"centroid_px":[542.722,249.611],"confidence":0.6667,"confidence_bucket":"medium","detector_score":null,"eccentricity":0.7227,"equivalent_diameter_m":2.192,"height_m":null,"height_reason":"unavailable","id":410,"low_confidence_reason":null,"perimeter_m":5.986,"shadow_length_m":null,"signals":{"separation":0.4178,"shadow":0.0,"shape":1.0,"size":0.5157},"solidity":1.0,"touches_edge":false},"type":"Feature"},{"geometry":{"coordinates":[[[-5.9516099,39.9305746],[-5.951634,39.930589],[-5.9516099,39.9306116],[-5.9515965,39.9306013],[-5.9515965,39.9305849],[-5.9516099,39.9305746]]],"type":"Polygon"},"id":411,"properties":{"area_m2":8.178,"centroid_lonlat":[-5.9516127,39.9305928],"centroid_px":[34.487,250.077],"confidence":0.7673,"confidence_bucket":"high","detector_score":null,"eccentricity":0.4938,"equivalent_diameter_m":3.227,"height_m":null,"height_reason":"unavailable","id":411,"low_confidence_reason":null,"perimeter_m":9.871,"shadow_length_m":null,"signals":{"separation":0.6346,"shadow":0.0,"shape":1.0,"size":0.6208},"solidity":0.975,"touches_edge":false},"type":"Feature"},{"geometry":{"coordinates":[[[-5.9507301,39.9305787],[-5.9507731,39.9305787],[-5.9507704,39.9306013],[-5.9507516,39.9306075],[-5.9507382,39.930589],[-5.9507221,39.9305849],[-5.9507301,39.9305787]]],"type":"Polygon"},"id":412,"properties":{"area_m2":8.388,"centroid_lonlat":[-5.9507527,39.9305895],"centroid_px":[194.8,250.875],"confidence":0.7208,"confidence_bucket":"high","detector_score":null,"eccentricity":0.7086,"equivalent_diameter_m":3.268,"height_m":null,"height_reason":"unavailable","id":412,"low_confidence_reason":null,"perimeter_m":11.196,"shadow_length_m":null,"signals":{"separation":0.5605,"shadow":0.0,"shape":0.8409,"size":0.737},"solidity":0.8333,"touches_edge":false},"type":"Feature"},{"geometry":{"coordinates":[[[-5.9496519,39.9305663],[-5.9496653,39.9305725],[-5.949676,39.9306013],[-5.9496868,39.9306095],[-5.9496734,39.9306198],[-5.9496573,39.9306116],[-5.9496412,39.9306198],[-5.9496197,39.9306034],[-5.9496143,39.9306075],[-5.9496063,39.9306013],[-5.9496117,39.930589],[-5.9496519,39.9305663]]],"type":"Polygon"},"id":413,"properties":{"area_m2":23.905,"centroid_lonlat":[-5.9496474,39.9305951],"centroid_px":[400.833,249.5],"confidence":0.4859,"confidence_bucket":"medium","detector_score":null,"eccentricity":0.5448,"equivalent_diameter_m":5.517,"height_m":null,"height_reason":"unavailable","id":413,"low_confidence_reason":null,"perimeter_m":20.39,"shadow_length_m":null,"signals":{"separation":0.6845,"shadow":0.0,"shape":0.7226,"size":0.0033},"solidity":0.8636,"touches_edge":false},"type":"Feature"},{"geometry":{"coordinates":[[[-5.9515429,39.9305807],[-5.9515616,39.9305746],[-5.9515858,39.9305931],[-5.9515616,39.9305951],[-5.9515429,39.9305807]]],"type":"Polygon"},"id":414,"properties":{"area_m2":4.613,"centroid_lonlat":[-5.9515631,39.930585],"centroid_px":[43.727,251.955],"confidence":0.5895,"confidence_bucket":"medium","detector_score":null,"eccentricity":0.888,"equivalent_diameter_m":2.424,"height_m":null,"height_reason":"unavailable","id":414,"low_confidence_reason":null,"perimeter_m":7.739,"shadow_length_m":null,"signals":{"separation":0.5344,"shadow":0.0,"shape":0.968,"size":0.1904},"solidity":0.8462,"touches_edge":false},"type":"Feature"},{"geometry":{"coordinates":[[[-5.9511164,39.9305705],[-5.9511378,39.9305705],[-5.9511459,39.9305849],[-5.9511217,39.9306034],[-5.951103,39.9305972],[-5.951103,39.9305807],[-5.9511164,39.9305705]]],"type":"Polygon"},"id":415,"properties":{"area_m2":10.275,"centroid_lonlat":[-5.9511231,39.930586],"centroid_px":[125.755,251.714],"confidence":0.8241,"confidence_bucket":"high","detector_score":null,"eccentricity":0.5416,"equivalent_diameter_m":3.617,"height_m":null,"height_reason":"unavailable","id":415,"low_confidence_reason":null,"perimeter_m":10.944,"shadow_length_m":null,"signals":{"separation":0.7162,"shadow":0.0,"shape":1.0,"size":0.7208},"solidity":0.9423,"touches_edge":false},"type":"Feature"},{"geometry":{"coordinates":[[[-5.95036,39.930554],[-5.9503654,39.9305622],[-5.9503815,39.930554],[-5.9504217,39.9305807],[-5.9504136,39.9306075],[-5.9503815,39.9306157],[-5.9503573,39.9306054],[-5.9503466,39.9305766],[-5.95036,39.930554]]],"type":"Polygon"},"id":416,"properties":{"area_m2":30.615,"centroid_lonlat":[-5.950383,39.9305862],"centroid_px":[263.705,251.685],"confidence":0.5592,"confidence_bucket":"medium","detector_score":null,"eccentricity":0.5522,"equivalent_diameter_m":6.243,"height_m":null,"height_reason":"unavailable","id":416,"low_confidence_reason":null,"perimeter_m":20.91,"shadow_length_m":null,"signals":{"separation":0.7334,"shadow":0.0,"shape":0.8799,"size":0.0},"solidity":0.8957,"touches_edge":false},"type":"Feature"},{"geometry":{"coordinates":[[[-5.951685,39.9305622],[-5.9517065,39.9305622],[-5.9517199,39.9305725],[-5.9517172,39.9305951],[-5.9516716,39.930589],[-5.9516716,39.9305725],[-5.951685,39.9305622]]],"type":"Polygon"},"id":417,"properties":{"area_m2":12.162,"centroid_lonlat":[-5.9516961,39.9305781],"centroid_px":[18.931,253.655],"confidence":0.8956,"confidence_bucket":"high","detector_score":null,"eccentricity":0.6271,"equivalent_diameter_m":3.935,"height_m":null,"height_reason":"unavailable","id":417,"low_confidence_reason":null,"perimeter_m":12.302,"shadow_length_m":null,"signals":{"separation":0.6982,"shadow":0.0,"shape":1.0,"size":0.9679},"solidity":0.9355,"touches_edge":false},"type":"Feature"},{"geometry":{"coordinates":[[[-5.9509072,39.9305663],[-5.9509259,39.9305849],[-5.9508911,39.9305951],[-5.950883,39.930589],[-5.950883,39.9305725],[-5.9508964,39.9305746],[-5.9509072,39.9305663]]],"type":"Polygon"},"id":418,"properties":{"area_m2":7.13,"centroid_lonlat":[-5.9509016,39.9305806],"centroid_px":[167.029,253.029],"confidence":0.6443,"confidence_bucket":"medium","detector_score":null,"eccentricity":0.7534,"equivalent_diameter_m":3.013,"height_m":null,"height_reason":"unavailable","id":418,"low_confidence_reason":null,"perimeter_m":10.408,"shadow_length_m":null,"signals":{"separation":0.4299,"shadow":0.0,"shape":0.8271,"size":0.6393},"solidity":0.85,"touches_edge":false},"type":"Feature"},{"geometry":{"coordinates":[[[-5.9506121,39.9305622],[-5.9506336,39.9305622],[-5.950647,39.9305725],[-5.950647,39.930589],[-5.9506389,39.9305951],[-5.9506229,39.9305993],[-5.9505987,39.9305849],[-5.9505987,39.9305725],[-5.9506121,39.9305622]]],"type":"Polygon"},"id":419,"properties":{"area_m2":13.211,"centroid_lonlat":[-5.9506235,39.9305794],"centroid_px":[218.889,253.333],"confidence":0.8509,"confidence_bucket":"high","detector_score":null,"eccentricity":0.422,"equivalent_diameter_m":4.101,"height_m":null,"height_reason":"unavailable","id":419,"low_confidence_reason":null,"perimeter_m":12.239,"shadow_length_m":null,"signals":{"separation":0.7062,"shadow":0.0,"shape":1.0,"size":0.8168},"solidity":0.9692,"touches_edge":false},"type":"Feature"},{"geometry":{"coordinates":[[[-5.9514758,39.9305581],[-5.9515107,39.9305725],[-5.9515134,39.930591],[-5.9515026,39.9305951],[-5.9514678,39.9305807],[-5.9514624,39.9305684],[-5.9514758,39.9305581]]],"type":"Polygon"},"id":420,"properties":{"area_m2":10.904,"centroid_lonlat":[-5.9514888,39.9305764],"centroid_px":[57.577,254.058],"confidence":0.7887,"confidence_bucket":"high","detector_score":null,"eccentricity":0.8028,"equivalent_diameter_m":3.726,"height_m":null,"height_reason":"unavailable","id":420,"low_confidence_reason":null,"perimeter_m":12.429,"shadow_length_m":null,"signals":{"separation":0.4916,"shadow":0.0,"shape":0.887,"size":0.9678},"solidity":0.8667,"touches_edge":false},"type":"Feature"},{"geometry":{"coordinates":[[[-5.9500596,39.9305499],[-5.950073,39.9305684],[-5.9500328,39.9305951],[-5.9500194,39.9305849],[-5.9500194,39.9305684],[-5.9500328,39.9305581],[-5.9500542,39.9305581],[-5.9500596,39.9305499]]],"type":"Polygon"},"id":421,"properties":{"area_m2":13.001,"centroid_lonlat":[-5.9500425,39.9305734],"centroid_px":[327.177,254.79],"confidence":0.81,"confidence_bucket":"high","detector_score":null,"eccentricity":0.7412,"equivalent_diameter_m":4.069,"height_m":null,"height_reason":"unavailable","id":421,"low_confidence_reason":null,"perimeter_m":12.714,"shadow_length_m":null,"signals":{"separation":0.6367,"shadow":0.0,"shape":1.0,"size":0.7553},"solidity":0.8986,"touches_edge":false},"type":"Feature"},{"geometry":{"coordinates":[[[-5.9501347,39.9305499],[-5.9501696,39.930552],[-5.9501696,39.9305807],[-5.9501562,39.9305951],[-5.9501213,39.9305766],[-5.9501213,39.9305602],[-5.9501347,39.9305499]]],"type":"Polygon"},"id":422,"properties":{"area_m2":16.566,"centroid_lonlat":[-5.950147,39.93057],"centroid_px":[307.709,255.608],"confidence":0.8743,"confidence_bucket":"high","detector_score":null,"eccentricity":0.5315,"equivalent_diameter_m":4.593,"height_m":null,"height_reason":"unavailable","id":422,"low_confidence_reason":null,"perimeter_m":14.719,"shadow_length_m":null,"signals":{"separation":0.7977,"shadow":0.0,"shape":0.9609,"size":0.8471},"solidity":0.9634,"touches_edge":false},"type":"Feature"},{"geometry":{"coordinates":[[[-5.9484234,39.9305088],[-5.9484556,39.9305088],[-5.9484717,39.930517],[-5.9484985,39.9305129],[-5.9485012,39.9305273],[-5.9484905,39.9305396],[-5.9485066,39.930552],[-5.9485066,39.9305766],[-5.94852,39.9305828],[-5.9485361,39.9305705],[-5.9485441,39.9305766],[-5.9485441,39.9305972],[-5.94852,39.930591],[-5.9484664,39.9306322],[-5.9484342,39.9306322],[-5.9484127,39.9306198],[-5.9483913,39.9306198],[-5.948351,39.9305766],[-5.948351,39.930552],[-5.9483591,39.9305417],[-5.9483725,39.9305396],[-5.9483752,39.9305211],[-5.9483859,39.9305252],[-5.9484234,39.9305088]]],"type":"Polygon"},"id":423,"properties":{"area_m2":148.673,"centroid_lonlat":[-5.948439,39.9305696],"centroid_px":[626.104,255.717],"confidence":0.2282,"confidence_bucket":"low","detector_score":null,"eccentricity":0.4578,"equivalent_diameter_m":13.758,"height_m":null,"height_reason":"unavailable","id":423,"low_confidence_reason":"Low confidence: this crown is far larger or smaller than its neighbours, so it is likely merged with, or split from, another crown.","perimeter_m":62.099,"shadow_length_m":null,"signals":{"separation":0.1488,"shadow":0.0,"shape":0.4845,"size":0.0},"solidity":0.8511,"touches_edge":false},"type":"Feature"},{"geometry":{"coordinates":[[[-5.9507409,39.930554],[-5.9507596,39.9305643],[-5.9507623,39.9305787],[-5.9507221,39.9305766],[-5.9507409,39.930554]]],"type":"Polygon"},"id":424,"properties":{"area_m2":6.291,"centroid_lonlat":[-5.9507453,39.9305692],"centroid_px":[196.167,255.8],"confidence":0.7281,"confidence_bucket":"high","detector_score":null,"eccentricity":0.4903,"equivalent_diameter_m":2.83,"height_m":null,"height_reason":"unavailable","id":424,"low_confidence_reason":null,"perimeter_m":9.381,"shadow_length_m":null,"signals":{"separation":0.6472,"shadow":0.0,"shape":0.8984,"size":0.6048},"solidity":0.9091,"touches_edge":false},"type":"Feature"},{"geometry":{"coordinates":[[[-5.9486702,39.9305499],[-5.9486863,39.9305499],[-5.9486997,39.9305602],[-5.9487051,39.9305766],[-5.9486917,39.9305869],[-5.9486702,39.9305869],[-5.9486568,39.9305725],[-5.9486702,39.9305499]]],"type":"Polygon"},"id":425,"properties":{"area_m2":11.953,"centroid_lonlat":[-5.9486817,39.9305692],"centroid_px":[580.86,255.807],"confidence":0.6866,"confidence_bucket":"medium","detector_score":null,"eccentricity":0.5771,"equivalent_diameter_m":3.901,"height_m":null,"height_reason":"unavailable","id":425,"low_confidence_reason":null,"perimeter_m":12.619,"shadow_length_m":null,"signals":{"separation":0.525,"shadow":0.0,"shape":0.9433,"size":0.5403},"solidity":0.9048,"touches_edge":false},"type":"Feature"},{"geometry":{"coordinates":[[[-5.9515294,39.9305458],[-5.9515536,39.9305561],[-5.9515589,39.9305725],[-5.9515402,39.9305869],[-5.9515187,39.9305746],[-5.9515134,39.9305787],[-5.9515053,39.9305684],[-5.9515294,39.9305458]]],"type":"Polygon"},"id":426,"properties":{"area_m2":12.582,"centroid_lonlat":[-5.9515326,39.9305652],"centroid_px":[49.417,256.783],"confidence":0.8035,"confidence_bucket":"high","detector_score":null,"eccentricity":0.2091,"equivalent_diameter_m":4.002,"height_m":null,"height_reason":"unavailable","id":426,"low_confidence_reason":null,"perimeter_m":13.077,"shadow_length_m":null,"signals":{"separation":0.6865,"shadow":0.0,"shape":0.9246,"size":0.7752},"solidity":0.8824,"touches_edge":false},"type":"Feature"},{"geometry":{"coordinates":[[[-5.9503493,39.9305499],[-5.9503573,39.930552],[-5.9503573,39.9305643],[-5.9503439,39.9305828],[-5.9503278,39.9305828],[-5.9503144,39.9305725],[-5.9503198,39.9305602],[-5.9503278,39.9305622],[-5.9503493,39.9305499]]],"type":"Polygon"},"id":427,"properties":{"area_m2":8.597,"centroid_lonlat":[-5.950338,39.9305674],"centroid_px":[272.098,256.244],"confidence":0.7762,"confidence_bucket":"high","detector_score":null,"eccentricity":0.7703,"equivalent_diameter_m":3.309,"height_m":null,"height_reason":"unavailable","id":427,"low_confidence_reason":null,"perimeter_m":11.323,"shadow_length_m":null,"signals":{"separation":0.5536,"shadow":0.0,"shape":0.8426,"size":0.9192},"solidity":0.8723,"touches_edge":false},"type":"Feature"},{"geometry":{"coordinates":[[[-5.9508428,39.9305252],[-5.9508508,39.9305478],[-5.9508348,39.9305602],[-5.9508348,39.9305766],[-5.950816,39.9305828],[-5.9507865,39.9305643],[-5.9508052,39.9305417],[-5.9508321,39.9305458],[-5.9508428,39.9305252]]],"type":"Polygon"},"id":428,"properties":{"area_m2":18.034,"centroid_lonlat":[-5.9508201,39.9305583],"centroid_px":[182.233,258.465],"confidence":0.6016,"confidence_bucket":"medium","detector_score":null,"eccentricity":0.7582,"equivalent_diameter_m":4.792,"height_m":null,"height_reason":"unavailable","id":428,"low_confidence_reason":null,"perimeter_m":18.872,"shadow_length_m":null,"signals":{"separation":0.3823,"shadow":0.0,"shape":0.6363,"size":0.7793},"solidity":0.8037,"touches_edge":false},"type":"Feature"},{"geometry":{"coordinates":[[[-5.9507838,39.9305293],[-5.9507918,39.9305314],[-5.9507865,39.9305396],[-5.9508026,39.9305478],[-5.9507865,39.9305725],[-5.9507677,39.9305787],[-5.9507596,39.9305643],[-5.9507382,39.930552],[-5.950757,39.9305376],[-5.9507731,39.9305376],[-5.9507838,39.9305293]]],"type":"Polygon"},"id":429,"properties":{"area_m2":14.259,"centroid_lonlat":[-5.9507727,39.9305533],"centroid_px":[191.059,259.662],"confidence":0.6245,"confidence_bucket":"medium","detector_score":null,"eccentricity":0.4885,"equivalent_diameter_m":4.261,"height_m":null,"height_reason":"unavailable","id":429,"low_confidence_reason":null,"perimeter_m":15.461,"shadow_length_m":null,"signals":{"separation":0.6448,"shadow":0.0,"shape":0.7496,"size":0.4539},"solidity":0.7473,"touches_edge":false},"type":"Feature"},{"geometry":{"coordinates":[[[-5.9502956,39.9305376],[-5.9503198,39.9305561],[-5.9503198,39.9305684],[-5.9503064,39.9305746],[-5.9502849,39.9305746],[-5.9502769,39.9305684],[-5.9502769,39.9305561],[-5.9502956,39.9305376]]],"type":"Polygon"},"id":430,"properties":{"area_m2":10.904,"centroid_lonlat":[-5.9502986,39.9305588],"centroid_px":[279.442,258.327],"confidence":0.8802,"confidence_bucket":"high","detector_score":null,"eccentricity":0.4497,"equivalent_diameter_m":3.726,"height_m":null,"height_reason":"unavailable","id":430,"low_confidence_reason":null,"perimeter_m":11.971,"shadow_length_m":null,"signals":{"separation":0.6952,"shadow":0.0,"shape":0.9562,"size":0.974},"solidity":0.9123,"touches_edge":false},"type":"Feature"},{"geometry":{"coordinates":[[[-5.9500757,39.9305376],[-5.9500918,39.9305376],[-5.9501052,39.9305478],[-5.9501025,39.9305622],[-5.9500971,39.9305581],[-5.9500864,39.9305663],[-5.9500703,39.9305663],[-5.9500623,39.9305602],[-5.9500623,39.9305478],[-5.9500757,39.9305376]]],"type":"Polygon"},"id":431,"properties":{"area_m2":9.436,"centroid_lonlat":[-5.950083,39.9305521],"centroid_px":[319.644,259.956],"confidence":0.9054,"confidence_bucket":"high","detector_score":null,"eccentricity":0.5614,"equivalent_diameter_m":3.466,"height_m":null,"height_reason":"unavailable","id":431,"low_confidence_reason":null,"perimeter_m":10.676,"shadow_length_m":null,"signals":{"separation":0.7473,"shadow":0.0,"shape":1.0,"size":0.95},"solidity":0.9574,"touches_edge":false},"type":"Feature"},{"geometry":{"coordinates":[[[-5.9500006,39.9305334],[-5.9500194,39.9305561],[-5.9500059,39.9305705],[-5.9499818,39.9305602],[-5.9499818,39.9305437],[-5.9500006,39.9305334]]],"type":"Polygon"},"id":432,"properties":{"area_m2":8.807,"centroid_lonlat":[-5.9499994,39.9305522],"centroid_px":[335.214,259.929],"confidence":0.8125,"confidence_bucket":"high","detector_score":null,"eccentricity":0.587,"equivalent_diameter_m":3.349,"height_m":null,"height_reason":"unavailable","id":432,"low_confidence_reason":null,"perimeter_m":10.787,"shadow_length_m":null,"signals":{"separation":0.547,"shadow":0.0,"shape":0.9511,"size":0.9117},"solidity":0.913,"touches_edge":false},"type":"Feature"},{"geometry":{"coordinates":[[[-5.9515777,39.9305252],[-5.9515992,39.9305252],[-5.951618,39.9305396],[-5.951618,39.9305561],[-5.9516045,39.9305705],[-5.9515831,39.9305705],[-5.9515643,39.9305602],[-5.9515643,39.9305355],[-5.9515777,39.9305252]]],"type":"Polygon"},"id":433,"properties":{"area_m2":19.292,"centroid_lonlat":[-5.9515906,39.9305478],"centroid_px":[38.598,261.0],"confidence":0.6382,"confidence_bucket":"medium","detector_score":null,"eccentricity":0.4578,"equivalent_diameter_m":4.956,"height_m":null,"height_reason":"unavailable","id":433,"low_confidence_reason":null,"perimeter_m":14.987,"shadow_length_m":null,"signals":{"separation":0.7392,"shadow":0.0,"shape":1.0,"size":0.103},"solidity":0.9787,"touches_edge":false},"type":"Feature"},{"geometry":{"coordinates":[[[-5.9514919,39.9305293],[-5.951508,39.9305293],[-5.9515268,39.9305396],[-5.9515268,39.9305478],[-5.9515026,39.9305663],[-5.9514785,39.9305602],[-5.9514785,39.9305396],[-5.9514919,39.9305293]]],"type":"Polygon"},"id":434,"properties":{"area_m2":12.582,"centroid_lonlat":[-5.9515003,39.9305469],"centroid_px":[55.433,261.217],"confidence":0.8195,"confidence_bucket":"high","detector_score":null,"eccentricity":0.4859,"equivalent_diameter_m":4.002,"height_m":null,"height_reason":"unavailable","id":434,"low_confidence_reason":null,"perimeter_m":12.239,"shadow_length_m":null,"signals":{"separation":0.6472,"shadow":0.0,"shape":1.0,"size":0.7752},"solidity":0.9677,"touches_edge":false},"type":"Feature"},{"geometry":{"coordinates":[[[-5.9505102,39.9305252],[-5.9505236,39.9305396],[-5.9505048,39.9305622],[-5.9504753,39.9305478],[-5.9504753,39.9305355],[-5.9505102,39.9305252]]],"type":"Polygon"},"id":435,"properties":{"area_m2":10.904,"centroid_lonlat":[-5.9504986,39.9305429],"centroid_px":[242.154,262.212],"confidence":0.8016,"confidence_bucket":"high","detector_score":null,"eccentricity":0.5227,"equivalent_diameter_m":3.726,"height_m":null,"height_reason":"unavailable","id":435,"low_confidence_reason":null,"perimeter_m":11.971,"shadow_length_m":null,"signals":{"separation":0.5496,"shadow":0.0,"shape":0.9562,"size":0.868},"solidity":0.8814,"touches_edge":false},"type":"Feature"},{"geometry":{"coordinates":[[[-5.9485039,39.9305129],[-5.94852,39.9305252],[-5.9485415,39.9305252],[-5.9485549,39.9305355],[-5.9485549,39.930552],[-5.9485415,39.9305622],[-5.9485146,39.930554],[-5.9485093,39.9305581],[-5.9484905,39.9305396],[-5.9485039,39.9305129]]],"type":"Polygon"},"id":436,"properties":{"area_m2":18.034,"centroid_lonlat":[-5.9485247,39.9305402],"centroid_px":[610.116,262.849],"confidence":0.7207,"confidence_bucket":"high","detector_score":null,"eccentricity":0.722,"equivalent_diameter_m":4.792,"height_m":null,"height_reason":"unavailable","id":436,"low_confidence_reason":null,"perimeter_m":16.851,"shadow_length_m":null,"signals":{"separation":0.5734,"shadow":0.0,"shape":0.7981,"size":0.7752},"solidity":0.86,"touches_edge":false},"type":"Feature"},{"geometry":{"coordinates":[[[-5.9508482,39.9305293],[-5.9508643,39.9305376],[-5.9508777,39.9305396],[-5.9508535,39.9305499],[-5.9508482,39.9305293]]],"type":"Polygon"},"id":437,"properties":{"area_m2":3.355,"centroid_lonlat":[-5.9508586,39.9305404],"centroid_px":[175.062,262.812],"confidence":0.6081,"confidence_bucket":"medium","detector_score":null,"eccentricity":0.7626,"equivalent_diameter_m":2.067,"height_m":null,"height_reason":"unavailable","id":437,"low_confidence_reason":null,"perimeter_m":6.522,"shadow_length_m":null,"signals":{"separation":0.4431,"shadow":0.0,"shape":0.9912,"size":0.3134},"solidity":0.8,"touches_edge":false},"type":"Feature"},{"geometry":{"coordinates":[[[-5.9496358,39.9305211],[-5.9496519,39.9305211],[-5.9496653,39.9305314],[-5.9496465,39.9305581],[-5.9496224,39.9305437],[-5.9496224,39.9305314],[-5.9496358,39.9305211]]],"type":"Polygon"},"id":438,"properties":{"area_m2":10.275,"centroid_lonlat":[-5.9496426,39.9305374],"centroid_px":[401.735,263.531],"confidence":0.8455,"confidence_bucket":"high","detector_score":null,"eccentricity":0.5028,"equivalent_diameter_m":3.617,"height_m":null,"height_reason":"unavailable","id":438,"low_confidence_reason":null,"perimeter_m":11.055,"shadow_length_m":null,"signals":{"separation":0.7162,"shadow":0.0,"shape":1.0,"size":0.7895},"solidity":0.9245,"touches_edge":false},"type":"Feature"},{"geometry":{"coordinates":[[[-5.9483698,39.9305252],[-5.9483725,39.9305396],[-5.9483537,39.9305417],[-5.948351,39.9305396],[-5.9483698,39.9305252]]],"type":"Polygon"},"id":439,"properties":{"area_m2":2.097,"centroid_lonlat":[-5.9483644,39.9305355],"centroid_px":[640.0,264.0],"confidence":0.6519,"confidence_bucket":"medium","detector_score":null,"eccentricity":0.8165,"equivalent_diameter_m":1.634,"height_m":null,"height_reason":"unavailable","id":439,"low_confidence_reason":null,"perimeter_m":4.69,"shadow_length_m":null,"signals":{"separation":0.5605,"shadow":0.0,"shape":1.0,"size":0.3255},"solidity":1.0,"touches_edge":false},"type":"Feature"},{"geometry":{"coordinates":[[[-5.9500274,39.9305334],[-5.9500355,39.930552],[-5.9500167,39.930554],[-5.950014,39.9305437],[-5.9500274,39.9305334]]],"type":"Polygon"},"id":440,"properties":{"area_m2":3.355,"centroid_lonlat":[-5.9500254,39.9305455],"centroid_px":[330.375,261.562],"confidence":0.6335,"confidence_bucket":"medium","detector_score":null,"eccentricity":0.6002,"equivalent_diameter_m":2.067,"height_m":null,"height_reason":"unavailable","id":440,"low_confidence_reason":null,"perimeter_m":5.606,"shadow_length_m":null,"signals":{"separation":0.4431,"shadow":0.0,"shape":1.0,"size":0.3842},"solidity":1.0,"touches_edge":false},"type":"Feature"},{"geometry":{"coordinates":[[[-5.9517172,39.9305129],[-5.9517387,39.9305129],[-5.9517521,39.9305232],[-5.9517521,39.9305396],[-5.9517387,39.9305499],[-5.9517172,39.9305499],[-5.9517038,39.9305396],[-5.9517038,39.9305232],[-5.9517172,39.9305129]]],"type":"Polygon"},"id":441,"properties":{"area_m2":14.049,"centroid_lonlat":[-5.951728,39.9305319],"centroid_px":[12.985,264.881],"confidence":0.8107,"confidence_bucket":"high","detector_score":null,"eccentricity":0.2964,"equivalent_diameter_m":4.229,"height_m":null,"height_reason":"unavailable","id":441,"low_confidence_reason":null,"perimeter_m":12.887,"shadow_length_m":null,"signals":{"separation":0.6496,"shadow":0.0,"shape":1.0,"size":0.7445},"solidity":0.971,"touches_edge":false},"type":"Feature"},{"geometry":{"coordinates":[[[-5.9489974,39.9304882],[-5.9490028,39.9305005],[-5.9490135,39.9304882],[-5.9490484,39.9305149],[-5.949043,39.9305478],[-5.9489974,39.9305622],[-5.948984,39.930552],[-5.9489948,39.9305396],[-5.9489787,39.9305149],[-5.948984,39.9304985],[-5.9489974,39.9304882]]],"type":"Polygon"},"id":442,"properties":{"area_m2":34.18,"centroid_lonlat":[-5.9490129,39.9305247],"centroid_px":[519.11,266.62],"confidence":0.4553,"confidence_bucket":"medium","detector_score":null,"eccentricity":0.6682,"equivalent_diameter_m":6.597,"height_m":null,"height_reason":"unavailable","id":442,"low_confidence_reason":null,"perimeter_m":25.996,"shadow_length_m":null,"signals":{"separation":0.6941,"shadow":0.0,"shape":0.6356,"size":0.0},"solidity":0.8956,"touches_edge":false},"type":"Feature"},{"geometry":{"coordinates":[[[-5.948638,39.9305046],[-5.9486648,39.9305046],[-5.9486783,39.9305232],[-5.9486783,39.9305355],[-5.9486434,39.9305499],[-5.9486246,39.9305396],[-5.9486246,39.9305149],[-5.948638,39.9305046]]],"type":"Polygon"},"id":443,"properties":{"area_m2":18.453,"centroid_lonlat":[-5.9486498,39.9305262],"centroid_px":[586.807,266.25],"confidence":0.8573,"confidence_bucket":"high","detector_score":null,"eccentricity":0.3696,"equivalent_diameter_m":4.847,"height_m":null,"height_reason":"unavailable","id":443,"low_confidence_reason":null,"perimeter_m":14.987,"shadow_length_m":null,"signals":{"separation":0.7558,"shadow":0.0,"shape":1.0,"size":0.7877},"solidity":0.9565,"touches_edge":false},"type":"Feature"},{"geometry":{"coordinates":[[[-5.9507516,39.9305088],[-5.9507838,39.9305129],[-5.9507918,39.9305273],[-5.9507731,39.9305376],[-5.9507516,39.9305376],[-5.9507436,39.9305314],[-5.9507436,39.9305149],[-5.9507516,39.9305088]]],"type":"Polygon"},"id":444,"properties":{"area_m2":10.694,"centroid_lonlat":[-5.9507651,39.9305231],"centroid_px":[192.49,267.02],"confidence":0.8874,"confidence_bucket":"high","detector_score":null,"eccentricity":0.6,"equivalent_diameter_m":3.69,"height_m":null,"height_reason":"unavailable","id":444,"low_confidence_reason":null,"perimeter_m":11.212,"shadow_length_m":null,"signals":{"separation":0.702,"shadow":0.0,"shape":1.0,"size":0.9375},"solidity":0.9444,"touches_edge":false},"type":"Feature"},{"geometry":{"coordinates":[[[-5.9505531,39.9305046],[-5.9505773,39.9305149],[-5.9505719,39.9305273],[-5.9505478,39.9305417],[-5.9505343,39.9305232],[-5.9505531,39.9305046]]],"type":"Polygon"},"id":445,"properties":{"area_m2":9.227,"centroid_lonlat":[-5.9505547,39.9305226],"centroid_px":[231.705,267.136],"confidence":0.7777,"confidence_bucket":"high","detector_score":null,"eccentricity":0.7336,"equivalent_diameter_m":3.427,"height_m":null,"height_reason":"unavailable","id":445,"low_confidence_reason":null,"perimeter_m":11.166,"shadow_length_m":null,"signals":{"separation":0.5975,"shadow":0.0,"shape":0.9299,"size":0.7752},"solidity":0.9167,"touches_edge":false},"type":"Feature"},{"geometry":{"coordinates":[[[-5.9498611,39.9305046],[-5.9498826,39.9305046],[-5.949896,39.9305149],[-5.949896,39.9305273],[-5.9498665,39.9305417],[-5.9498477,39.9305314],[-5.9498477,39.9305149],[-5.9498611,39.9305046]]],"type":"Polygon"},"id":446,"properties":{"area_m2":12.791,"centroid_lonlat":[-5.9498707,39.9305214],"centroid_px":[359.213,267.426],"confidence":0.8491,"confidence_bucket":"high","detector_score":null,"eccentricity":0.5167,"equivalent_diameter_m":4.036,"height_m":null,"height_reason":"unavailable","id":446,"low_confidence_reason":null,"perimeter_m":12.239,"shadow_length_m":null,"signals":{"separation":0.6419,"shadow":0.0,"shape":1.0,"size":0.8752},"solidity":0.9531,"touches_edge":false},"type":"Feature"},{"geometry":{"coordinates":[[[-5.9506765,39.9304964],[-5.950698,39.9304964],[-5.9507114,39.9305067],[-5.9507114,39.9305232],[-5.9507033,39.9305293],[-5.9506765,39.9305334],[-5.9506631,39.9305232],[-5.9506631,39.9305067],[-5.9506765,39.9304964]]],"type":"Polygon"},"id":447,"properties":{"area_m2":14.049,"centroid_lonlat":[-5.950687,39.9305144],"centroid_px":[207.045,269.119],"confidence":0.8185,"confidence_bucket":"high","detector_score":null,"eccentricity":0.3148,"equivalent_diameter_m":4.229,"height_m":null,"height_reason":"unavailable","id":447,"low_confidence_reason":null,"perimeter_m":12.508,"shadow_length_m":null,"signals":{"separation":0.6848,"shadow":0.0,"shape":1.0,"size":0.7344},"solidity":0.9853,"touches_edge":false},"type":"Feature"},{"geometry":{"coordinates":[[[-5.9499523,39.9304964],[-5.9499657,39.9305026],[-5.9499711,39.9305149],[-5.9499577,39.9305252],[-5.9499389,39.9305067],[-5.9499523,39.9304964]]],"type":"Polygon"},"id":448,"properties":{"area_m2":5.033,"centroid_lonlat":[-5.9499554,39.93051],"centroid_px":[343.417,270.208],"confidence":0.5465,"confidence_bucket":"medium","detector_score":null,"eccentricity":0.7161,"equivalent_diameter_m":2.531,"height_m":null,"height_reason":"unavailable","id":448,"low_confidence_reason":null,"perimeter_m":7.66,"shadow_length_m":null,"signals":{"separation":0.3618,"shadow":0.0,"shape":1.0,"size":0.187},"solidity":0.9231,"touches_edge":false},"type":"Feature"},{"geometry":{"coordinates":[[[-5.9508374,39.9304841],[-5.9508482,39.9304923],[-5.9508803,39.9304882],[-5.9508884,39.9304944],[-5.9508938,39.9305149],[-5.950875,39.9305376],[-5.9508455,39.9305273],[-5.9508508,39.930519],[-5.9508401,39.9305149],[-5.9508455,39.9304985],[-5.9508348,39.9304902],[-5.9508374,39.9304841]]],"type":"Polygon"},"id":449,"properties":{"area_m2":18.453,"centroid_lonlat":[-5.9508652,39.9305102],"centroid_px":[173.83,270.148],"confidence":0.4777,"confidence_bucket":"medium","detector_score":null,"eccentricity":0.6634,"equivalent_diameter_m":4.847,"height_m":null,"height_reason":"unavailable","id":449,"low_confidence_reason":null,"perimeter_m":18.209,"shadow_length_m":null,"signals":{"separation":0.5344,"shadow":0.0,"shape":0.6994,"size":0.155},"solidity":0.8148,"touches_edge":false},"type":"Feature"},{"geometry":{"coordinates":[[[-5.950816,39.9304717],[-5.9508348,39.9304779],[-5.9508348,39.9304902],[-5.9508455,39.9304985],[-5.9508374,39.9305211],[-5.950816,39.9305211],[-5.9507972,39.9305026],[-5.9507972,39.9304861],[-5.9508106,39.9304841],[-5.950816,39.9304717]]],"type":"Polygon"},"id":450,"properties":{"area_m2":16.146,"centroid_lonlat":[-5.9508212,39.9304984],"centroid_px":[182.026,273.026],"confidence":0.6473,"confidence_bucket":"medium","detector_score":null,"eccentricity":0.7194,"equivalent_diameter_m":4.534,"height_m":null,"height_reason":"unavailable","id":450,"low_confidence_reason":null,"perimeter_m":15.255,"shadow_length_m":null,"signals":{"separation":0.5713,"shadow":0.0,"shape":0.8719,"size":0.454},"solidity":0.9059,"touches_edge":false},"type":"Feature"},{"geometry":{"coordinates":[[[-5.9498182,39.93048],[-5.9498397,39.93048],[-5.9498531,39.9304902],[-5.9498531,39.9305067],[-5.9498397,39.930517],[-5.9498236,39.930517],[-5.9498048,39.9305026],[-5.9498048,39.9304902],[-5.9498182,39.93048]]],"type":"Polygon"},"id":451,"properties":{"area_m2":13.63,"centroid_lonlat":[-5.9498296,39.9304982],"centroid_px":[366.877,273.077],"confidence":0.8916,"confidence_bucket":"high","detector_score":null,"eccentricity":0.4068,"equivalent_diameter_m":4.166,"height_m":null,"height_reason":"unavailable","id":451,"low_confidence_reason":null,"perimeter_m":12.619,"shadow_length_m":null,"signals":{"separation":0.6952,"shadow":0.0,"shape":1.0,"size":0.9578},"solidity":0.9848,"touches_edge":false},"type":"Feature"},{"geometry":{"coordinates":[[[-5.950757,39.9304882],[-5.9507972,39.9304902],[-5.9507892,39.9305211],[-5.9507838,39.9305129],[-5.9507543,39.9305067],[-5.950757,39.9304882]]],"type":"Polygon"},"id":452,"properties":{"area_m2":9.436,"centroid_lonlat":[-5.9507769,39.9305001],"centroid_px":[190.289,272.6],"confidence":0.8074,"confidence_bucket":"high","detector_score":null,"eccentricity":0.6756,"equivalent_diameter_m":3.466,"height_m":null,"height_reason":"unavailable","id":452,"low_confidence_reason":null,"perimeter_m":10.817,"shadow_length_m":null,"signals":{"separation":0.5284,"shadow":0.0,"shape":1.0,"size":0.8551},"solidity":0.8491,"touches_edge":false},"type":"Feature"},{"geometry":{"coordinates":[[[-5.9500167,39.9304758],[-5.9500355,39.9304779],[-5.9500355,39.9305026],[-5.9500274,39.9305088],[-5.9499979,39.9304902],[-5.9500167,39.9304758]]],"type":"Polygon"},"id":453,"properties":{"area_m2":8.178,"centroid_lonlat":[-5.9500209,39.9304911],"centroid_px":[331.205,274.795],"confidence":0.7894,"confidence_bucket":"high","detector_score":null,"eccentricity":0.5751,"equivalent_diameter_m":3.227,"height_m":null,"height_reason":"unavailable","id":453,"low_confidence_reason":null,"perimeter_m":9.76,"shadow_length_m":null,"signals":{"separation":0.5676,"shadow":0.0,"shape":1.0,"size":0.7585},"solidity":1.0,"touches_edge":false},"type":"Feature"},{"geometry":{"coordinates":[[[-5.948284,39.9304635],[-5.9483162,39.9304717],[-5.9483242,39.9304861],[-5.9483135,39.9305026],[-5.9482786,39.9305211],[-5.9482598,39.9305149],[-5.9482491,39.9304902],[-5.9482598,39.9304697],[-5.948284,39.9304635]]],"type":"Polygon"},"id":454,"properties":{"area_m2":28.099,"centroid_lonlat":[-5.9482855,39.9304912],"centroid_px":[654.724,274.776],"confidence":0.6617,"confidence_bucket":"medium","detector_score":null,"eccentricity":0.5392,"equivalent_diameter_m":5.981,"height_m":null,"height_reason":"unavailable","id":454,"low_confidence_reason":null,"perimeter_m":20.168,"shadow_length_m":null,"signals":{"separation":0.7656,"shadow":0.0,"shape":0.8681,"size":0.3101},"solidity":0.9054,"touches_edge":false},"type":"Feature"},{"geometry":{"coordinates":[[[-5.9509823,39.9304429],[-5.9510091,39.9304512],[-5.9510547,39.9304861],[-5.9510601,39.9304985],[-5.9510547,39.9305232],[-5.9510466,39.9305293],[-5.9510252,39.9305293],[-5.9510091,39.9305417],[-5.9509608,39.9305376],[-5.9509099,39.9304944],[-5.9509099,39.9304779],[-5.9509233,39.9304635],[-5.9509286,39.9304676],[-5.9509823,39.9304429]]],"type":"Polygon"},"id":455,"properties":{"area_m2":95.62,"centroid_lonlat":[-5.9509866,39.930495],"centroid_px":[151.189,273.855],"confidence":0.5614,"confidence_bucket":"medium","detector_score":null,"eccentricity":0.6095,"equivalent_diameter_m":11.034,"height_m":null,"height_reason":"unavailable","id":455,"low_confidence_reason":null,"perimeter_m":38.458,"shadow_length_m":null,"signals":{"separation":0.8217,"shadow":0.0,"shape":0.8124,"size":0.0},"solidity":0.9441,"touches_edge":false},"type":"Feature"},{"geometry":{"coordinates":[[[-5.9506014,39.9304676],[-5.9506282,39.9304676],[-5.9506416,39.930482],[-5.9506416,39.9305026],[-5.9506282,39.9305129],[-5.950596,39.9305129],[-5.9505826,39.9305026],[-5.9505826,39.930482],[-5.9506014,39.9304676]]],"type":"Polygon"},"id":456,"properties":{"area_m2":22.018,"centroid_lonlat":[-5.9506125,39.9304908],"centroid_px":[220.933,274.857],"confidence":0.6943,"confidence_bucket":"medium","detector_score":null,"eccentricity":0.2684,"equivalent_diameter_m":5.295,"height_m":null,"height_reason":"unavailable","id":456,"low_confidence_reason":null,"perimeter_m":15.903,"shadow_length_m":null,"signals":{"separation":0.8649,"shadow":0.0,"shape":1.0,"size":0.157},"solidity":0.9906,"touches_edge":false},"type":"Feature"},{"geometry":{"coordinates":[[[-5.9503439,39.93048],[-5.950352,39.9304861],[-5.9503439,39.9305005],[-5.9503305,39.9304902],[-5.9503439,39.93048]]],"type":"Polygon"},"id":457,"properties":{"area_m2":2.516,"centroid_lonlat":[-5.950343,39.9304902],"centroid_px":[271.167,275.0],"confidence":0.6871,"confidence_bucket":"medium","detector_score":null,"eccentricity":0.5563,"equivalent_diameter_m":1.79,"height_m":null,"height_reason":"unavailable","id":457,"low_confidence_reason":null,"perimeter_m":4.801,"shadow_length_m":null,"signals":{"separation":0.5117,"shadow":0.0,"shape":1.0,"size":0.487},"solidity":1.0,"touches_edge":false},"type":"Feature"},{"geometry":{"coordinates":[[[-5.9495929,39.9304553],[-5.9496117,39.9304738],[-5.9496117,39.9304944],[-5.9495983,39.9305088],[-5.9495714,39.9305088],[-5.9495527,39.9304944],[-5.9495473,39.9304615],[-5.9495929,39.9304553]]],"type":"Polygon"},"id":458,"properties":{"area_m2":24.744,"centroid_lonlat":[-5.9495807,39.9304827],"centroid_px":[413.28,276.839],"confidence":0.7073,"confidence_bucket":"high","detector_score":null,"eccentricity":0.5487,"equivalent_diameter_m":5.613,"height_m":null,"height_reason":"unavailable","id":458,"low_confidence_reason":null,"perimeter_m":18.192,"shadow_length_m":null,"signals":{"separation":0.8158,"shadow":0.0,"shape":0.9395,"size":0.3201},"solidity":0.9219,"touches_edge":false},"type":"Feature"},{"geometry":{"coordinates":[[[-5.9508106,39.9304553],[-5.950824,39.9304697],[-5.9508133,39.9304738],[-5.9508106,39.9304841],[-5.9507945,39.9304841],[-5.9507918,39.9304656],[-5.9508052,39.9304635],[-5.9508106,39.9304553]]],"type":"Polygon"},"id":459,"properties":{"area_m2":5.242,"centroid_lonlat":[-5.950805,39.930472],"centroid_px":[185.04,279.44],"confidence":0.7299,"confidence_bucket":"high","detector_score":null,"eccentricity":0.6982,"equivalent_diameter_m":2.584,"height_m":null,"height_reason":"unavailable","id":459,"low_confidence_reason":null,"perimeter_m":7.801,"shadow_length_m":null,"signals":{"separation":0.3545,"shadow":0.0,"shape":1.0,"size":0.7812},"solidity":0.8333,"touches_edge":false},"type":"Feature"},{"geometry":{"coordinates":[[[-5.9501293,39.9304594],[-5.9501615,39.9304594],[-5.9501722,39.9304676],[-5.9501776,39.9304635],[-5.950191,39.9304861],[-5.9501615,39.9305046],[-5.9501508,39.9305005],[-5.9501347,39.9305088],[-5.9501106,39.9304861],[-5.9501293,39.9304594]]],"type":"Polygon"},"id":460,"properties":{"area_m2":26.841,"centroid_lonlat":[-5.9501492,39.930482],"centroid_px":[307.289,277.0],"confidence":0.524,"confidence_bucket":"medium","detector_score":null,"eccentricity":0.6351,"equivalent_diameter_m":5.846,"height_m":null,"height_reason":"unavailable","id":460,"low_confidence_reason":null,"perimeter_m":19.631,"shadow_length_m":null,"signals":{"separation":0.6267,"shadow":0.0,"shape":0.8752,"size":0.0},"solidity":0.9275,"touches_edge":false},"type":"Feature"},{"geometry":{"coordinates":[[[-5.9496787,39.9304512],[-5.9497002,39.9304553],[-5.9497136,39.9304697],[-5.9497029,39.9304985],[-5.9496841,39.9305129],[-5.949668,39.9305088],[-5.9496599,39.9305026],[-5.9496653,39.9304985],[-5.9496492,39.9304902],[-5.9496492,39.9304656],[-5.9496787,39.9304512]]],"type":"Polygon"},"id":461,"properties":{"area_m2":26.212,"centroid_lonlat":[-5.9496811,39.93048],"centroid_px":[394.56,277.488],"confidence":0.5162,"confidence_bucket":"medium","detector_score":null,"eccentricity":0.6351,"equivalent_diameter_m":5.777,"height_m":null,"height_reason":"unavailable","id":461,"low_confidence_reason":null,"perimeter_m":19.899,"shadow_length_m":null,"signals":{"separation":0.6536,"shadow":0.0,"shape":0.8318,"size":0.0},"solidity":0.9058,"touches_edge":false},"type":"Feature"},{"geometry":{"coordinates":[[[-5.9507731,39.9304594],[-5.9507918,39.9304615],[-5.9507945,39.9304882],[-5.9507543,39.9304861],[-5.9507543,39.9304738],[-5.9507731,39.9304594]]],"type":"Polygon"},"id":462,"properties":{"area_m2":8.597,"centroid_lonlat":[-5.9507761,39.9304755],"centroid_px":[190.439,278.585],"confidence":0.7181,"confidence_bucket":"high","detector_score":null,"eccentricity":0.4524,"equivalent_diameter_m":3.309,"height_m":null,"height_reason":"unavailable","id":462,"low_confidence_reason":null,"perimeter_m":11.402,"shadow_length_m":null,"signals":{"separation":0.5536,"shadow":0.0,"shape":0.831,"size":0.7471},"solidity":0.8723,"touches_edge":false},"type":"Feature"},{"geometry":{"coordinates":[[[-5.9502313,39.9304553],[-5.9502608,39.9304615],[-5.9502554,39.9304656],[-5.9502661,39.9304738],[-5.9502661,39.9304902],[-5.9502527,39.9305005],[-5.9502205,39.9305005],[-5.9502071,39.9304902],[-5.9502071,39.9304656],[-5.9502313,39.9304553]]],"type":"Polygon"},"id":463,"properties":{"area_m2":20.969,"centroid_lonlat":[-5.9502354,39.930479],"centroid_px":[291.22,277.73],"confidence":0.719,"confidence_bucket":"high","detector_score":null,"eccentricity":0.2614,"equivalent_diameter_m":5.167,"height_m":null,"height_reason":"unavailable","id":463,"low_confidence_reason":null,"perimeter_m":17.119,"shadow_length_m":null,"signals":{"separation":0.709,"shadow":0.0,"shape":0.8991,"size":0.5129},"solidity":0.9346,"touches_edge":false},"type":"Feature"},{"geometry":{"coordinates":[[[-5.9496251,39.9304594],[-5.9496465,39.9304594],[-5.9496546,39.9304697],[-5.9496465,39.9304964],[-5.9496251,39.9304964],[-5.9496117,39.9304861],[-5.9496117,39.9304697],[-5.9496251,39.9304594]]],"type":"Polygon"},"id":464,"properties":{"area_m2":12.582,"centroid_lonlat":[-5.9496329,39.9304777],"centroid_px":[403.533,278.05],"confidence":0.8893,"confidence_bucket":"high","detector_score":null,"eccentricity":0.5449,"equivalent_diameter_m":4.002,"height_m":null,"height_reason":"unavailable","id":464,"low_confidence_reason":null,"perimeter_m":12.128,"shadow_length_m":null,"signals":{"separation":0.6865,"shadow":0.0,"shape":1.0,"size":0.9591},"solidity":0.9524,"touches_edge":false},"type":"Feature"},{"geometry":{"coordinates":[[[-5.9512344,39.9304265],[-5.9512532,39.9304409],[-5.9512424,39.9304573],[-5.9512532,39.9304656],[-5.9512532,39.930482],[-5.9512398,39.9304923],[-5.9512237,39.9304923],[-5.9511888,39.9304697],[-5.9511888,39.9304615],[-5.9512076,39.9304553],[-5.9512344,39.9304265]]],"type":"Polygon"},"id":465,"properties":{"area_m2":24.534,"centroid_lonlat":[-5.951226,39.9304641],"centroid_px":[106.564,281.35],"confidence":0.7558,"confidence_bucket":"high","detector_score":null,"eccentricity":0.6271,"equivalent_diameter_m":5.589,"height_m":null,"height_reason":"unavailable","id":465,"low_confidence_reason":null,"perimeter_m":20.357,"shadow_length_m":null,"signals":{"separation":0.5908,"shadow":0.0,"shape":0.7439,"size":0.9351},"solidity":0.8931,"touches_edge":false},"type":"Feature"},{"geometry":{"coordinates":[[[-5.950655,39.9304553],[-5.9506792,39.9304697],[-5.9506845,39.930482],[-5.9506711,39.9304923],[-5.9506497,39.9304923],[-5.9506363,39.9304779],[-5.9506363,39.9304656],[-5.950655,39.9304553]]],"type":"Polygon"},"id":466,"properties":{"area_m2":11.953,"centroid_lonlat":[-5.9506587,39.9304755],"centroid_px":[212.316,278.596],"confidence":0.8284,"confidence_bucket":"high","detector_score":null,"eccentricity":0.5217,"equivalent_diameter_m":3.901,"height_m":null,"height_reason":"unavailable","id":466,"low_confidence_reason":null,"perimeter_m":11.971,"shadow_length_m":null,"signals":{"separation":0.664,"shadow":0.0,"shape":1.0,"size":0.7869},"solidity":0.95,"touches_edge":false},"type":"Feature"},{"geometry":{"coordinates":[[[-5.9487024,39.9304512],[-5.9487346,39.9304512],[-5.948748,39.9304615],[-5.9487239,39.9304882],[-5.948697,39.9304923],[-5.948689,39.9304861],[-5.948689,39.9304615],[-5.9487024,39.9304512]]],"type":"Polygon"},"id":467,"properties":{"area_m2":17.195,"centroid_lonlat":[-5.948715,39.9304696],"centroid_px":[574.659,280.024],"confidence":0.874,"confidence_bucket":"high","detector_score":null,"eccentricity":0.6389,"equivalent_diameter_m":4.679,"height_m":null,"height_reason":"unavailable","id":467,"low_confidence_reason":null,"perimeter_m":14.719,"shadow_length_m":null,"signals":{"separation":0.7829,"shadow":0.0,"shape":0.9974,"size":0.8168},"solidity":0.9647,"touches_edge":false},"type":"Feature"},{"geometry":{"coordinates":[[[-5.9504512,39.9304388],[-5.9504887,39.9304429],[-5.9504968,39.9304491],[-5.9505075,39.9304656],[-5.9504834,39.9304882],[-5.9504378,39.9304738],[-5.9504539,39.9304573],[-5.9504512,39.9304388]]],"type":"Polygon"},"id":468,"properties":{"area_m2":18.872,"centroid_lonlat":[-5.9504736,39.9304632],"centroid_px":[246.822,281.567],"confidence":0.4634,"confidence_bucket":"medium","detector_score":null,"eccentricity":0.3716,"equivalent_diameter_m":4.902,"height_m":null,"height_reason":"unavailable","id":468,"low_confidence_reason":null,"perimeter_m":17.862,"shadow_length_m":null,"signals":{"separation":0.5908,"shadow":0.0,"shape":0.7433,"size":0.0},"solidity":0.8108,"touches_edge":false},"type":"Feature"},{"geometry":{"coordinates":[[[-5.9508267,39.9304471],[-5.9508562,39.9304656],[-5.9508428,39.9304758],[-5.9508321,39.9304758],[-5.9508133,39.9304615],[-5.9508267,39.9304471]]],"type":"Polygon"},"id":469,"properties":{"area_m2":6.92,"centroid_lonlat":[-5.9508335,39.9304626],"centroid_px":[179.727,281.727],"confidence":0.8491,"confidence_bucket":"high","detector_score":null,"eccentricity":0.7399,"equivalent_diameter_m":2.968,"height_m":null,"height_reason":"unavailable","id":469,"low_confidence_reason":null,"perimeter_m":8.955,"shadow_length_m":null,"signals":{"separation":0.6171,"shadow":0.0,"shape":1.0,"size":0.9001},"solidity":0.9706,"touches_edge":false},"type":"Feature"},{"geometry":{"coordinates":[[[-5.9504405,39.9304429],[-5.9504539,39.9304573],[-5.9504405,39.9304717],[-5.9504297,39.9304717],[-5.9504163,39.9304656],[-5.9504163,39.9304532],[-5.9504244,39.9304553],[-5.9504405,39.9304429]]],"type":"Polygon"},"id":470,"properties":{"area_m2":6.92,"centroid_lonlat":[-5.9504354,39.9304585],"centroid_px":[253.939,282.727],"confidence":0.7209,"confidence_bucket":"high","detector_score":null,"eccentricity":0.6634,"equivalent_diameter_m":2.968,"height_m":null,"height_reason":"unavailable","id":470,"low_confidence_reason":null,"perimeter_m":9.76,"shadow_length_m":null,"signals":{"separation":0.4363,"shadow":0.0,"shape":0.9129,"size":0.7752},"solidity":0.825,"touches_edge":false},"type":"Feature"},{"geometry":{"coordinates":[[[-5.9495553,39.9304183],[-5.9495714,39.9304388],[-5.9495875,39.9304388],[-5.9495956,39.9304285],[-5.9495983,39.9304553],[-5.9495473,39.9304573],[-5.9495419,39.9304409],[-5.9495553,39.9304183]]],"type":"Polygon"},"id":471,"properties":{"area_m2":13.63,"centroid_lonlat":[-5.9495708,39.930445],"centroid_px":[415.123,286.0],"confidence":0.6123,"confidence_bucket":"medium","detector_score":null,"eccentricity":0.7255,"equivalent_diameter_m":4.166,"height_m":null,"height_reason":"unavailable","id":471,"low_confidence_reason":null,"perimeter_m":15.239,"shadow_length_m":null,"signals":{"separation":0.2198,"shadow":0.0,"shape":0.7376,"size":0.8543},"solidity":0.7143,"touches_edge":false},"type":"Feature"},{"geometry":{"coordinates":[[[-5.9512666,39.9304388],[-5.951288,39.9304429],[-5.9512907,39.9304532],[-5.9512559,39.9304717],[-5.9512424,39.9304573],[-5.9512666,39.9304388]]],"type":"Polygon"},"id":472,"properties":{"area_m2":8.807,"centroid_lonlat":[-5.9512666,39.9304544],"centroid_px":[99.0,283.714],"confidence":0.7423,"confidence_bucket":"high","detector_score":null,"eccentricity":0.687,"equivalent_diameter_m":3.349,"height_m":null,"height_reason":"unavailable","id":472,"low_confidence_reason":null,"perimeter_m":11.245,"shadow_length_m":null,"signals":{"separation":0.6116,"shadow":0.0,"shape":0.8752,"size":0.7134},"solidity":0.8571,"touches_edge":false},"type":"Feature"},{"geometry":{"coordinates":[[[-5.9500006,39.9304347],[-5.950022,39.9304347],[-5.9500355,39.9304491],[-5.950022,39.9304717],[-5.9500006,39.9304717],[-5.9499872,39.9304615],[-5.9499872,39.930445],[-5.9500006,39.9304347]]],"type":"Polygon"},"id":473,"properties":{"area_m2":13.211,"centroid_lonlat":[-5.9500098,39.9304528],"centroid_px":[333.286,284.111],"confidence":0.8021,"confidence_bucket":"high","detector_score":null,"eccentricity":0.3864,"equivalent_diameter_m":4.101,"height_m":null,"height_reason":"unavailable","id":473,"low_confidence_reason":null,"perimeter_m":13.266,"shadow_length_m":null,"signals":{"separation":0.6316,"shadow":0.0,"shape":0.9433,"size":0.8032},"solidity":0.9265,"touches_edge":false},"type":"Feature"},{"geometry":{"coordinates":[[[-5.948815,39.9304265],[-5.9488365,39.9304306],[-5.9488553,39.930445],[-5.9488553,39.9304573],[-5.9488311,39.9304758],[-5.9488097,39.9304758],[-5.9487936,39.9304594],[-5.9487802,39.9304573],[-5.9487963,39.9304327],[-5.948815,39.9304265]]],"type":"Polygon"},"id":474,"properties":{"area_m2":23.695,"centroid_lonlat":[-5.9488206,39.9304516],"centroid_px":[554.965,284.407],"confidence":0.8533,"confidence_bucket":"high","detector_score":null,"eccentricity":0.392,"equivalent_diameter_m":5.493,"height_m":null,"height_reason":"unavailable","id":474,"low_confidence_reason":null,"perimeter_m":17.672,"shadow_length_m":null,"signals":{"separation":0.7457,"shadow":0.0,"shape":0.9534,"size":0.8406},"solidity":0.9262,"touches_edge":false},"type":"Feature"},{"geometry":{"coordinates":[[[-5.9482411,39.9304347],[-5.9482625,39.9304347],[-5.9482759,39.930445],[-5.9482759,39.9304615],[-5.9482571,39.9304717],[-5.9482411,39.9304717],[-5.9482276,39.9304573],[-5.9482276,39.930445],[-5.9482411,39.9304347]]],"type":"Polygon"},"id":475,"properties":{"area_m2":13.84,"centroid_lonlat":[-5.9482522,39.9304527],"centroid_px":[660.924,284.136],"confidence":0.8956,"confidence_bucket":"high","detector_score":null,"eccentricity":0.2334,"equivalent_diameter_m":4.198,"height_m":null,"height_reason":"unavailable","id":475,"low_confidence_reason":null,"perimeter_m":12.508,"shadow_length_m":null,"signals":{"separation":0.7866,"shadow":0.0,"shape":1.0,"size":0.8793},"solidity":0.9706,"touches_edge":false},"type":"Feature"},{"geometry":{"coordinates":[[[-5.9503761,39.9304306],[-5.9504002,39.9304327],[-5.950411,39.930445],[-5.9504083,39.9304594],[-5.9503815,39.9304635],[-5.9503627,39.9304491],[-5.9503761,39.9304306]]],"type":"Polygon"},"id":476,"properties":{"area_m2":11.743,"centroid_lonlat":[-5.9503874,39.930447],"centroid_px":[262.893,285.518],"confidence":0.8799,"confidence_bucket":"high","detector_score":null,"eccentricity":0.571,"equivalent_diameter_m":3.867,"height_m":null,"height_reason":"unavailable","id":476,"low_confidence_reason":null,"perimeter_m":11.592,"shadow_length_m":null,"signals":{"separation":0.6699,"shadow":0.0,"shape":1.0,"size":0.9459},"solidity":0.9655,"touches_edge":false},"type":"Feature"},{"geometry":{"coordinates":[[[-5.9498209,39.9304327],[-5.949845,39.9304224],[-5.9498692,39.930445],[-5.9498557,39.9304594],[-5.9498343,39.9304594],[-5.9498209,39.9304491],[-5.9498316,39.9304409],[-5.9498209,39.9304327]]],"type":"Polygon"},"id":477,"properties":{"area_m2":11.953,"centroid_lonlat":[-5.9498443,39.9304423],"centroid_px":[364.14,286.667],"confidence":0.7642,"confidence_bucket":"high","detector_score":null,"eccentricity":0.5892,"equivalent_diameter_m":3.901,"height_m":null,"height_reason":"unavailable","id":477,"low_confidence_reason":null,"perimeter_m":12.73,"shadow_length_m":null,"signals":{"separation":0.4695,"shadow":0.0,"shape":0.9269,"size":0.8638},"solidity":0.9194,"touches_edge":false},"type":"Feature"},{"geometry":{"coordinates":[[[-5.9487775,39.9304265],[-5.9487963,39.9304327],[-5.9487909,39.9304491],[-5.9487775,39.9304553],[-5.9487534,39.9304409],[-5.9487775,39.9304265]]],"type":"Polygon"},"id":478,"properties":{"area_m2":7.13,"centroid_lonlat":[-5.9487769,39.9304405],"centroid_px":[563.118,287.088],"confidence":0.7698,"confidence_bucket":"high","detector_score":null,"eccentricity":0.6323,"equivalent_diameter_m":3.013,"height_m":null,"height_reason":"unavailable","id":478,"low_confidence_reason":null,"perimeter_m":9.492,"shadow_length_m":null,"signals":{"separation":0.6797,"shadow":0.0,"shape":0.9944,"size":0.5905},"solidity":0.8718,"touches_edge":false},"type":"Feature"},{"geometry":{"coordinates":[[[-5.9486273,39.9304224],[-5.9486595,39.9304224],[-5.9486729,39.9304285],[-5.9486729,39.9304532],[-5.9486595,39.9304635],[-5.9486273,39.9304635],[-5.9486192,39.9304573],[-5.9486139,39.9304327],[-5.9486273,39.9304224]]],"type":"Polygon"},"id":479,"properties":{"area_m2":19.292,"centroid_lonlat":[-5.9486442,39.9304432],"centroid_px":[587.848,286.435],"confidence":0.7289,"confidence_bucket":"high","detector_score":null,"eccentricity":0.4998,"equivalent_diameter_m":4.956,"height_m":null,"height_reason":"unavailable","id":479,"low_confidence_reason":null,"perimeter_m":16.661,"shadow_length_m":null,"signals":{"separation":0.5844,"shadow":0.0,"shape":0.8733,"size":0.7002},"solidity":0.9293,"touches_edge":false},"type":"Feature"},{"geometry":{"coordinates":[[[-5.9483591,39.9304265],[-5.9483832,39.9304285],[-5.9483752,39.9304594],[-5.9483537,39.9304594],[-5.9483403,39.9304491],[-5.9483349,39.9304368],[-5.9483591,39.9304265]]],"type":"Polygon"},"id":480,"properties":{"area_m2":10.485,"centroid_lonlat":[-5.9483611,39.930443],"centroid_px":[640.62,286.48],"confidence":0.7762,"confidence_bucket":"high","detector_score":null,"eccentricity":0.433,"equivalent_diameter_m":3.654,"height_m":null,"height_reason":"unavailable","id":480,"low_confidence_reason":null,"perimeter_m":11.939,"shadow_length_m":null,"signals":{"separation":0.709,"shadow":0.0,"shape":0.9244,"size":0.6655},"solidity":0.8772,"touches_edge":false},"type":"Feature"},{"geometry":{"coordinates":[[[-5.9508696,39.9304265],[-5.950883,39.9304368],[-5.9508696,39.9304512],[-5.9508616,39.930445],[-5.9508696,39.9304265]]],"type":"Polygon"},"id":481,"properties":{"area_m2":3.145,"centroid_lonlat":[-5.9508714,39.930439],"centroid_px":[172.667,287.467],"confidence":0.7324,"confidence_bucket":"high","detector_score":null,"eccentricity":0.7217,"equivalent_diameter_m":2.001,"height_m":null,"height_reason":"unavailable","id":481,"low_confidence_reason":null,"perimeter_m":4.801,"shadow_length_m":null,"signals":{"separation":0.4576,"shadow":0.0,"shape":1.0,"size":0.686},"solidity":0.9375,"touches_edge":false},"type":"Feature"},{"geometry":{"coordinates":[[[-5.9495875,39.9304018],[-5.9496063,39.9304121],[-5.9495902,39.9304368],[-5.9495714,39.9304388],[-5.949558,39.9304244],[-5.9495822,39.9304224],[-5.9495875,39.9304018]]],"type":"Polygon"},"id":482,"properties":{"area_m2":7.339,"centroid_lonlat":[-5.9495835,39.9304227],"centroid_px":[412.743,291.429],"confidence":0.4903,"confidence_bucket":"medium","detector_score":null,"eccentricity":0.878,"equivalent_diameter_m":3.057,"height_m":null,"height_reason":"unavailable","id":482,"low_confidence_reason":null,"perimeter_m":12.223,"shadow_length_m":null,"signals":{"separation":0.0,"shadow":0.0,"shape":0.6173,"size":0.8283},"solidity":0.6863,"touches_edge":false},"type":"Feature"},{"geometry":{"coordinates":[[[-5.9502742,39.9304141],[-5.9502956,39.9304141],[-5.9503037,39.9304203],[-5.9502956,39.9304512],[-5.9502608,39.9304368],[-5.9502554,39.9304244],[-5.9502742,39.9304141]]],"type":"Polygon"},"id":483,"properties":{"area_m2":11.953,"centroid_lonlat":[-5.9502822,39.9304307],"centroid_px":[282.509,289.474],"confidence":0.8328,"confidence_bucket":"high","detector_score":null,"eccentricity":0.4699,"equivalent_diameter_m":3.901,"height_m":null,"height_reason":"unavailable","id":483,"low_confidence_reason":null,"perimeter_m":12.508,"shadow_length_m":null,"signals":{"separation":0.525,"shadow":0.0,"shape":0.9601,"size":0.9879},"solidity":0.9194,"touches_edge":false},"type":"Feature"},{"geometry":{"coordinates":[[[-5.9495392,39.9304183],[-5.9495527,39.9304203],[-5.9495527,39.9304327],[-5.9495392,39.9304429],[-5.9495258,39.9304327],[-5.9495392,39.9304183]]],"type":"Polygon"},"id":484,"properties":{"area_m2":3.984,"centroid_lonlat":[-5.9495409,39.9304298],"centroid_px":[420.684,289.684],"confidence":0.7121,"confidence_bucket":"high","detector_score":null,"eccentricity":0.6797,"equivalent_diameter_m":2.252,"height_m":null,"height_reason":"unavailable","id":484,"low_confidence_reason":null,"perimeter_m":7.012,"shadow_length_m":null,"signals":{"separation":0.4066,"shadow":0.0,"shape":1.0,"size":0.672},"solidity":0.9048,"touches_edge":false},"type":"Feature"},{"geometry":{"coordinates":[[[-5.9491584,39.9304141],[-5.9491825,39.9304244],[-5.9491825,39.9304368],[-5.949153,39.9304512],[-5.9491396,39.9304409],[-5.9491396,39.9304285],[-5.9491584,39.9304141]]],"type":"Polygon"},"id":485,"properties":{"area_m2":10.904,"centroid_lonlat":[-5.9491606,39.9304324],"centroid_px":[491.577,289.058],"confidence":0.9005,"confidence_bucket":"high","detector_score":null,"eccentricity":0.5793,"equivalent_diameter_m":3.726,"height_m":null,"height_reason":"unavailable","id":485,"low_confidence_reason":null,"perimeter_m":11.435,"shadow_length_m":null,"signals":{"separation":0.6952,"shadow":0.0,"shape":1.0,"size":0.9865},"solidity":0.963,"touches_edge":false},"type":"Feature"},{"geometry":{"coordinates":[[[-5.9503224,39.9303936],[-5.950352,39.9304203],[-5.950352,39.9304285],[-5.9503332,39.9304471],[-5.950301,39.9304471],[-5.9503037,39.9304162],[-5.9502929,39.9304039],[-5.9503171,39.9304018],[-5.9503224,39.9303936]]],"type":"Polygon"},"id":486,"properties":{"area_m2":19.082,"centroid_lonlat":[-5.950322,39.9304232],"centroid_px":[275.088,291.297],"confidence":0.4536,"confidence_bucket":"medium","detector_score":null,"eccentricity":0.6198,"equivalent_diameter_m":4.929,"height_m":null,"height_reason":"unavailable","id":486,"low_confidence_reason":null,"perimeter_m":17.94,"shadow_length_m":null,"signals":{"separation":0.5574,"shadow":0.0,"shape":0.745,"size":0.0},"solidity":0.8426,"touches_edge":false},"type":"Feature"},{"geometry":{"coordinates":[[[-5.9496143,39.93041],[-5.9496358,39.93041],[-5.9496492,39.9304244],[-5.9496492,39.9304368],[-5.9496358,39.9304471],[-5.9496036,39.9304512],[-5.9495956,39.9304203],[-5.9496143,39.93041]]],"type":"Polygon"},"id":487,"properties":{"area_m2":16.146,"centroid_lonlat":[-5.9496221,39.9304292],"centroid_px":[405.558,289.831],"confidence":0.8821,"confidence_bucket":"high","detector_score":null,"eccentricity":0.378,"equivalent_diameter_m":4.534,"height_m":null,"height_reason":"unavailable","id":487,"low_confidence_reason":null,"perimeter_m":14.244,"shadow_length_m":null,"signals":{"separation":0.7283,"shadow":0.0,"shape":1.0,"size":0.8944},"solidity":0.9167,"touches_edge":false},"type":"Feature"},{"geometry":{"coordinates":[[[-5.9499469,39.9304059],[-5.9499684,39.9304059],[-5.9499818,39.9304162],[-5.9499818,39.9304327],[-5.9499684,39.9304429],[-5.9499469,39.9304429],[-5.9499335,39.9304327],[-5.9499335,39.9304162],[-5.9499469,39.9304059]]],"type":"Polygon"},"id":488,"properties":{"area_m2":14.469,"centroid_lonlat":[-5.9499577,39.9304244],"centroid_px":[343.0,291.0],"confidence":0.915,"confidence_bucket":"high","detector_score":null,"eccentricity":0.0,"equivalent_diameter_m":4.292,"height_m":null,"height_reason":"unavailable","id":488,"low_confidence_reason":null,"perimeter_m":12.508,"shadow_length_m":null,"signals":{"separation":0.8535,"shadow":0.0,"shape":1.0,"size":0.8744},"solidity":1.0,"touches_edge":false},"type":"Feature"},{"geometry":{"coordinates":[[[-5.9495768,39.9304018],[-5.9495848,39.9304039],[-5.9495848,39.9304203],[-5.9495607,39.9304224],[-5.9495527,39.9304162],[-5.9495768,39.9304018]]],"type":"Polygon"},"id":489,"properties":{"area_m2":4.613,"centroid_lonlat":[-5.9495719,39.9304136],"centroid_px":[414.909,293.636],"confidence":0.7104,"confidence_bucket":"high","detector_score":null,"eccentricity":0.7014,"equivalent_diameter_m":2.424,"height_m":null,"height_reason":"unavailable","id":489,"low_confidence_reason":null,"perimeter_m":7.17,"shadow_length_m":null,"signals":{"separation":0.3779,"shadow":0.0,"shape":1.0,"size":0.6954},"solidity":0.9565,"touches_edge":false},"type":"Feature"},{"geometry":{"coordinates":[[[-5.9484261,39.930408],[-5.948461,39.9304018],[-5.9484744,39.9304203],[-5.9484556,39.9304388],[-5.9484395,39.9304388],[-5.9484261,39.9304285],[-5.9484261,39.930408]]],"type":"Polygon"},"id":490,"properties":{"area_m2":13.211,"centroid_lonlat":[-5.948448,39.9304201],"centroid_px":[624.429,292.063],"confidence":0.8683,"confidence_bucket":"high","detector_score":null,"eccentricity":0.3583,"equivalent_diameter_m":4.101,"height_m":null,"height_reason":"unavailable","id":490,"low_confidence_reason":null,"perimeter_m":12.508,"shadow_length_m":null,"signals":{"separation":0.6316,"shadow":0.0,"shape":1.0,"size":0.9469},"solidity":0.9403,"touches_edge":false},"type":"Feature"},{"geometry":{"coordinates":[[[-5.951229,39.9303607],[-5.9512559,39.9303689],[-5.9513015,39.9304162],[-5.9513015,39.9304285],[-5.9512827,39.9304429],[-5.951272,39.9304429],[-5.9512612,39.9304306],[-5.9512398,39.9304306],[-5.9512103,39.930408],[-5.9512049,39.930371],[-5.951229,39.9303607]]],"type":"Polygon"},"id":491,"properties":{"area_m2":43.826,"centroid_lonlat":[-5.9512517,39.9304022],"centroid_px":[101.775,296.411],"confidence":0.6324,"confidence_bucket":"medium","detector_score":null,"eccentricity":0.8545,"equivalent_diameter_m":7.47,"height_m":null,"height_reason":"unavailable","id":491,"low_confidence_reason":null,"perimeter_m":27.717,"shadow_length_m":null,"signals":{"separation":0.613,"shadow":0.0,"shape":0.7169,"size":0.5503},"solidity":0.8894,"touches_edge":false},"type":"Feature"},{"geometry":{"coordinates":[[[-5.9511861,39.9303524],[-5.9512049,39.9303668],[-5.9512103,39.930408],[-5.9512264,39.9304162],[-5.9512317,39.9304285],[-5.9512103,39.9304532],[-5.9511968,39.9304553],[-5.9511754,39.9304758],[-5.9511432,39.9304553],[-5.9511217,39.9304676],[-5.951103,39.9304409],[-5.951103,39.9304244],[-5.9511191,39.9304121],[-5.9511083,39.9304039],[-5.9511405,39.9303833],[-5.9511593,39.9303607],[-5.9511647,39.9303648],[-5.9511861,39.9303524]]],"type":"Polygon"},"id":492,"properties":{"area_m2":91.636,"centroid_lonlat":[-5.9511668,39.9304174],"centroid_px":[117.597,292.719],"confidence":0.4588,"confidence_bucket":"medium","detector_score":null,"eccentricity":0.634,"equivalent_diameter_m":10.802,"height_m":null,"height_reason":"unavailable","id":492,"low_confidence_reason":null,"perimeter_m":41.964,"shadow_length_m":null,"signals":{"separation":0.6836,"shadow":0.0,"shape":0.6539,"size":0.0},"solidity":0.8758,"touches_edge":false},"type":"Feature"},{"geometry":{"coordinates":[[[-5.9496626,39.9303977],[-5.9496787,39.9303977],[-5.9496975,39.9304121],[-5.9496975,39.9304244],[-5.9496894,39.9304224],[-5.9496787,39.9304347],[-5.9496626,39.9304347],[-5.9496439,39.9304203],[-5.9496626,39.9303977]]],"type":"Polygon"},"id":493,"properties":{"area_m2":13.211,"centroid_lonlat":[-5.9496713,39.9304161],"centroid_px":[396.381,293.032],"confidence":0.8427,"confidence_bucket":"high","detector_score":null,"eccentricity":0.3127,"equivalent_diameter_m":4.101,"height_m":null,"height_reason":"unavailable","id":493,"low_confidence_reason":null,"perimeter_m":13.266,"shadow_length_m":null,"signals":{"separation":0.6316,"shadow":0.0,"shape":0.9433,"size":0.9331},"solidity":0.9403,"touches_edge":false},"type":"Feature"},{"geometry":{"coordinates":[[[-5.9485897,39.9303977],[-5.9486139,39.9304039],[-5.9486139,39.9304203],[-5.9486058,39.9304265],[-5.9485817,39.9304203],[-5.9485763,39.930408],[-5.9485897,39.9303977]]],"type":"Polygon"},"id":494,"properties":{"area_m2":8.178,"centroid_lonlat":[-5.9485973,39.930412],"centroid_px":[596.59,294.026],"confidence":0.7304,"confidence_bucket":"high","detector_score":null,"eccentricity":0.4285,"equivalent_diameter_m":3.227,"height_m":null,"height_reason":"unavailable","id":494,"low_confidence_reason":null,"perimeter_m":9.381,"shadow_length_m":null,"signals":{"separation":0.5676,"shadow":0.0,"shape":1.0,"size":0.5696},"solidity":0.975,"touches_edge":false},"type":"Feature"},{"geometry":{"coordinates":[[[-5.9483323,39.9303936],[-5.9483698,39.9303977],[-5.9483778,39.9304039],[-5.9483778,39.9304244],[-5.9483323,39.9304388],[-5.9483188,39.9304285],[-5.9483188,39.9304039],[-5.9483323,39.9303936]]],"type":"Polygon"},"id":495,"properties":{"area_m2":19.711,"centroid_lonlat":[-5.9483466,39.9304139],"centroid_px":[643.319,293.564],"confidence":0.8142,"confidence_bucket":"high","detector_score":null,"eccentricity":0.5575,"equivalent_diameter_m":5.01,"height_m":null,"height_reason":"unavailable","id":495,"low_confidence_reason":null,"perimeter_m":15.903,"shadow_length_m":null,"signals":{"separation":0.6591,"shadow":0.0,"shape":0.9794,"size":0.771},"solidity":0.9495,"touches_edge":false},"type":"Feature"},{"geometry":{"coordinates":[[[-5.9506819,39.9303895],[-5.950698,39.9303895],[-5.9507275,39.930408],[-5.9507275,39.9304203],[-5.9507141,39.9304347],[-5.9506819,39.9304347],[-5.9506738,39.9304285],[-5.9506792,39.9304203],[-5.9506685,39.9304121],[-5.9506685,39.9303997],[-5.9506819,39.9303895]]],"type":"Polygon"},"id":496,"properties":{"area_m2":19.711,"centroid_lonlat":[-5.9506969,39.9304133],"centroid_px":[205.191,293.713],"confidence":0.7238,"confidence_bucket":"high","detector_score":null,"eccentricity":0.5702,"equivalent_diameter_m":5.01,"height_m":null,"height_reason":"unavailable","id":496,"low_confidence_reason":null,"perimeter_m":16.014,"shadow_length_m":null,"signals":{"separation":0.6591,"shadow":0.0,"shape":0.9659,"size":0.4979},"solidity":0.94,"touches_edge":false},"type":"Feature"},{"geometry":{"coordinates":[[[-5.950242,39.9303977],[-5.9502527,39.9304059],[-5.9502634,39.9304018],[-5.9502661,39.9304162],[-5.9502527,39.9304265],[-5.9502366,39.9304183],[-5.9502259,39.9304265],[-5.9502178,39.9304203],[-5.950242,39.9303977]]],"type":"Polygon"},"id":497,"properties":{"area_m2":7.759,"centroid_lonlat":[-5.9502447,39.9304135],"centroid_px":[289.486,293.649],"confidence":0.7673,"confidence_bucket":"high","detector_score":null,"eccentricity":0.7373,"equivalent_diameter_m":3.143,"height_m":null,"height_reason":"unavailable","id":497,"low_confidence_reason":null,"perimeter_m":9.776,"shadow_length_m":null,"signals":{"separation":0.4121,"shadow":0.0,"shape":1.0,"size":0.8434},"solidity":0.8043,"touches_edge":false},"type":"Feature"},{"geometry":{"coordinates":[[[-5.9516931,39.9303956],[-5.9517226,39.9303895],[-5.951736,39.9303997],[-5.951736,39.9304162],[-5.9517279,39.9304224],[-5.9516931,39.930408],[-5.9516931,39.9303956]]],"type":"Polygon"},"id":498,"properties":{"area_m2":10.065,"centroid_lonlat":[-5.9517159,39.9304045],"centroid_px":[15.25,295.833],"confidence":0.7711,"confidence_bucket":"high","detector_score":null,"eccentricity":0.6675,"equivalent_diameter_m":3.58,"height_m":null,"height_reason":"unavailable","id":498,"low_confidence_reason":null,"perimeter_m":10.944,"shadow_length_m":null,"signals":{"separation":0.5721,"shadow":0.0,"shape":1.0,"size":0.6954},"solidity":0.9231,"touches_edge":false},"type":"Feature"},{"geometry":{"coordinates":[[[-5.9505907,39.9303936],[-5.9506094,39.9304039],[-5.9506148,39.9304203],[-5.9506068,39.9304265],[-5.9505826,39.9304203],[-5.950588,39.9304121],[-5.9505773,39.9303997],[-5.9505907,39.9303936]]],"type":"Polygon"},"id":499,"properties":{"area_m2":7.549,"centroid_lonlat":[-5.9505965,39.9304113],"centroid_px":[223.917,294.194],"confidence":0.6007,"confidence_bucket":"medium","detector_score":null,"eccentricity":0.7775,"equivalent_diameter_m":3.1,"height_m":null,"height_reason":"unavailable","id":499,"low_confidence_reason":null,"perimeter_m":10.408,"shadow_length_m":null,"signals":{"separation":0.2954,"shadow":0.0,"shape":0.8758,"size":0.5759},"solidity":0.8372,"touches_edge":false},"type":"Feature"},{"geometry":{"coordinates":[[[-5.9498718,39.9303854],[-5.949904,39.9303854],[-5.9499121,39.9303915],[-5.9499067,39.9304039],[-5.9499174,39.9304203],[-5.9498987,39.9304306],[-5.9498772,39.9304306],[-5.9498584,39.9304162],[-5.9498718,39.9303854]]],"type":"Polygon"},"id":500,"properties":{"area_m2":19.711,"centroid_lonlat":[-5.9498875,39.9304081],"centroid_px":[356.074,294.979],"confidence":0.6402,"confidence_bucket":"medium","detector_score":null,"eccentricity":0.382,"equivalent_diameter_m":5.01,"height_m":null,"height_reason":"unavailable","id":500,"low_confidence_reason":null,"perimeter_m":16.472,"shadow_length_m":null,"signals":{"separation":0.5781,"shadow":0.0,"shape":0.9129,"size":0.375},"solidity":0.9216,"touches_edge":false},"type":"Feature"},{"geometry":{"coordinates":[[[-5.9483966,39.9303854],[-5.9484181,39.9303854],[-5.9484315,39.9303956],[-5.9484181,39.9304224],[-5.9483966,39.9304224],[-5.9483832,39.9304121],[-5.9483832,39.9303956],[-5.9483966,39.9303854]]],"type":"Polygon"},"id":501,"properties":{"area_m2":14.049,"centroid_lonlat":[-5.9484067,39.9304037],"centroid_px":[632.119,296.045],"confidence":0.8486,"confidence_bucket":"high","detector_score":null,"eccentricity":0.3148,"equivalent_diameter_m":4.229,"height_m":null,"height_reason":"unavailable","id":501,"low_confidence_reason":null,"perimeter_m":12.508,"shadow_length_m":null,"signals":{"separation":0.6848,"shadow":0.0,"shape":1.0,"size":0.8307},"solidity":0.9853,"touches_edge":false},"type":"Feature"},{"geometry":{"coordinates":[[[-5.9482679,39.9303812],[-5.9482893,39.9303812],[-5.9483027,39.9303915],[-5.9483027,39.9304162],[-5.9482893,39.9304265],[-5.9482571,39.9304265],[-5.9482437,39.9304162],[-5.9482437,39.9303915],[-5.9482518,39.9303936],[-5.9482679,39.9303812]]],"type":"Polygon"},"id":502,"properties":{"area_m2":21.808,"centroid_lonlat":[-5.9482741,39.9304047],"centroid_px":[656.846,295.798],"confidence":0.7982,"confidence_bucket":"high","detector_score":null,"eccentricity":0.3883,"equivalent_diameter_m":5.269,"height_m":null,"height_reason":"unavailable","id":502,"low_confidence_reason":null,"perimeter_m":16.55,"shadow_length_m":null,"signals":{"separation":0.7374,"shadow":0.0,"shape":1.0,"size":0.6167},"solidity":0.963,"touches_edge":false},"type":"Feature"},{"geometry":{"coordinates":[[[-5.9517655,39.9303812],[-5.9517869,39.9303812],[-5.9518003,39.9303915],[-5.9518003,39.930408],[-5.9517869,39.9304183],[-5.9517762,39.9304183],[-5.9517521,39.9303997],[-5.9517655,39.9303812]]],"type":"Polygon"},"id":503,"properties":{"area_m2":12.372,"centroid_lonlat":[-5.9517785,39.930398],"centroid_px":[3.576,297.424],"confidence":0.806,"confidence_bucket":"high","detector_score":null,"eccentricity":0.6053,"equivalent_diameter_m":3.969,"height_m":null,"height_reason":"unavailable","id":503,"low_confidence_reason":null,"perimeter_m":12.239,"shadow_length_m":null,"signals":{"separation":0.516,"shadow":0.0,"shape":1.0,"size":0.8632},"solidity":0.9516,"touches_edge":true},"type":"Feature"},{"geometry":{"coordinates":[[[-5.9505424,39.930373],[-5.9505585,39.930373],[-5.9505773,39.9303997],[-5.9505317,39.9304183],[-5.9505129,39.9304039],[-5.9505129,39.9303915],[-5.9505424,39.930373]]],"type":"Polygon"},"id":504,"properties":{"area_m2":17.614,"centroid_lonlat":[-5.9505432,39.9303954],"centroid_px":[233.845,298.048],"confidence":0.7561,"confidence_bucket":"high","detector_score":null,"eccentricity":0.6403,"equivalent_diameter_m":4.736,"height_m":null,"height_reason":"unavailable","id":504,"low_confidence_reason":null,"perimeter_m":15.209,"shadow_length_m":null,"signals":{"separation":0.6973,"shadow":0.0,"shape":0.9569,"size":0.574},"solidity":0.913,"touches_edge":false},"type":"Feature"},{"geometry":{"coordinates":[[[-5.9500167,39.9303689],[-5.9500355,39.9303915],[-5.9500355,39.9304039],[-5.950022,39.9304141],[-5.9500006,39.9304141],[-5.9499872,39.9304039],[-5.9499872,39.9303874],[-5.9500006,39.930373],[-5.9500113,39.9303771],[-5.9500167,39.9303689]]],"type":"Polygon"},"id":505,"properties":{"area_m2":15.308,"centroid_lonlat":[-5.9500111,39.9303943],"centroid_px":[333.041,298.329],"confidence":0.8219,"confidence_bucket":"high","detector_score":null,"eccentricity":0.5084,"equivalent_diameter_m":4.415,"height_m":null,"height_reason":"unavailable","id":505,"low_confidence_reason":null,"perimeter_m":14.261,"shadow_length_m":null,"signals":{"separation":0.748,"shadow":0.0,"shape":0.9459,"size":0.7471},"solidity":0.9359,"touches_edge":false},"type":"Feature"},{"geometry":{"coordinates":[[[-5.9496948,39.9303854],[-5.9497243,39.9303874],[-5.9497243,39.9303997],[-5.9497055,39.9304141],[-5.9496814,39.9303997],[-5.9496948,39.9303854]]],"type":"Polygon"},"id":506,"properties":{"area_m2":8.388,"centroid_lonlat":[-5.9497038,39.930398],"centroid_px":[390.325,297.425],"confidence":0.7772,"confidence_bucket":"high","detector_score":null,"eccentricity":0.5555,"equivalent_diameter_m":3.268,"height_m":null,"height_reason":"unavailable","id":506,"low_confidence_reason":null,"perimeter_m":10.139,"shadow_length_m":null,"signals":{"separation":0.6267,"shadow":0.0,"shape":1.0,"size":0.6603},"solidity":0.9756,"touches_edge":false},"type":"Feature"},{"geometry":{"coordinates":[[[-5.9495071,39.9303771],[-5.9495258,39.9303915],[-5.9495178,39.9304059],[-5.9495071,39.9304059],[-5.9494883,39.9303874],[-5.9495071,39.9303771]]],"type":"Polygon"},"id":507,"properties":{"area_m2":6.5,"centroid_lonlat":[-5.9495086,39.9303926],"centroid_px":[426.71,298.742],"confidence":0.8212,"confidence_bucket":"high","detector_score":null,"eccentricity":0.7035,"equivalent_diameter_m":2.877,"height_m":null,"height_reason":"unavailable","id":507,"low_confidence_reason":null,"perimeter_m":8.576,"shadow_length_m":null,"signals":{"separation":0.6367,"shadow":0.0,"shape":1.0,"size":0.7912},"solidity":0.9394,"touches_edge":false},"type":"Feature"},{"geometry":{"coordinates":[[[-5.9508964,39.9303812],[-5.9509099,39.9303833],[-5.9509125,39.9304018],[-5.9508911,39.9304018],[-5.9508777,39.9303915],[-5.9508964,39.9303812]]],"type":"Polygon"},"id":508,"properties":{"area_m2":5.033,"centroid_lonlat":[-5.9508987,39.9303917],"centroid_px":[167.583,298.958],"confidence":0.7173,"confidence_bucket":"high","detector_score":null,"eccentricity":0.7245,"equivalent_diameter_m":2.531,"height_m":null,"height_reason":"unavailable","id":508,"low_confidence_reason":null,"perimeter_m":8.197,"shadow_length_m":null,"signals":{"separation":0.3618,"shadow":0.0,"shape":0.9413,"size":0.804},"solidity":0.8571,"touches_edge":false},"type":"Feature"},{"geometry":{"coordinates":[[[-5.9500596,39.9303689],[-5.9500784,39.9303874],[-5.9500489,39.9304059],[-5.9500355,39.9303915],[-5.9500596,39.9303689]]],"type":"Polygon"},"id":509,"properties":{"area_m2":7.759,"centroid_lonlat":[-5.9500565,39.9303887],"centroid_px":[324.568,299.676],"confidence":0.6449,"confidence_bucket":"medium","detector_score":null,"eccentricity":0.7647,"equivalent_diameter_m":3.143,"height_m":null,"height_reason":"unavailable","id":509,"low_confidence_reason":null,"perimeter_m":10.061,"shadow_length_m":null,"signals":{"separation":0.4121,"shadow":0.0,"shape":0.9632,"size":0.4958},"solidity":0.9024,"touches_edge":false},"type":"Feature"},{"geometry":{"coordinates":[[[-5.949845,39.930373],[-5.9498611,39.930373],[-5.9498692,39.9303915],[-5.9498557,39.9304059],[-5.9498397,39.93041],[-5.949837,39.9303874],[-5.949845,39.930373]]],"type":"Polygon"},"id":510,"properties":{"area_m2":8.388,"centroid_lonlat":[-5.9498521,39.9303903],"centroid_px":[362.675,299.3],"confidence":0.6556,"confidence_bucket":"medium","detector_score":null,"eccentricity":0.777,"equivalent_diameter_m":3.268,"height_m":null,"height_reason":"unavailable","id":510,"low_confidence_reason":null,"perimeter_m":10.849,"shadow_length_m":null,"signals":{"separation":0.5605,"shadow":0.0,"shape":0.8955,"size":0.4627},"solidity":0.9091,"touches_edge":false},"type":"Feature"},{"geometry":{"coordinates":[[[-5.9495929,39.9303524],[-5.9496519,39.9303524],[-5.9496653,39.9303668],[-5.9496599,39.9303874],[-5.9496304,39.9304059],[-5.949609,39.9304059],[-5.9495956,39.9303956],[-5.9495929,39.9303524]]],"type":"Polygon"},"id":511,"properties":{"area_m2":30.615,"centroid_lonlat":[-5.949626,39.9303764],"centroid_px":[404.836,302.685],"confidence":0.5823,"confidence_bucket":"medium","detector_score":null,"eccentricity":0.3172,"equivalent_diameter_m":6.243,"height_m":null,"height_reason":"unavailable","id":511,"low_confidence_reason":null,"perimeter_m":20.214,"shadow_length_m":null,"signals":{"separation":0.7334,"shadow":0.0,"shape":0.9416,"size":0.0},"solidity":0.9542,"touches_edge":false},"type":"Feature"},{"geometry":{"coordinates":[[[-5.949668,39.9303689],[-5.9496948,39.9303648],[-5.9497082,39.9303833],[-5.949668,39.9303977],[-5.9496599,39.9303792],[-5.949668,39.9303689]]],"type":"Polygon"},"id":512,"properties":{"area_m2":10.065,"centroid_lonlat":[-5.9496813,39.9303809],"centroid_px":[394.521,301.583],"confidence":0.7565,"confidence_bucket":"high","detector_score":null,"eccentricity":0.717,"equivalent_diameter_m":3.58,"height_m":null,"height_reason":"unavailable","id":512,"low_confidence_reason":null,"perimeter_m":11.592,"shadow_length_m":null,"signals":{"separation":0.5117,"shadow":0.0,"shape":0.9413,"size":0.7794},"solidity":0.8889,"touches_edge":false},"type":"Feature"},{"geometry":{"coordinates":[[[-5.9497914,39.930336],[-5.9498128,39.930336],[-5.9498423,39.930371],[-5.9498423,39.9304121],[-5.9497967,39.9304306],[-5.9497699,39.9304141],[-5.9497485,39.9304141],[-5.949735,39.9304039],[-5.949735,39.9303751],[-5.9497538,39.930373],[-5.9497672,39.9303627],[-5.9497726,39.9303463],[-5.9497914,39.930336]]],"type":"Polygon"},"id":513,"properties":{"area_m2":66.263,"centroid_lonlat":[-5.949793,39.9303847],"centroid_px":[373.69,300.649],"confidence":0.4789,"confidence_bucket":"medium","detector_score":null,"eccentricity":0.4595,"equivalent_diameter_m":9.185,"height_m":null,"height_reason":"unavailable","id":513,"low_confidence_reason":null,"perimeter_m":33.434,"shadow_length_m":null,"signals":{"separation":0.6384,"shadow":0.0,"shape":0.7449,"size":0.0},"solidity":0.8852,"touches_edge":false},"type":"Feature"},{"geometry":{"coordinates":[[[-5.9485897,39.9303607],[-5.9486112,39.9303607],[-5.9486246,39.930371],[-5.9486246,39.9303833],[-5.9486005,39.9303977],[-5.9485763,39.9303874],[-5.9485763,39.930371],[-5.9485897,39.9303607]]],"type":"Polygon"},"id":514,"properties":{"area_m2":13.211,"centroid_lonlat":[-5.9485991,39.9303781],"centroid_px":[596.254,302.254],"confidence":0.8697,"confidence_bucket":"high","detector_score":null,"eccentricity":0.4668,"equivalent_diameter_m":4.101,"height_m":null,"height_reason":"unavailable","id":514,"low_confidence_reason":null,"perimeter_m":12.619,"shadow_length_m":null,"signals":{"separation":0.6316,"shadow":0.0,"shape":1.0,"size":0.9515},"solidity":0.9692,"touches_edge":false},"type":"Feature"},{"geometry":{"coordinates":[[[-5.9516904,39.9303566],[-5.9517092,39.9303668],[-5.9517011,39.9303936],[-5.951685,39.9303936],[-5.9516716,39.9303833],[-5.951677,39.9303668],[-5.9516904,39.9303566]]],"type":"Polygon"},"id":515,"properties":{"area_m2":10.065,"centroid_lonlat":[-5.9516916,39.9303763],"centroid_px":[19.771,302.708],"confidence":0.7526,"confidence_bucket":"high","detector_score":null,"eccentricity":0.6442,"equivalent_diameter_m":3.58,"height_m":null,"height_reason":"unavailable","id":515,"low_confidence_reason":null,"perimeter_m":10.676,"shadow_length_m":null,"signals":{"separation":0.5721,"shadow":0.0,"shape":1.0,"size":0.6364},"solidity":0.96,"touches_edge":false},"type":"Feature"},{"geometry":{"coordinates":[[[-5.9509394,39.9303442],[-5.9509689,39.9303504],[-5.9509689,39.930371],[-5.9509501,39.9303936],[-5.9509233,39.9303895],[-5.9509179,39.9304018],[-5.9509099,39.930371],[-5.9509394,39.9303442]]],"type":"Polygon"},"id":516,"properties":{"area_m2":22.018,"centroid_lonlat":[-5.9509401,39.9303707],"centroid_px":[159.867,304.057],"confidence":0.619,"confidence_bucket":"medium","detector_score":null,"eccentricity":0.7201,"equivalent_diameter_m":5.295,"height_m":null,"height_reason":"unavailable","id":516,"low_confidence_reason":null,"perimeter_m":17.561,"shadow_length_m":null,"signals":{"separation":0.6237,"shadow":0.0,"shape":0.8972,"size":0.2805},"solidity":0.8974,"touches_edge":false},"type":"Feature"},{"geometry":{"coordinates":[[[-5.9504244,39.9303483],[-5.9504351,39.9303483],[-5.9504539,39.9303627],[-5.9504539,39.9303751],[-5.9504405,39.9303854],[-5.9504217,39.9303751],[-5.9504271,39.930371],[-5.9504163,39.9303586],[-5.9504244,39.9303483]]],"type":"Polygon"},"id":517,"properties":{"area_m2":8.807,"centroid_lonlat":[-5.9504359,39.9303659],"centroid_px":[253.857,305.238],"confidence":0.7466,"confidence_bucket":"high","detector_score":null,"eccentricity":0.7471,"equivalent_diameter_m":3.349,"height_m":null,"height_reason":"unavailable","id":517,"low_confidence_reason":null,"perimeter_m":10.787,"shadow_length_m":null,"signals":{"separation":0.3868,"shadow":0.0,"shape":0.9511,"size":0.8608},"solidity":0.913,"touches_edge":false},"type":"Feature"},{"geometry":{"coordinates":[[[-5.9517092,39.9303504],[-5.9517494,39.9303442],[-5.9517628,39.9303545],[-5.9517628,39.930371],[-5.9517494,39.9303812],[-5.9517279,39.9303812],[-5.9517145,39.930371],[-5.9517092,39.9303504]]],"type":"Polygon"},"id":518,"properties":{"area_m2":14.888,"centroid_lonlat":[-5.951738,39.9303624],"centroid_px":[11.127,306.085],"confidence":0.8955,"confidence_bucket":"high","detector_score":null,"eccentricity":0.3629,"equivalent_diameter_m":4.354,"height_m":null,"height_reason":"unavailable","id":518,"low_confidence_reason":null,"perimeter_m":13.329,"shadow_length_m":null,"signals":{"separation":0.8414,"shadow":0.0,"shape":1.0,"size":0.8241},"solidity":0.9595,"touches_edge":false},"type":"Feature"},{"geometry":{"coordinates":[[[-5.9513363,39.9303442],[-5.9513578,39.9303442],[-5.9513712,39.9303586],[-5.9513712,39.930371],[-5.9513524,39.9303812],[-5.9513283,39.930371],[-5.9513229,39.9303545],[-5.9513363,39.9303442]]],"type":"Polygon"},"id":519,"properties":{"area_m2":12.582,"centroid_lonlat":[-5.9513485,39.9303617],"centroid_px":[83.733,306.25],"confidence":0.8374,"confidence_bucket":"high","detector_score":null,"eccentricity":0.4736,"equivalent_diameter_m":4.002,"height_m":null,"height_reason":"unavailable","id":519,"low_confidence_reason":null,"perimeter_m":12.239,"shadow_length_m":null,"signals":{"separation":0.6865,"shadow":0.0,"shape":1.0,"size":0.7932},"solidity":0.9231,"touches_edge":false},"type":"Feature"},{"geometry":{"coordinates":[[[-5.9505317,39.9303442],[-5.9505451,39.9303463],[-5.9505558,39.930371],[-5.9505156,39.9303895],[-5.9505129,39.9303586],[-5.9505317,39.9303442]]],"type":"Polygon"},"id":520,"properties":{"area_m2":11.323,"centroid_lonlat":[-5.950533,39.9303653],"centroid_px":[235.759,305.37],"confidence":0.7404,"confidence_bucket":"high","detector_score":null,"eccentricity":0.7565,"equivalent_diameter_m":3.797,"height_m":null,"height_reason":"unavailable","id":520,"low_confidence_reason":null,"perimeter_m":13.456,"shadow_length_m":null,"signals":{"separation":0.4824,"shadow":0.0,"shape":0.7859,"size":0.9438},"solidity":0.8438,"touches_edge":false},"type":"Feature"},{"geometry":{"coordinates":[[[-5.9501481,39.9303545],[-5.9501722,39.9303442],[-5.9501964,39.930371],[-5.950183,39.9303812],[-5.9501615,39.9303812],[-5.9501535,39.9303751],[-5.9501481,39.9303545]]],"type":"Polygon"},"id":521,"properties":{"area_m2":11.533,"centroid_lonlat":[-5.9501702,39.9303639],"centroid_px":[303.382,305.709],"confidence":0.8113,"confidence_bucket":"high","detector_score":null,"eccentricity":0.6812,"equivalent_diameter_m":3.832,"height_m":null,"height_reason":"unavailable","id":521,"low_confidence_reason":null,"perimeter_m":11.971,"shadow_length_m":null,"signals":{"separation":0.478,"shadow":0.0,"shape":1.0,"size":0.9183},"solidity":0.9167,"touches_edge":false},"type":"Feature"},{"geometry":{"coordinates":[[[-5.950022,39.9303442],[-5.9500569,39.9303586],[-5.9500569,39.9303751],[-5.9500381,39.9303895],[-5.950014,39.9303668],[-5.950014,39.9303504],[-5.950022,39.9303442]]],"type":"Polygon"},"id":522,"properties":{"area_m2":12.372,"centroid_lonlat":[-5.950035,39.9303653],"centroid_px":[328.576,305.373],"confidence":0.7885,"confidence_bucket":"high","detector_score":null,"eccentricity":0.7395,"equivalent_diameter_m":3.969,"height_m":null,"height_reason":"unavailable","id":522,"low_confidence_reason":null,"perimeter_m":13.535,"shadow_length_m":null,"signals":{"separation":0.516,"shadow":0.0,"shape":0.8487,"size":0.9888},"solidity":0.9077,"touches_edge":false},"type":"Feature"},{"geometry":{"coordinates":[[[-5.949727,39.9303442],[-5.949735,39.9303504],[-5.9497324,39.9304018],[-5.9497297,39.9303874],[-5.9497216,39.9303812],[-5.9497163,39.9303895],[-5.9496921,39.9303627],[-5.9497216,39.9303524],[-5.949727,39.9303442]]],"type":"Polygon"},"id":523,"properties":{"area_m2":11.533,"centroid_lonlat":[-5.9497198,39.9303695],"centroid_px":[387.345,304.345],"confidence":0.6637,"confidence_bucket":"medium","detector_score":null,"eccentricity":0.739,"equivalent_diameter_m":3.832,"height_m":null,"height_reason":"unavailable","id":523,"low_confidence_reason":null,"perimeter_m":14.702,"shadow_length_m":null,"signals":{"separation":0.478,"shadow":0.0,"shape":0.6705,"size":0.8411},"solidity":0.8209,"touches_edge":false},"type":"Feature"},{"geometry":{"coordinates":[[[-5.9494695,39.9303442],[-5.949491,39.9303442],[-5.9495044,39.9303545],[-5.949491,39.9303812],[-5.9494561,39.930371],[-5.9494561,39.9303586],[-5.9494695,39.9303442]]],"type":"Polygon"},"id":524,"properties":{"area_m2":13.001,"centroid_lonlat":[-5.9494801,39.9303617],"centroid_px":[432.032,306.242],"confidence":0.7702,"confidence_bucket":"high","detector_score":null,"eccentricity":0.268,"equivalent_diameter_m":4.069,"height_m":null,"height_reason":"unavailable","id":524,"low_confidence_reason":null,"perimeter_m":12.887,"shadow_length_m":null,"signals":{"separation":0.6367,"shadow":0.0,"shape":0.9838,"size":0.6475},"solidity":0.9254,"touches_edge":false},"type":"Feature"},{"geometry":{"coordinates":[[[-5.9517869,39.9303401],[-5.9518003,39.9303422],[-5.9517977,39.9303648],[-5.9517816,39.9303524],[-5.9517735,39.9303545],[-5.9517869,39.9303401]]],"type":"Polygon"},"id":525,"properties":{"area_m2":3.984,"centroid_lonlat":[-5.95179,39.9303506],"centroid_px":[1.421,308.947],"confidence":0.5607,"confidence_bucket":"medium","detector_score":null,"eccentricity":0.4978,"equivalent_diameter_m":2.252,"height_m":null,"height_reason":"unavailable","id":525,"low_confidence_reason":null,"perimeter_m":7.17,"shadow_length_m":null,"signals":{"separation":0.5751,"shadow":0.0,"shape":0.974,"size":0.0505},"solidity":0.8261,"touches_edge":true},"type":"Feature"},{"geometry":{"coordinates":[[[-5.9508535,39.9303072],[-5.9508616,39.9303093],[-5.9508589,39.9303195],[-5.9508964,39.9303236],[-5.9509259,39.9303545],[-5.9509099,39.9303792],[-5.950875,39.9303936],[-5.9508294,39.9303792],[-5.9508348,39.9303463],[-5.950824,39.930338],[-5.9508535,39.9303072]]],"type":"Polygon"},"id":526,"properties":{"area_m2":52.214,"centroid_lonlat":[-5.9508717,39.9303531],"centroid_px":[172.606,308.329],"confidence":0.4722,"confidence_bucket":"medium","detector_score":null,"eccentricity":0.4036,"equivalent_diameter_m":8.154,"height_m":null,"height_reason":"unavailable","id":526,"low_confidence_reason":null,"perimeter_m":30.67,"shadow_length_m":null,"signals":{"separation":0.6739,"shadow":0.0,"shape":0.6975,"size":0.0},"solidity":0.8676,"touches_edge":false},"type":"Feature"},{"geometry":{"coordinates":[[[-5.9506443,39.9303483],[-5.9506685,39.9303586],[-5.9506604,39.9303771],[-5.9506497,39.9303771],[-5.9506416,39.9303668],[-5.9506443,39.9303483]]],"type":"Polygon"},"id":527,"properties":{"area_m2":5.242,"centroid_lonlat":[-5.9506529,39.9303619],"centroid_px":[213.4,306.2],"confidence":0.6471,"confidence_bucket":"medium","detector_score":null,"eccentricity":0.8013,"equivalent_diameter_m":2.584,"height_m":null,"height_reason":"unavailable","id":527,"low_confidence_reason":null,"perimeter_m":7.722,"shadow_length_m":null,"signals":{"separation":0.3545,"shadow":0.0,"shape":1.0,"size":0.5161},"solidity":0.8621,"touches_edge":false},"type":"Feature"},{"geometry":{"coordinates":[[[-5.9505799,39.9303113],[-5.9506041,39.9303216],[-5.9506068,39.9303401],[-5.9506416,39.9303504],[-5.9506416,39.9303627],[-5.9506336,39.9303607],[-5.9506175,39.9303771],[-5.9505558,39.930338],[-5.9505558,39.9303216],[-5.9505799,39.9303113]]],"type":"Polygon"},"id":528,"properties":{"area_m2":26.631,"centroid_lonlat":[-5.9505959,39.930343],"centroid_px":[224.031,310.803],"confidence":0.3805,"confidence_bucket":"low","detector_score":null,"eccentricity":0.8898,"equivalent_diameter_m":5.823,"height_m":null,"height_reason":"unavailable","id":528,"low_confidence_reason":"Low confidence: this region is likely two or more merged crowns.","perimeter_m":25.885,"shadow_length_m":null,"signals":{"separation":0.2224,"shadow":0.0,"shape":0.4995,"size":0.3957},"solidity":0.8355,"touches_edge":false},"type":"Feature"},{"geometry":{"coordinates":[[[-5.9499845,39.9303401],[-5.9500059,39.9303401],[-5.950014,39.9303463],[-5.9500113,39.930373],[-5.9499845,39.9303771],[-5.9499711,39.9303668],[-5.9499711,39.9303504],[-5.9499845,39.9303401]]],"type":"Polygon"},"id":529,"properties":{"area_m2":12.582,"centroid_lonlat":[-5.9499939,39.930358],"centroid_px":[336.25,307.15],"confidence":0.8815,"confidence_bucket":"high","detector_score":null,"eccentricity":0.4874,"equivalent_diameter_m":4.002,"height_m":null,"height_reason":"unavailable","id":529,"low_confidence_reason":null,"perimeter_m":12.508,"shadow_length_m":null,"signals":{"separation":0.6865,"shadow":0.0,"shape":1.0,"size":0.9344},"solidity":0.9524,"touches_edge":false},"type":"Feature"},{"geometry":{"coordinates":[[[-5.949786,39.9303278],[-5.9497887,39.930338],[-5.9497726,39.9303463],[-5.9497672,39.9303627],[-5.9497538,39.930373],[-5.9497377,39.930373],[-5.9497297,39.9303422],[-5.9497431,39.9303319],[-5.949786,39.9303278]]],"type":"Polygon"},"id":530,"properties":{"area_m2":14.888,"centroid_lonlat":[-5.949755,39.9303492],"centroid_px":[380.789,309.296],"confidence":0.6907,"confidence_bucket":"medium","detector_score":null,"eccentricity":0.7704,"equivalent_diameter_m":4.354,"height_m":null,"height_reason":"unavailable","id":530,"low_confidence_reason":null,"perimeter_m":15.255,"shadow_length_m":null,"signals":{"separation":0.4704,"shadow":0.0,"shape":0.8039,"size":0.7752},"solidity":0.8452,"touches_edge":false},"type":"Feature"},{"geometry":{"coordinates":[[[-5.9485307,39.9303113],[-5.9485629,39.9303401],[-5.9485817,39.930338],[-5.9485763,39.9303627],[-5.9485468,39.9303812],[-5.9485254,39.9303812],[-5.9485173,39.9303751],[-5.9485173,39.9303463],[-5.9484959,39.9303257],[-5.9485039,39.9303154],[-5.9485093,39.9303195],[-5.9485307,39.9303113]]],"type":"Polygon"},"id":531,"properties":{"area_m2":32.293,"centroid_lonlat":[-5.9485394,39.9303477],"centroid_px":[607.383,309.649],"confidence":0.405,"confidence_bucket":"low","detector_score":null,"eccentricity":0.7512,"equivalent_diameter_m":6.412,"height_m":null,"height_reason":"unavailable","id":531,"low_confidence_reason":"Low confidence: this crown is far larger or smaller than its neighbours, so it is likely merged with, or split from, another crown.","perimeter_m":24.969,"shadow_length_m":null,"signals":{"separation":0.515,"shadow":0.0,"shape":0.6509,"size":0.0},"solidity":0.8105,"touches_edge":false},"type":"Feature"},{"geometry":{"coordinates":[[[-5.9496734,39.930299],[-5.9496975,39.9303093],[-5.9497136,39.9303422],[-5.9497243,39.9303463],[-5.9497216,39.9303524],[-5.949668,39.9303689],[-5.9496519,39.9303524],[-5.9495902,39.9303504],[-5.9496009,39.9303422],[-5.9495848,39.9303298],[-5.9495848,39.9303216],[-5.9496036,39.9303072],[-5.9496197,39.9303031],[-5.9496573,39.9303113],[-5.9496734,39.930299]]],"type":"Polygon"},"id":532,"properties":{"area_m2":57.875,"centroid_lonlat":[-5.9496545,39.9303328],"centroid_px":[399.514,313.264],"confidence":0.3671,"confidence_bucket":"low","detector_score":null,"eccentricity":0.8249,"equivalent_diameter_m":8.584,"height_m":null,"height_reason":"unavailable","id":532,"low_confidence_reason":"Low confidence: this crown is far larger or smaller than its neighbours, so it is likely merged with, or split from, another crown.","perimeter_m":34.16,"shadow_length_m":null,"signals":{"separation":0.4268,"shadow":0.0,"shape":0.6233,"size":0.0},"solidity":0.8288,"touches_edge":false},"type":"Feature"},{"geometry":{"coordinates":[[[-5.9490699,39.9303422],[-5.9490886,39.930336],[-5.9490967,39.9303422],[-5.9490779,39.9303483],[-5.9490699,39.9303422]]],"type":"Polygon"},"id":533,"properties":{"area_m2":1.887,"centroid_lonlat":[-5.9490833,39.9303422],"centroid_px":[506.0,311.0],"confidence":0.581,"confidence_bucket":"medium","detector_score":null,"eccentricity":0.8452,"equivalent_diameter_m":1.55,"height_m":null,"height_reason":"unavailable","id":533,"low_confidence_reason":null,"perimeter_m":3.886,"shadow_length_m":null,"signals":{"separation":0.0,"shadow":0.0,"shape":1.0,"size":0.6591},"solidity":0.8182,"touches_edge":false},"type":"Feature"},{"geometry":{"coordinates":[[[-5.950757,39.9303154],[-5.9507972,39.930338],[-5.9507892,39.9303524],[-5.9507731,39.9303566],[-5.9507489,39.9303463],[-5.9507543,39.9303422],[-5.9507436,39.9303257],[-5.950757,39.9303154]]],"type":"Polygon"},"id":534,"properties":{"area_m2":13.42,"centroid_lonlat":[-5.9507695,39.9303373],"centroid_px":[191.656,312.188],"confidence":0.7751,"confidence_bucket":"high","detector_score":null,"eccentricity":0.7281,"equivalent_diameter_m":4.134,"height_m":null,"height_reason":"unavailable","id":534,"low_confidence_reason":null,"perimeter_m":14.025,"shadow_length_m":null,"signals":{"separation":0.4954,"shadow":0.0,"shape":0.8574,"size":0.956},"solidity":0.9143,"touches_edge":false},"type":"Feature"},{"geometry":{"coordinates":[[[-5.9500194,39.9303298],[-5.9500435,39.9303195],[-5.9500623,39.930338],[-5.9500489,39.9303524],[-5.9500194,39.9303422],[-5.9500194,39.9303298]]],"type":"Polygon"},"id":535,"properties":{"area_m2":9.436,"centroid_lonlat":[-5.95004,39.9303359],"centroid_px":[327.644,312.533],"confidence":0.8222,"confidence_bucket":"high","detector_score":null,"eccentricity":0.5678,"equivalent_diameter_m":3.466,"height_m":null,"height_reason":"unavailable","id":535,"low_confidence_reason":null,"perimeter_m":10.408,"shadow_length_m":null,"signals":{"separation":0.7473,"shadow":0.0,"shape":1.0,"size":0.6836},"solidity":0.9375,"touches_edge":false},"type":"Feature"},{"geometry":{"coordinates":[[[-5.951685,39.9302002],[-5.9517011,39.9302126],[-5.9517118,39.9302044],[-5.9517494,39.9302331],[-5.9517843,39.9302311],[-5.9517843,39.9302681],[-5.9517708,39.9302784],[-5.9517601,39.9302702],[-5.9517413,39.930301],[-5.951744,39.9303442],[-5.9517065,39.9303483],[-5.9516984,39.9303339],[-5.9517145,39.9303134],[-5.9516796,39.9302907],[-5.9516689,39.9302949],[-5.9516609,39.9302887],[-5.9516716,39.9302763],[-5.9516636,39.9302702],[-5.9516475,39.9302784],[-5.9516233,39.9302558],[-5.9516287,39.930227],[-5.9516421,39.9302167],[-5.9516582,39.9302167],[-5.9516689,39.9302249],[-5.951685,39.9302002]]],"type":"Polygon"},"id":536,"properties":{"area_m2":119.316,"centroid_lonlat":[-5.9517069,39.9302642],"centroid_px":[16.926,329.949],"confidence":0.1635,"confidence_bucket":"low","detector_score":null,"eccentricity":0.6369,"equivalent_diameter_m":12.325,"height_m":null,"height_reason":"unavailable","id":536,"low_confidence_reason":"Low confidence: this crown is far larger or smaller than its neighbours, so it is likely merged with, or split from, another crown.","perimeter_m":63.316,"shadow_length_m":null,"signals":{"separation":0.0743,"shadow":0.0,"shape":0.374,"size":0.0},"solidity":0.7597,"touches_edge":false},"type":"Feature"},{"geometry":{"coordinates":[[[-5.9509447,39.9303154],[-5.9509635,39.9303216],[-5.9509715,39.9303483],[-5.9509367,39.9303422],[-5.950942,39.930338],[-5.9509313,39.9303257],[-5.9509447,39.9303154]]],"type":"Polygon"},"id":537,"properties":{"area_m2":8.388,"centroid_lonlat":[-5.9509517,39.9303323],"centroid_px":[157.7,313.4],"confidence":0.7143,"confidence_bucket":"high","detector_score":null,"eccentricity":0.7663,"equivalent_diameter_m":3.268,"height_m":null,"height_reason":"unavailable","id":537,"low_confidence_reason":null,"perimeter_m":11.229,"shadow_length_m":null,"signals":{"separation":0.3963,"shadow":0.0,"shape":0.836,"size":0.8862},"solidity":0.8696,"touches_edge":false},"type":"Feature"},{"geometry":{"coordinates":[[[-5.9506175,39.9303072],[-5.950655,39.9303072],[-5.9506685,39.9303175],[-5.9506604,39.9303483],[-5.9506389,39.9303483],[-5.9506255,39.930338],[-5.9506175,39.9303072]]],"type":"Polygon"},"id":538,"properties":{"area_m2":14.888,"centroid_lonlat":[-5.9506451,39.9303269],"centroid_px":[214.845,314.718],"confidence":0.7596,"confidence_bucket":"high","detector_score":null,"eccentricity":0.6275,"equivalent_diameter_m":4.354,"height_m":null,"height_reason":"unavailable","id":538,"low_confidence_reason":null,"perimeter_m":14.987,"shadow_length_m":null,"signals":{"separation":0.6311,"shadow":0.0,"shape":0.833,"size":0.8001},"solidity":0.8875,"touches_edge":false},"type":"Feature"},{"geometry":{"coordinates":[[[-5.9503385,39.9303113],[-5.9503627,39.9303298],[-5.9503546,39.9303483],[-5.9503251,39.9303298],[-5.9503385,39.9303113]]],"type":"Polygon"},"id":539,"properties":{"area_m2":7.339,"centroid_lonlat":[-5.9503454,39.9303302],"centroid_px":[270.714,313.914],"confidence":0.7809,"confidence_bucket":"high","detector_score":null,"eccentricity":0.815,"equivalent_diameter_m":3.057,"height_m":null,"height_reason":"unavailable","id":539,"low_confidence_reason":null,"perimeter_m":9.871,"shadow_length_m":null,"signals":{"separation":0.5992,"shadow":0.0,"shape":0.9465,"size":0.7639},"solidity":0.9459,"touches_edge":false},"type":"Feature"},{"geometry":{"coordinates":[[[-5.9484932,39.9303195],[-5.9485066,39.9303339],[-5.9484985,39.9303442],[-5.9484851,39.930338],[-5.9484932,39.9303195]]],"type":"Polygon"},"id":540,"properties":{"area_m2":3.355,"centroid_lonlat":[-5.9484945,39.9303334],"centroid_px":[615.75,313.125],"confidence":0.7059,"confidence_bucket":"high","detector_score":null,"eccentricity":0.79,"equivalent_diameter_m":2.067,"height_m":null,"height_reason":"unavailable","id":540,"low_confidence_reason":null,"perimeter_m":5.796,"shadow_length_m":null,"signals":{"separation":0.4431,"shadow":0.0,"shape":1.0,"size":0.6158},"solidity":0.9412,"touches_edge":false},"type":"Feature"},{"geometry":{"coordinates":[[[-5.9486488,39.9303154],[-5.9486595,39.9303154],[-5.9486675,39.9303257],[-5.9486595,39.9303401],[-5.9486461,39.9303298],[-5.9486488,39.9303154]]],"type":"Polygon"},"id":541,"properties":{"area_m2":3.774,"centroid_lonlat":[-5.9486565,39.9303266],"centroid_px":[585.556,314.778],"confidence":0.7322,"confidence_bucket":"high","detector_score":null,"eccentricity":0.8061,"equivalent_diameter_m":2.192,"height_m":null,"height_reason":"unavailable","id":541,"low_confidence_reason":null,"perimeter_m":6.254,"shadow_length_m":null,"signals":{"separation":0.4178,"shadow":0.0,"shape":1.0,"size":0.7252},"solidity":0.9474,"touches_edge":false},"type":"Feature"},{"geometry":{"coordinates":[[[-5.9486809,39.9302743],[-5.948697,39.9302825],[-5.9487024,39.9302784],[-5.9487185,39.9302949],[-5.9487346,39.9302907],[-5.9487641,39.9303051],[-5.9487534,39.9303134],[-5.9487587,39.9303257],[-5.948748,39.930338],[-5.9487399,39.9303442],[-5.9487292,39.9303401],[-5.9487024,39.9303607],[-5.9486729,39.9303504],[-5.9486622,39.9303175],[-5.9486407,39.9303093],[-5.9486809,39.9302743]]],"type":"Polygon"},"id":542,"properties":{"area_m2":57.456,"centroid_lonlat":[-5.9487021,39.9303167],"centroid_px":[577.058,317.182],"confidence":0.4436,"confidence_bucket":"low","detector_score":null,"eccentricity":0.5004,"equivalent_diameter_m":8.553,"height_m":null,"height_reason":"unavailable","id":542,"low_confidence_reason":"Low confidence: this crown is far larger or smaller than its neighbours, so it is likely merged with, or split from, another crown.","perimeter_m":33.009,"shadow_length_m":null,"signals":{"separation":0.6244,"shadow":0.0,"shape":0.6627,"size":0.0},"solidity":0.8644,"touches_edge":false},"type":"Feature"},{"geometry":{"coordinates":[[[-5.9507194,39.9302949],[-5.9507436,39.9303051],[-5.9507436,39.9303216],[-5.9507301,39.9303278],[-5.9507087,39.9303278],[-5.9506953,39.9303175],[-5.9507194,39.9302949]]],"type":"Polygon"},"id":543,"properties":{"area_m2":10.065,"centroid_lonlat":[-5.9507227,39.9303127],"centroid_px":[200.396,318.167],"confidence":0.766,"confidence_bucket":"high","detector_score":null,"eccentricity":0.5881,"equivalent_diameter_m":3.58,"height_m":null,"height_reason":"unavailable","id":543,"low_confidence_reason":null,"perimeter_m":11.703,"shadow_length_m":null,"signals":{"separation":0.5117,"shadow":0.0,"shape":0.9235,"size":0.8314},"solidity":0.8889,"touches_edge":false},"type":"Feature"},{"geometry":{"coordinates":[[[-5.9504405,39.9302907],[-5.9504619,39.9302907],[-5.9504753,39.930301],[-5.9504753,39.9303175],[-5.9504673,39.9303236],[-5.9504566,39.9303236],[-5.9504271,39.9303051],[-5.9504405,39.9302907]]],"type":"Polygon"},"id":544,"properties":{"area_m2":10.275,"centroid_lonlat":[-5.9504549,39.9303058],"centroid_px":[250.306,319.837],"confidence":0.8844,"confidence_bucket":"high","detector_score":null,"eccentricity":0.656,"equivalent_diameter_m":3.617,"height_m":null,"height_reason":"unavailable","id":544,"low_confidence_reason":null,"perimeter_m":11.703,"shadow_length_m":null,"signals":{"separation":0.7162,"shadow":0.0,"shape":0.9428,"size":0.9827},"solidity":0.9245,"touches_edge":false},"type":"Feature"},{"geometry":{"coordinates":[[[-5.9517547,39.9302866],[-5.9517816,39.9302907],[-5.951795,39.930301],[-5.951795,39.9303134],[-5.9517816,39.9303236],[-5.9517494,39.9303236],[-5.9517413,39.9303175],[-5.9517413,39.930301],[-5.9517547,39.9302866]]],"type":"Polygon"},"id":545,"properties":{"area_m2":14.888,"centroid_lonlat":[-5.9517674,39.9303073],"centroid_px":[5.648,319.479],"confidence":0.8297,"confidence_bucket":"high","detector_score":null,"eccentricity":0.5593,"equivalent_diameter_m":4.354,"height_m":null,"height_reason":"unavailable","id":545,"low_confidence_reason":null,"perimeter_m":13.234,"shadow_length_m":null,"signals":{"separation":0.6311,"shadow":0.0,"shape":1.0,"size":0.8241},"solidity":0.9595,"touches_edge":false},"type":"Feature"},{"geometry":{"coordinates":[[[-5.9508187,39.9303051],[-5.9508535,39.9302907],[-5.9508616,39.9303051],[-5.9508267,39.9303236],[-5.9508187,39.9303051]]],"type":"Polygon"},"id":546,"properties":{"area_m2":8.807,"centroid_lonlat":[-5.9508391,39.9303066],"centroid_px":[178.69,319.643],"confidence":0.7905,"confidence_bucket":"high","detector_score":null,"eccentricity":0.8266,"equivalent_diameter_m":3.349,"height_m":null,"height_reason":"unavailable","id":546,"low_confidence_reason":null,"perimeter_m":10.676,"shadow_length_m":null,"signals":{"separation":0.3868,"shadow":0.0,"shape":0.971,"size":0.9775},"solidity":0.9333,"touches_edge":false},"type":"Feature"},{"geometry":{"coordinates":[[[-5.9505048,39.9302825],[-5.950529,39.9302846],[-5.9505397,39.9303093],[-5.9505317,39.9303236],[-5.9504941,39.9303278],[-5.9504807,39.9303175],[-5.9504807,39.9302928],[-5.9505048,39.9302825]]],"type":"Polygon"},"id":547,"properties":{"area_m2":20.969,"centroid_lonlat":[-5.9505089,39.9303055],"centroid_px":[240.24,319.9],"confidence":0.6961,"confidence_bucket":"medium","detector_score":null,"eccentricity":0.1447,"equivalent_diameter_m":5.167,"height_m":null,"height_reason":"unavailable","id":547,"low_confidence_reason":null,"perimeter_m":16.171,"shadow_length_m":null,"signals":{"separation":0.709,"shadow":0.0,"shape":1.0,"size":0.3185},"solidity":0.9524,"touches_edge":false},"type":"Feature"},{"geometry":{"coordinates":[[[-5.9501669,39.9302907],[-5.9501803,39.9302969],[-5.9501803,39.9303134],[-5.9501669,39.9303236],[-5.9501535,39.9303093],[-5.9501669,39.9302907]]],"type":"Polygon"},"id":548,"properties":{"area_m2":6.081,"centroid_lonlat":[-5.9501678,39.9303061],"centroid_px":[303.828,319.759],"confidence":0.6885,"confidence_bucket":"medium","detector_score":null,"eccentricity":0.7541,"equivalent_diameter_m":2.783,"height_m":null,"height_reason":"unavailable","id":548,"low_confidence_reason":null,"perimeter_m":8.197,"shadow_length_m":null,"signals":{"separation":0.6583,"shadow":0.0,"shape":1.0,"size":0.345},"solidity":0.9667,"touches_edge":false},"type":"Feature"},{"geometry":{"coordinates":[[[-5.9482732,39.9302702],[-5.9482813,39.9302722],[-5.9482759,39.9302805],[-5.9482893,39.9302825],[-5.9482974,39.9302928],[-5.9482867,39.930301],[-5.9482867,39.9303257],[-5.9482571,39.9303278],[-5.9482357,39.9303401],[-5.9482169,39.9303134],[-5.9482411,39.9303113],[-5.9482437,39.9302928],[-5.9482732,39.9302702]]],"type":"Polygon"},"id":549,"properties":{"area_m2":24.954,"centroid_lonlat":[-5.9482617,39.9303069],"centroid_px":[659.151,319.563],"confidence":0.4952,"confidence_bucket":"medium","detector_score":null,"eccentricity":0.8184,"equivalent_diameter_m":5.637,"height_m":null,"height_reason":"unavailable","id":549,"low_confidence_reason":null,"perimeter_m":24.368,"shadow_length_m":null,"signals":{"separation":0.4874,"shadow":0.0,"shape":0.5281,"size":0.4634},"solidity":0.7438,"touches_edge":false},"type":"Feature"},{"geometry":{"coordinates":[[[-5.9506148,39.9302969],[-5.9506389,39.9302866],[-5.9506577,39.930301],[-5.9506389,39.9303113],[-5.9506175,39.9303072],[-5.9506148,39.9302969]]],"type":"Polygon"},"id":550,"properties":{"area_m2":6.71,"centroid_lonlat":[-5.9506344,39.9302991],"centroid_px":[216.844,321.469],"confidence":0.7111,"confidence_bucket":"high","detector_score":null,"eccentricity":0.673,"equivalent_diameter_m":2.923,"height_m":null,"height_reason":"unavailable","id":550,"low_confidence_reason":null,"perimeter_m":8.844,"shadow_length_m":null,"signals":{"separation":0.4431,"shadow":0.0,"shape":1.0,"size":0.6325},"solidity":0.9412,"touches_edge":false},"type":"Feature"},{"geometry":{"coordinates":[[[-5.9497324,39.9302784],[-5.9497592,39.9302784],[-5.9497726,39.9302928],[-5.9497645,39.9303236],[-5.9497324,39.9303236],[-5.949719,39.9303134],[-5.949719,39.9302887],[-5.9497324,39.9302784]]],"type":"Polygon"},"id":551,"properties":{"area_m2":19.292,"centroid_lonlat":[-5.9497442,39.9303013],"centroid_px":[382.793,320.924],"confidence":0.6963,"confidence_bucket":"medium","detector_score":null,"eccentricity":0.5601,"equivalent_diameter_m":4.956,"height_m":null,"height_reason":"unavailable","id":551,"low_confidence_reason":null,"perimeter_m":15.523,"shadow_length_m":null,"signals":{"separation":0.7392,"shadow":0.0,"shape":1.0,"size":0.2889},"solidity":0.9583,"touches_edge":false},"type":"Feature"},{"geometry":{"coordinates":[[[-5.949617,39.930301],[-5.9496358,39.9302949],[-5.9496439,39.930301],[-5.9496251,39.9303072],[-5.949617,39.930301]]],"type":"Polygon"},"id":552,"properties":{"area_m2":2.307,"centroid_lonlat":[-5.9496304,39.930301],"centroid_px":[404.0,321.0],"confidence":0.7332,"confidence_bucket":"high","detector_score":null,"eccentricity":0.7559,"equivalent_diameter_m":1.714,"height_m":null,"height_reason":"unavailable","id":552,"low_confidence_reason":null,"perimeter_m":4.422,"shadow_length_m":null,"signals":{"separation":0.5344,"shadow":0.0,"shape":1.0,"size":0.6117},"solidity":1.0,"touches_edge":false},"type":"Feature"},{"geometry":{"coordinates":[[[-5.9483591,39.9302537],[-5.9483805,39.9302661],[-5.9483913,39.9302578],[-5.948402,39.9302661],[-5.9484181,39.9302578],[-5.9484315,39.9302681],[-5.9484315,39.9302805],[-5.9484208,39.9302887],[-5.9484261,39.9302928],[-5.9484047,39.9303093],[-5.94841,39.9303134],[-5.948402,39.9303195],[-5.9483618,39.9303093],[-5.948351,39.9302928],[-5.9483564,39.9302763],[-5.9483457,39.9302681],[-5.9483591,39.9302537]]],"type":"Polygon"},"id":553,"properties":{"area_m2":35.648,"centroid_lonlat":[-5.9483878,39.930285],"centroid_px":[635.653,324.9],"confidence":0.4801,"confidence_bucket":"medium","detector_score":null,"eccentricity":0.307,"equivalent_diameter_m":6.737,"height_m":null,"height_reason":"unavailable","id":553,"low_confidence_reason":null,"perimeter_m":26.487,"shadow_length_m":null,"signals":{"separation":0.5605,"shadow":0.0,"shape":0.6385,"size":0.2095},"solidity":0.85,"touches_edge":false},"type":"Feature"},{"geometry":{"coordinates":[[[-5.9500113,39.9302578],[-5.9500194,39.9302722],[-5.9500113,39.9302907],[-5.9499791,39.9302907],[-5.9499657,39.9302805],[-5.9499791,39.9302661],[-5.9500113,39.9302578]]],"type":"Polygon"},"id":554,"properties":{"area_m2":11.323,"centroid_lonlat":[-5.9499955,39.9302762],"centroid_px":[335.944,327.037],"confidence":0.764,"confidence_bucket":"high","detector_score":null,"eccentricity":0.7082,"equivalent_diameter_m":3.797,"height_m":null,"height_reason":"unavailable","id":554,"low_confidence_reason":null,"perimeter_m":12.792,"shadow_length_m":null,"signals":{"separation":0.4824,"shadow":0.0,"shape":0.8696,"size":0.9188},"solidity":0.871,"touches_edge":false},"type":"Feature"},{"geometry":{"coordinates":[[[-5.9498289,39.9302619],[-5.9498504,39.9302619],[-5.9498638,39.9302722],[-5.9498584,39.9302887],[-5.949845,39.930299],[-5.9498289,39.930299],[-5.9498155,39.9302887],[-5.9498155,39.9302722],[-5.9498289,39.9302619]]],"type":"Polygon"},"id":555,"properties":{"area_m2":13.42,"centroid_lonlat":[-5.9498382,39.9302798],"centroid_px":[365.266,326.156],"confidence":0.8856,"confidence_bucket":"high","detector_score":null,"eccentricity":0.4446,"equivalent_diameter_m":4.134,"height_m":null,"height_reason":"unavailable","id":555,"low_confidence_reason":null,"perimeter_m":12.239,"shadow_length_m":null,"signals":{"separation":0.6647,"shadow":0.0,"shape":1.0,"size":0.9694},"solidity":0.9846,"touches_edge":false},"type":"Feature"},{"geometry":{"coordinates":[[[-5.9497699,39.9302619],[-5.9497914,39.9302619],[-5.9498048,39.9302722],[-5.9498048,39.9302887],[-5.9497967,39.9302949],[-5.9497619,39.9302846],[-5.9497565,39.9302722],[-5.9497699,39.9302619]]],"type":"Polygon"},"id":556,"properties":{"area_m2":11.743,"centroid_lonlat":[-5.9497827,39.9302777],"centroid_px":[375.625,326.661],"confidence":0.8895,"confidence_bucket":"high","detector_score":null,"eccentricity":0.6085,"equivalent_diameter_m":3.867,"height_m":null,"height_reason":"unavailable","id":556,"low_confidence_reason":null,"perimeter_m":11.592,"shadow_length_m":null,"signals":{"separation":0.7106,"shadow":0.0,"shape":1.0,"size":0.9358},"solidity":0.9655,"touches_edge":false},"type":"Feature"},{"geometry":{"coordinates":[[[-5.9506604,39.9302537],[-5.9506845,39.9302722],[-5.9506738,39.9302805],[-5.9506792,39.9302887],[-5.950655,39.930299],[-5.9506255,39.9302846],[-5.9506416,39.9302763],[-5.9506175,39.9302702],[-5.9506094,39.9302599],[-5.9506443,39.9302619],[-5.9506604,39.9302537]]],"type":"Polygon"},"id":557,"properties":{"area_m2":16.356,"centroid_lonlat":[-5.950652,39.9302747],"centroid_px":[213.564,327.41],"confidence":0.5781,"confidence_bucket":"medium","detector_score":null,"eccentricity":0.7301,"equivalent_diameter_m":4.563,"height_m":null,"height_reason":"unavailable","id":557,"low_confidence_reason":null,"perimeter_m":18.526,"shadow_length_m":null,"signals":{"separation":0.2007,"shadow":0.0,"shape":0.5989,"size":0.9306},"solidity":0.7429,"touches_edge":false},"type":"Feature"},{"geometry":{"coordinates":[[[-5.9500811,39.9302578],[-5.9501025,39.9302578],[-5.9501159,39.9302681],[-5.9501159,39.9302846],[-5.9500971,39.9302949],[-5.9500676,39.9302763],[-5.9500811,39.9302578]]],"type":"Polygon"},"id":558,"properties":{"area_m2":12.372,"centroid_lonlat":[-5.9500934,39.9302743],"centroid_px":[317.695,327.508],"confidence":0.857,"confidence_bucket":"high","detector_score":null,"eccentricity":0.5665,"equivalent_diameter_m":3.969,"height_m":null,"height_reason":"unavailable","id":558,"low_confidence_reason":null,"perimeter_m":11.971,"shadow_length_m":null,"signals":{"separation":0.6923,"shadow":0.0,"shape":1.0,"size":0.8501},"solidity":0.9672,"touches_edge":false},"type":"Feature"},{"geometry":{"coordinates":[[[-5.9503707,39.9302578],[-5.9503788,39.9302763],[-5.9503654,39.9302866],[-5.9503466,39.9302722],[-5.9503707,39.9302578]]],"type":"Polygon"},"id":559,"properties":{"area_m2":4.823,"centroid_lonlat":[-5.9503644,39.9302724],"centroid_px":[267.174,327.957],"confidence":0.7292,"confidence_bucket":"high","detector_score":null,"eccentricity":0.4803,"equivalent_diameter_m":2.478,"height_m":null,"height_reason":"unavailable","id":559,"low_confidence_reason":null,"perimeter_m":7.565,"shadow_length_m":null,"signals":{"separation":0.5227,"shadow":0.0,"shape":1.0,"size":0.6109},"solidity":0.92,"touches_edge":false},"type":"Feature"},{"geometry":{"coordinates":[[[-5.9499389,39.930264],[-5.9499738,39.9302578],[-5.9499818,39.930264],[-5.949963,39.9302825],[-5.9499389,39.9302722],[-5.9499389,39.930264]]],"type":"Polygon"},"id":560,"properties":{"area_m2":6.92,"centroid_lonlat":[-5.9499588,39.9302686],"centroid_px":[342.788,328.879],"confidence":0.7137,"confidence_bucket":"high","detector_score":null,"eccentricity":0.6649,"equivalent_diameter_m":2.968,"height_m":null,"height_reason":"unavailable","id":560,"low_confidence_reason":null,"perimeter_m":9.112,"shadow_length_m":null,"signals":{"separation":0.6171,"shadow":0.0,"shape":1.0,"size":0.4667},"solidity":0.9167,"touches_edge":false},"type":"Feature"},{"geometry":{"coordinates":[[[-5.9503976,39.9302455],[-5.950411,39.9302475],[-5.950411,39.9302681],[-5.9504029,39.9302743],[-5.9503815,39.9302743],[-5.9503734,39.9302558],[-5.9503815,39.9302578],[-5.9503976,39.9302455]]],"type":"Polygon"},"id":561,"properties":{"area_m2":8.178,"centroid_lonlat":[-5.9503941,39.9302613],"centroid_px":[261.641,330.667],"confidence":0.7115,"confidence_bucket":"high","detector_score":null,"eccentricity":0.664,"equivalent_diameter_m":3.227,"height_m":null,"height_reason":"unavailable","id":561,"low_confidence_reason":null,"perimeter_m":10.297,"shadow_length_m":null,"signals":{"separation":0.4014,"shadow":0.0,"shape":0.9693,"size":0.7122},"solidity":0.907,"touches_edge":false},"type":"Feature"},{"geometry":{"coordinates":[[[-5.9502581,39.9302414],[-5.9502769,39.9302558],[-5.9502769,39.9302763],[-5.9502688,39.9302825],[-5.9502473,39.9302825],[-5.9502339,39.9302722],[-5.9502339,39.9302475],[-5.9502581,39.9302414]]],"type":"Polygon"},"id":562,"properties":{"area_m2":14.049,"centroid_lonlat":[-5.9502553,39.9302631],"centroid_px":[287.522,330.209],"confidence":0.578,"confidence_bucket":"medium","detector_score":null,"eccentricity":0.5844,"equivalent_diameter_m":4.229,"height_m":null,"height_reason":"unavailable","id":562,"low_confidence_reason":null,"perimeter_m":13.044,"shadow_length_m":null,"signals":{"separation":0.6496,"shadow":0.0,"shape":1.0,"size":0.0},"solidity":0.9571,"touches_edge":false},"type":"Feature"},{"geometry":{"coordinates":[[[-5.950022,39.9302455],[-5.9500435,39.9302455],[-5.9500569,39.9302558],[-5.9500569,39.9302722],[-5.9500435,39.9302825],[-5.9500194,39.9302805],[-5.9500086,39.9302558],[-5.950022,39.9302455]]],"type":"Polygon"},"id":563,"properties":{"area_m2":13.211,"centroid_lonlat":[-5.9500346,39.9302635],"centroid_px":[328.651,330.111],"confidence":0.818,"confidence_bucket":"high","detector_score":null,"eccentricity":0.487,"equivalent_diameter_m":4.101,"height_m":null,"height_reason":"unavailable","id":563,"low_confidence_reason":null,"perimeter_m":12.508,"shadow_length_m":null,"signals":{"separation":0.6316,"shadow":0.0,"shape":1.0,"size":0.7858},"solidity":0.9692,"touches_edge":false},"type":"Feature"},{"geometry":{"coordinates":[[[-5.9498826,39.9302455],[-5.949904,39.9302455],[-5.9499174,39.9302558],[-5.9499148,39.9302743],[-5.9498987,39.9302784],[-5.9498692,39.930264],[-5.9498826,39.9302455]]],"type":"Polygon"},"id":564,"properties":{"area_m2":11.323,"centroid_lonlat":[-5.9498952,39.9302607],"centroid_px":[354.648,330.796],"confidence":0.8931,"confidence_bucket":"high","detector_score":null,"eccentricity":0.643,"equivalent_diameter_m":3.797,"height_m":null,"height_reason":"unavailable","id":564,"low_confidence_reason":null,"perimeter_m":11.592,"shadow_length_m":null,"signals":{"separation":0.6822,"shadow":0.0,"shape":1.0,"size":0.9757},"solidity":0.9474,"touches_edge":false},"type":"Feature"},{"geometry":{"coordinates":[[[-5.9496197,39.9302455],[-5.9496385,39.9302558],[-5.9496385,39.9302681],[-5.9496251,39.9302825],[-5.9496063,39.9302681],[-5.9496063,39.9302558],[-5.9496197,39.9302455]]],"type":"Polygon"},"id":565,"properties":{"area_m2":7.759,"centroid_lonlat":[-5.949623,39.9302629],"centroid_px":[405.378,330.27],"confidence":0.7851,"confidence_bucket":"high","detector_score":null,"eccentricity":0.7222,"equivalent_diameter_m":3.143,"height_m":null,"height_reason":"unavailable","id":565,"low_confidence_reason":null,"perimeter_m":9.871,"shadow_length_m":null,"signals":{"separation":0.5828,"shadow":0.0,"shape":1.0,"size":0.7294},"solidity":0.9487,"touches_edge":false},"type":"Feature"},{"geometry":{"coordinates":[[[-5.9512237,39.9302373],[-5.9512398,39.9302373],[-5.9512585,39.9302517],[-5.9512639,39.9302722],[-5.9512559,39.9302784],[-5.9512237,39.9302825],[-5.9512103,39.9302722],[-5.9512103,39.9302517],[-5.9512237,39.9302373]]],"type":"Polygon"},"id":566,"properties":{"area_m2":17.405,"centroid_lonlat":[-5.951235,39.9302608],"centroid_px":[104.892,330.783],"confidence":0.8898,"confidence_bucket":"high","detector_score":null,"eccentricity":0.4722,"equivalent_diameter_m":4.707,"height_m":null,"height_reason":"unavailable","id":566,"low_confidence_reason":null,"perimeter_m":14.719,"shadow_length_m":null,"signals":{"separation":0.7782,"shadow":0.0,"shape":1.0,"size":0.8692},"solidity":0.9432,"touches_edge":false},"type":"Feature"},{"geometry":{"coordinates":[[[-5.9495232,39.9302537],[-5.9495366,39.930264],[-5.9495285,39.9302702],[-5.9495151,39.930264],[-5.9495232,39.9302537]]],"type":"Polygon"},"id":567,"properties":{"area_m2":2.097,"centroid_lonlat":[-5.9495248,39.9302628],"centroid_px":[423.7,330.3],"confidence":0.7804,"confidence_bucket":"high","detector_score":null,"eccentricity":0.6164,"equivalent_diameter_m":1.634,"height_m":null,"height_reason":"unavailable","id":567,"low_confidence_reason":null,"perimeter_m":4.154,"shadow_length_m":null,"signals":{"separation":0.5605,"shadow":0.0,"shape":1.0,"size":0.7369},"solidity":1.0,"touches_edge":false},"type":"Feature"},{"geometry":{"coordinates":[[[-5.9489223,39.9302496],[-5.9489357,39.9302558],[-5.9489277,39.9302661],[-5.9489143,39.9302599],[-5.9489223,39.9302496]]],"type":"Polygon"},"id":568,"properties":{"area_m2":2.516,"centroid_lonlat":[-5.948925,39.9302578],"centroid_px":[535.5,331.5],"confidence":0.776,"confidence_bucket":"high","detector_score":null,"eccentricity":0.0,"equivalent_diameter_m":1.79,"height_m":null,"height_reason":"unavailable","id":568,"low_confidence_reason":null,"perimeter_m":4.422,"shadow_length_m":null,"signals":{"separation":0.5117,"shadow":0.0,"shape":1.0,"size":0.7715},"solidity":1.0,"touches_edge":false},"type":"Feature"},{"geometry":{"coordinates":[[[-5.9510627,39.9302002],[-5.9510735,39.9302085],[-5.951111,39.9302085],[-5.9511191,39.9302146],[-5.9511137,39.9302188],[-5.9511459,39.9302393],[-5.9511459,39.9302846],[-5.9511325,39.930299],[-5.951111,39.9303072],[-5.9510788,39.9303072],[-5.9510627,39.9302949],[-5.9510413,39.930299],[-5.9510332,39.9302928],[-5.951044,39.9302846],[-5.9510359,39.9302784],[-5.9510306,39.9302825],[-5.951001,39.9302599],[-5.951001,39.9302434],[-5.9510118,39.9302311],[-5.9510064,39.9302229],[-5.9510627,39.9302002]]],"type":"Polygon"},"id":569,"properties":{"area_m2":105.056,"centroid_lonlat":[-5.9510776,39.9302536],"centroid_px":[134.226,332.525],"confidence":0.2292,"confidence_bucket":"low","detector_score":null,"eccentricity":0.6086,"equivalent_diameter_m":11.566,"height_m":null,"height_reason":"unavailable","id":569,"low_confidence_reason":"Low confidence: this crown is far larger or smaller than its neighbours, so it is likely merged with, or split from, another crown.","perimeter_m":52.483,"shadow_length_m":null,"signals":{"separation":0.1584,"shadow":0.0,"shape":0.4793,"size":0.0},"solidity":0.8789,"touches_edge":false},"type":"Feature"},{"geometry":{"coordinates":[[[-5.9497002,39.930229],[-5.9497216,39.930229],[-5.949735,39.9302393],[-5.949735,39.9302558],[-5.9497216,39.9302661],[-5.9497002,39.9302661],[-5.9496868,39.9302558],[-5.9496868,39.9302393],[-5.9497002,39.930229]]],"type":"Polygon"},"id":570,"properties":{"area_m2":14.469,"centroid_lonlat":[-5.9497109,39.9302475],"centroid_px":[389.0,334.0],"confidence":0.7656,"confidence_bucket":"high","detector_score":null,"eccentricity":0.0,"equivalent_diameter_m":4.292,"height_m":null,"height_reason":"unavailable","id":570,"low_confidence_reason":null,"perimeter_m":12.508,"shadow_length_m":null,"signals":{"separation":0.8535,"shadow":0.0,"shape":1.0,"size":0.3964},"solidity":1.0,"touches_edge":false},"type":"Feature"},{"geometry":{"coordinates":[[[-5.9494105,39.9302208],[-5.9494132,39.9302393],[-5.9493971,39.9302475],[-5.9493971,39.930264],[-5.9493676,39.9302619],[-5.9493595,39.9302558],[-5.9493595,39.9302393],[-5.9493729,39.930229],[-5.949389,39.9302373],[-5.9494105,39.9302208]]],"type":"Polygon"},"id":571,"properties":{"area_m2":13.211,"centroid_lonlat":[-5.9493842,39.9302451],"centroid_px":[449.905,334.603],"confidence":0.5545,"confidence_bucket":"medium","detector_score":null,"eccentricity":0.7589,"equivalent_diameter_m":4.101,"height_m":null,"height_reason":"unavailable","id":571,"low_confidence_reason":null,"perimeter_m":16.298,"shadow_length_m":null,"signals":{"separation":0.3158,"shadow":0.0,"shape":0.625,"size":0.7087},"solidity":0.759,"touches_edge":false},"type":"Feature"},{"geometry":{"coordinates":[[[-5.9485146,39.9302331],[-5.9485388,39.9302434],[-5.9485334,39.9302558],[-5.9485146,39.9302661],[-5.9485012,39.9302434],[-5.9485146,39.9302331]]],"type":"Polygon"},"id":572,"properties":{"area_m2":6.71,"centroid_lonlat":[-5.94852,39.9302482],"centroid_px":[611.0,333.844],"confidence":0.7132,"confidence_bucket":"high","detector_score":null,"eccentricity":0.6443,"equivalent_diameter_m":2.923,"height_m":null,"height_reason":"unavailable","id":572,"low_confidence_reason":null,"perimeter_m":9.871,"shadow_length_m":null,"signals":{"separation":0.4431,"shadow":0.0,"shape":0.8654,"size":0.8006},"solidity":0.8205,"touches_edge":false},"type":"Feature"},{"geometry":{"coordinates":[[[-5.9499469,39.9302167],[-5.9499711,39.9302229],[-5.9499604,39.930227],[-5.9499764,39.9302434],[-5.9499684,39.9302578],[-5.9499523,39.9302578],[-5.9499362,39.9302702],[-5.9499228,39.9302517],[-5.9499228,39.9302352],[-5.9499469,39.9302249],[-5.9499469,39.9302167]]],"type":"Polygon"},"id":573,"properties":{"area_m2":16.566,"centroid_lonlat":[-5.9499482,39.9302415],"centroid_px":[344.772,335.481],"confidence":0.6399,"confidence_bucket":"medium","detector_score":null,"eccentricity":0.626,"equivalent_diameter_m":4.593,"height_m":null,"height_reason":"unavailable","id":573,"low_confidence_reason":null,"perimeter_m":15.54,"shadow_length_m":null,"signals":{"separation":0.6306,"shadow":0.0,"shape":0.8621,"size":0.3826},"solidity":0.8144,"touches_edge":false},"type":"Feature"},{"geometry":{"coordinates":[[[-5.9502473,39.9302249],[-5.9502661,39.9302393],[-5.9502313,39.9302496],[-5.9502286,39.9302393],[-5.9502473,39.9302249]]],"type":"Polygon"},"id":574,"properties":{"area_m2":5.242,"centroid_lonlat":[-5.9502469,39.9302372],"centroid_px":[289.08,336.52],"confidence":0.7384,"confidence_bucket":"high","detector_score":null,"eccentricity":0.8007,"equivalent_diameter_m":2.584,"height_m":null,"height_reason":"unavailable","id":574,"low_confidence_reason":null,"perimeter_m":8.102,"shadow_length_m":null,"signals":{"separation":0.5013,"shadow":0.0,"shape":1.0,"size":0.6617},"solidity":0.8929,"touches_edge":false},"type":"Feature"},{"geometry":{"coordinates":[[[-5.9494159,39.9302249],[-5.9494346,39.9302311],[-5.9494212,39.9302455],[-5.9494132,39.9302393],[-5.9494159,39.9302249]]],"type":"Polygon"},"id":575,"properties":{"area_m2":3.145,"centroid_lonlat":[-5.9494227,39.9302338],"centroid_px":[442.733,337.333],"confidence":0.6536,"confidence_bucket":"medium","detector_score":null,"eccentricity":0.5527,"equivalent_diameter_m":2.001,"height_m":null,"height_reason":"unavailable","id":575,"low_confidence_reason":null,"perimeter_m":5.338,"shadow_length_m":null,"signals":{"separation":0.4576,"shadow":0.0,"shape":1.0,"size":0.4338},"solidity":1.0,"touches_edge":false},"type":"Feature"},{"geometry":{"coordinates":[[[-5.9499845,39.9302126],[-5.950014,39.9302311],[-5.9500006,39.9302496],[-5.9499791,39.9302496],[-5.9499657,39.9302311],[-5.9499845,39.9302126]]],"type":"Polygon"},"id":576,"properties":{"area_m2":10.904,"centroid_lonlat":[-5.9499893,39.9302336],"centroid_px":[337.096,337.385],"confidence":0.8826,"confidence_bucket":"high","detector_score":null,"eccentricity":0.6195,"equivalent_diameter_m":3.726,"height_m":null,"height_reason":"unavailable","id":576,"low_confidence_reason":null,"perimeter_m":11.703,"shadow_length_m":null,"signals":{"separation":0.6952,"shadow":0.0,"shape":1.0,"size":0.929},"solidity":0.9286,"touches_edge":false},"type":"Feature"},{"geometry":{"coordinates":[[[-5.9497645,39.9302085],[-5.9497887,39.9302229],[-5.9497806,39.9302455],[-5.9497645,39.9302455],[-5.9497511,39.9302352],[-5.9497511,39.9302188],[-5.9497645,39.9302085]]],"type":"Polygon"},"id":577,"properties":{"area_m2":10.275,"centroid_lonlat":[-5.9497695,39.9302281],"centroid_px":[378.082,338.735],"confidence":0.8411,"confidence_bucket":"high","detector_score":null,"eccentricity":0.6353,"equivalent_diameter_m":3.617,"height_m":null,"height_reason":"unavailable","id":577,"low_confidence_reason":null,"perimeter_m":10.676,"shadow_length_m":null,"signals":{"separation":0.7162,"shadow":0.0,"shape":1.0,"size":0.7752},"solidity":0.98,"touches_edge":false},"type":"Feature"},{"geometry":{"coordinates":[[[-5.9496573,39.9302167],[-5.9496868,39.930227],[-5.9496734,39.9302455],[-5.9496519,39.9302455],[-5.9496439,39.9302393],[-5.9496599,39.9302229],[-5.9496573,39.9302167]]],"type":"Polygon"},"id":578,"properties":{"area_m2":7.968,"centroid_lonlat":[-5.9496657,39.9302331],"centroid_px":[397.421,337.5],"confidence":0.797,"confidence_bucket":"high","detector_score":null,"eccentricity":0.5825,"equivalent_diameter_m":3.185,"height_m":null,"height_reason":"unavailable","id":578,"low_confidence_reason":null,"perimeter_m":10.028,"shadow_length_m":null,"signals":{"separation":0.5751,"shadow":0.0,"shape":0.9957,"size":0.7804},"solidity":0.8636,"touches_edge":false},"type":"Feature"},{"geometry":{"coordinates":[[[-5.9500971,39.9302002],[-5.9501213,39.9302105],[-5.9500971,39.930229],[-5.9500784,39.9302146],[-5.9500971,39.9302002]]],"type":"Polygon"},"id":579,"properties":{"area_m2":6.71,"centroid_lonlat":[-5.9501007,39.9302143],"centroid_px":[316.344,342.094],"confidence":0.6852,"confidence_bucket":"medium","detector_score":null,"eccentricity":0.6249,"equivalent_diameter_m":2.923,"height_m":null,"height_reason":"unavailable","id":579,"low_confidence_reason":null,"perimeter_m":8.955,"shadow_length_m":null,"signals":{"separation":0.6267,"shadow":0.0,"shape":1.0,"size":0.3661},"solidity":0.9412,"touches_edge":false},"type":"Feature"},{"geometry":{"coordinates":[[[-5.9495232,39.930192],[-5.9495446,39.930192],[-5.9495634,39.9302064],[-5.9495634,39.9302229],[-5.94955,39.9302331],[-5.9495392,39.9302249],[-5.9495178,39.930229],[-5.9495097,39.9302229],[-5.9495097,39.9302023],[-5.9495232,39.930192]]],"type":"Polygon"},"id":580,"properties":{"area_m2":15.727,"centroid_lonlat":[-5.9495361,39.9302118],"centroid_px":[421.587,342.68],"confidence":0.6554,"confidence_bucket":"medium","detector_score":null,"eccentricity":0.5809,"equivalent_diameter_m":4.475,"height_m":null,"height_reason":"unavailable","id":580,"low_confidence_reason":null,"perimeter_m":14.83,"shadow_length_m":null,"signals":{"separation":0.614,"shadow":0.0,"shape":0.8986,"size":0.4049},"solidity":0.9036,"touches_edge":false},"type":"Feature"},{"geometry":{"coordinates":[[[-5.9493998,39.9301961],[-5.9494132,39.9302146],[-5.9493837,39.9302249],[-5.949381,39.9302188],[-5.9493917,39.9302105],[-5.9493864,39.9302064],[-5.9493998,39.9301961]]],"type":"Polygon"},"id":581,"properties":{"area_m2":4.823,"centroid_lonlat":[-5.9493974,39.9302114],"centroid_px":[447.435,342.783],"confidence":0.6677,"confidence_bucket":"medium","detector_score":null,"eccentricity":0.7782,"equivalent_diameter_m":2.478,"height_m":null,"height_reason":"unavailable","id":581,"low_confidence_reason":null,"perimeter_m":6.097,"shadow_length_m":null,"signals":{"separation":0.3696,"shadow":0.0,"shape":1.0,"size":0.567},"solidity":0.8214,"touches_edge":false},"type":"Feature"},{"geometry":{"coordinates":[[[-5.9493247,39.930192],[-5.9493595,39.9302023],[-5.9493595,39.9302146],[-5.9493461,39.930229],[-5.9493113,39.9302188],[-5.9493113,39.9302023],[-5.9493247,39.930192]]],"type":"Polygon"},"id":582,"properties":{"area_m2":12.582,"centroid_lonlat":[-5.9493351,39.9302109],"centroid_px":[459.05,342.9],"confidence":0.7365,"confidence_bucket":"high","detector_score":null,"eccentricity":0.5272,"equivalent_diameter_m":4.002,"height_m":null,"height_reason":"unavailable","id":582,"low_confidence_reason":null,"perimeter_m":13.266,"shadow_length_m":null,"signals":{"separation":0.6472,"shadow":0.0,"shape":0.8984,"size":0.6315},"solidity":0.9091,"touches_edge":false},"type":"Feature"},{"geometry":{"coordinates":[[[-5.9483323,39.930192],[-5.9483483,39.930192],[-5.9483618,39.9302064],[-5.9483483,39.930229],[-5.9483188,39.9302188],[-5.9483188,39.9302064],[-5.9483323,39.930192]]],"type":"Polygon"},"id":583,"properties":{"area_m2":11.533,"centroid_lonlat":[-5.9483398,39.9302103],"centroid_px":[644.6,343.055],"confidence":0.8861,"confidence_bucket":"high","detector_score":null,"eccentricity":0.5415,"equivalent_diameter_m":3.832,"height_m":null,"height_reason":"unavailable","id":583,"low_confidence_reason":null,"perimeter_m":11.592,"shadow_length_m":null,"signals":{"separation":0.676,"shadow":0.0,"shape":1.0,"size":0.9594},"solidity":0.9322,"touches_edge":false},"type":"Feature"},{"geometry":{"coordinates":[[[-5.9517333,39.9301961],[-5.9517708,39.9302044],[-5.9517789,39.9302105],[-5.9517789,39.930227],[-5.9517494,39.9302331],[-5.9517199,39.9302105],[-5.9517333,39.9301961]]],"type":"Polygon"},"id":584,"properties":{"area_m2":13.63,"centroid_lonlat":[-5.9517513,39.930214],"centroid_px":[8.646,342.154],"confidence":0.854,"confidence_bucket":"high","detector_score":null,"eccentricity":0.7935,"equivalent_diameter_m":4.166,"height_m":null,"height_reason":"unavailable","id":584,"low_confidence_reason":null,"perimeter_m":13.535,"shadow_length_m":null,"signals":{"separation":0.6218,"shadow":0.0,"shape":0.935,"size":0.989},"solidity":0.9286,"touches_edge":false},"type":"Feature"},{"geometry":{"coordinates":[[[-5.9515992,39.930192],[-5.9516126,39.9302023],[-5.9516045,39.9302126],[-5.9515911,39.9302064],[-5.9515992,39.930192]]],"type":"Polygon"},"id":585,"properties":{"area_m2":2.936,"centroid_lonlat":[-5.9516011,39.9302032],"centroid_px":[36.643,344.786],"confidence":0.7481,"confidence_bucket":"high","detector_score":null,"eccentricity":0.6293,"equivalent_diameter_m":1.933,"height_m":null,"height_reason":"unavailable","id":585,"low_confidence_reason":null,"perimeter_m":5.07,"shadow_length_m":null,"signals":{"separation":0.4737,"shadow":0.0,"shape":1.0,"size":0.7203},"solidity":1.0,"touches_edge":false},"type":"Feature"},{"geometry":{"coordinates":[[[-5.9499523,39.9301879],[-5.9499738,39.9301879],[-5.9499818,39.9301941],[-5.9499872,39.9302105],[-5.9499738,39.9302208],[-5.9499389,39.9302146],[-5.9499389,39.9301982],[-5.9499523,39.9301879]]],"type":"Polygon"},"id":586,"properties":{"area_m2":11.743,"centroid_lonlat":[-5.9499622,39.9302039],"centroid_px":[342.161,344.607],"confidence":0.8962,"confidence_bucket":"high","detector_score":null,"eccentricity":0.5006,"equivalent_diameter_m":3.867,"height_m":null,"height_reason":"unavailable","id":586,"low_confidence_reason":null,"perimeter_m":11.86,"shadow_length_m":null,"signals":{"separation":0.7106,"shadow":0.0,"shape":1.0,"size":0.9571},"solidity":0.9492,"touches_edge":false},"type":"Feature"},{"geometry":{"coordinates":[[[-5.9508052,39.9301838],[-5.9508187,39.9301941],[-5.9508106,39.9302126],[-5.9507918,39.9302023],[-5.9508052,39.9301838]]],"type":"Polygon"},"id":587,"properties":{"area_m2":5.033,"centroid_lonlat":[-5.9508064,39.930199],"centroid_px":[184.792,345.792],"confidence":0.6155,"confidence_bucket":"medium","detector_score":null,"eccentricity":0.7042,"equivalent_diameter_m":2.531,"height_m":null,"height_reason":"unavailable","id":587,"low_confidence_reason":null,"perimeter_m":7.66,"shadow_length_m":null,"signals":{"separation":0.3618,"shadow":0.0,"shape":1.0,"size":0.408},"solidity":0.96,"touches_edge":false},"type":"Feature"},{"geometry":{"coordinates":[[[-5.9506229,39.9301344],[-5.9506336,39.9301344],[-5.9506443,39.9301509],[-5.9506604,39.9301427],[-5.9506765,39.9301468],[-5.9506899,39.930157],[-5.9506845,39.9301653],[-5.9507221,39.9301858],[-5.9507167,39.9301941],[-5.9507328,39.9302105],[-5.9507087,39.9302455],[-5.9506926,39.9302414],[-5.9506443,39.9302619],[-5.9506068,39.9302578],[-5.9506148,39.9302475],[-5.9505719,39.9302146],[-5.9505773,39.9301982],[-5.9505665,39.9301817],[-5.950596,39.930155],[-5.9506255,39.9301406],[-5.9506229,39.9301344]]],"type":"Polygon"},"id":588,"properties":{"area_m2":128.542,"centroid_lonlat":[-5.9506471,39.9302005],"centroid_px":[214.486,345.436],"confidence":0.4903,"confidence_bucket":"medium","detector_score":null,"eccentricity":0.4656,"equivalent_diameter_m":12.793,"height_m":null,"height_reason":"unavailable","id":588,"low_confidence_reason":null,"perimeter_m":48.976,"shadow_length_m":null,"signals":{"separation":0.761,"shadow":0.0,"shape":0.6734,"size":0.0},"solidity":0.8936,"touches_edge":false},"type":"Feature"},{"geometry":{"coordinates":[[[-5.9500006,39.9301838],[-5.9500113,39.9301838],[-5.9500355,39.9302105],[-5.9500113,39.930229],[-5.9499872,39.9302146],[-5.9499818,39.9302023],[-5.9500006,39.9301838]]],"type":"Polygon"},"id":589,"properties":{"area_m2":13.84,"centroid_lonlat":[-5.9500068,39.9302057],"centroid_px":[333.848,344.182],"confidence":0.7651,"confidence_bucket":"high","detector_score":null,"eccentricity":0.6258,"equivalent_diameter_m":4.198,"height_m":null,"height_reason":"unavailable","id":589,"low_confidence_reason":null,"perimeter_m":13.646,"shadow_length_m":null,"signals":{"separation":0.6545,"shadow":0.0,"shape":0.934,"size":0.6729},"solidity":0.9429,"touches_edge":false},"type":"Feature"},{"geometry":{"coordinates":[[[-5.9496894,39.9301797],[-5.9497029,39.9301858],[-5.949719,39.9302105],[-5.9497055,39.9302208],[-5.9496787,39.9302249],[-5.9496599,39.9302146],[-5.9496894,39.9301797]]],"type":"Polygon"},"id":590,"properties":{"area_m2":14.679,"centroid_lonlat":[-5.9496906,39.9302047],"centroid_px":[392.786,344.414],"confidence":0.6265,"confidence_bucket":"medium","detector_score":null,"eccentricity":0.5398,"equivalent_diameter_m":4.323,"height_m":null,"height_reason":"unavailable","id":590,"low_confidence_reason":null,"perimeter_m":14.941,"shadow_length_m":null,"signals":{"separation":0.4737,"shadow":0.0,"shape":0.8263,"size":0.5396},"solidity":0.875,"touches_edge":false},"type":"Feature"},{"geometry":{"coordinates":[[[-5.9504727,39.9301673],[-5.9504968,39.9301858],[-5.9504968,39.9301982],[-5.9504834,39.9302085],[-5.9504619,39.9302126],[-5.9504485,39.9301941],[-5.9504727,39.9301673]]],"type":"Polygon"},"id":591,"properties":{"area_m2":12.791,"centroid_lonlat":[-5.9504722,39.9301932],"centroid_px":[247.082,347.213],"confidence":0.8795,"confidence_bucket":"high","detector_score":null,"eccentricity":0.6078,"equivalent_diameter_m":4.036,"height_m":null,"height_reason":"unavailable","id":591,"low_confidence_reason":null,"perimeter_m":12.635,"shadow_length_m":null,"signals":{"separation":0.6808,"shadow":0.0,"shape":1.0,"size":0.9336},"solidity":0.8971,"touches_edge":false},"type":"Feature"},{"geometry":{"coordinates":[[[-5.9484664,39.9301756],[-5.9484771,39.9301756],[-5.9484959,39.93019],[-5.9484959,39.9301982],[-5.948461,39.9302085],[-5.9484476,39.9301982],[-5.948469,39.93019],[-5.9484664,39.9301756]]],"type":"Polygon"},"id":592,"properties":{"area_m2":8.388,"centroid_lonlat":[-5.9484741,39.930193],"centroid_px":[619.55,347.25],"confidence":0.6952,"confidence_bucket":"medium","detector_score":null,"eccentricity":0.626,"equivalent_diameter_m":3.268,"height_m":null,"height_reason":"unavailable","id":592,"low_confidence_reason":null,"perimeter_m":11.055,"shadow_length_m":null,"signals":{"separation":0.2802,"shadow":0.0,"shape":0.8624,"size":0.9095},"solidity":0.8163,"touches_edge":false},"type":"Feature"},{"geometry":{"coordinates":[[[-5.9497163,39.9301714],[-5.949735,39.9301817],[-5.949735,39.9301982],[-5.9497216,39.9302085],[-5.9497029,39.93019],[-5.9497163,39.9301714]]],"type":"Polygon"},"id":593,"properties":{"area_m2":7.968,"centroid_lonlat":[-5.9497199,39.9301889],"centroid_px":[387.316,348.263],"confidence":0.7443,"confidence_bucket":"high","detector_score":null,"eccentricity":0.7237,"equivalent_diameter_m":3.185,"height_m":null,"height_reason":"unavailable","id":593,"low_confidence_reason":null,"perimeter_m":9.492,"shadow_length_m":null,"signals":{"separation":0.5751,"shadow":0.0,"shape":1.0,"size":0.6065},"solidity":0.9744,"touches_edge":false},"type":"Feature"},{"geometry":{"coordinates":[[[-5.9509447,39.930155],[-5.9509662,39.9301591],[-5.9509796,39.9301694],[-5.9509769,39.9301879],[-5.9509501,39.930192],[-5.9509367,39.9301817],[-5.9509313,39.9301694],[-5.9509447,39.930155]]],"type":"Polygon"},"id":594,"properties":{"area_m2":11.953,"centroid_lonlat":[-5.9509565,39.9301741],"centroid_px":[156.807,351.86],"confidence":0.8841,"confidence_bucket":"high","detector_score":null,"eccentricity":0.6018,"equivalent_diameter_m":3.901,"height_m":null,"height_reason":"unavailable","id":594,"low_confidence_reason":null,"perimeter_m":12.619,"shadow_length_m":null,"signals":{"separation":0.7043,"shadow":0.0,"shape":0.9433,"size":0.9927},"solidity":0.8906,"touches_edge":false},"type":"Feature"},{"geometry":{"coordinates":[[[-5.9498665,39.9301591],[-5.9498852,39.9301776],[-5.9498718,39.9301879],[-5.9498531,39.9301694],[-5.9498665,39.9301591]]],"type":"Polygon"},"id":595,"properties":{"area_m2":4.613,"centroid_lonlat":[-5.9498692,39.9301735],"centroid_px":[359.5,352.0],"confidence":0.5556,"confidence_bucket":"medium","detector_score":null,"eccentricity":0.7508,"equivalent_diameter_m":2.424,"height_m":null,"height_reason":"unavailable","id":595,"low_confidence_reason":null,"perimeter_m":7.392,"shadow_length_m":null,"signals":{"separation":0.3779,"shadow":0.0,"shape":1.0,"size":0.2},"solidity":0.9167,"touches_edge":false},"type":"Feature"},{"geometry":{"coordinates":[[[-5.9498075,39.9301632],[-5.9498262,39.9301694],[-5.9498262,39.9301817],[-5.9498128,39.9301961],[-5.9497967,39.9301961],[-5.9497833,39.9301858],[-5.9497833,39.9301735],[-5.9498075,39.9301632]]],"type":"Polygon"},"id":596,"properties":{"area_m2":10.065,"centroid_lonlat":[-5.9498053,39.9301798],"centroid_px":[371.396,350.458],"confidence":0.7465,"confidence_bucket":"high","detector_score":null,"eccentricity":0.5685,"equivalent_diameter_m":3.58,"height_m":null,"height_reason":"unavailable","id":596,"low_confidence_reason":null,"perimeter_m":11.703,"shadow_length_m":null,"signals":{"separation":0.5117,"shadow":0.0,"shape":0.9235,"size":0.7689},"solidity":0.9057,"touches_edge":false},"type":"Feature"},{"geometry":{"coordinates":[[[-5.9510413,39.9301509],[-5.9510547,39.930157],[-5.9510601,39.9301817],[-5.9510306,39.930192],[-5.9510225,39.9301653],[-5.9510413,39.9301509]]],"type":"Polygon"},"id":597,"properties":{"area_m2":10.485,"centroid_lonlat":[-5.951041,39.9301723],"centroid_px":[141.06,352.3],"confidence":0.8199,"confidence_bucket":"high","detector_score":null,"eccentricity":0.6171,"equivalent_diameter_m":3.654,"height_m":null,"height_reason":"unavailable","id":597,"low_confidence_reason":null,"perimeter_m":11.402,"shadow_length_m":null,"signals":{"separation":0.709,"shadow":0.0,"shape":1.0,"size":0.7146},"solidity":0.9091,"touches_edge":false},"type":"Feature"},{"geometry":{"coordinates":[[[-5.9504405,39.9301509],[-5.9504619,39.9301509],[-5.9504753,39.9301612],[-5.9504512,39.930192],[-5.9504271,39.9301776],[-5.9504271,39.9301612],[-5.9504405,39.9301509]]],"type":"Polygon"},"id":598,"properties":{"area_m2":13.001,"centroid_lonlat":[-5.9504492,39.9301685],"centroid_px":[251.371,353.226],"confidence":0.8773,"confidence_bucket":"high","detector_score":null,"eccentricity":0.546,"equivalent_diameter_m":4.069,"height_m":null,"height_reason":"unavailable","id":598,"low_confidence_reason":null,"perimeter_m":12.429,"shadow_length_m":null,"signals":{"separation":0.6367,"shadow":0.0,"shape":1.0,"size":0.9705},"solidity":0.9394,"touches_edge":false},"type":"Feature"},{"geometry":{"coordinates":[[[-5.948976,39.9301591],[-5.948984,39.9301735],[-5.9489653,39.9301797],[-5.9489572,39.9301735],[-5.948976,39.9301591]]],"type":"Polygon"},"id":599,"properties":{"area_m2":3.355,"centroid_lonlat":[-5.9489726,39.9301709],"centroid_px":[526.625,352.625],"confidence":0.7616,"confidence_bucket":"high","detector_score":null,"eccentricity":0.7071,"equivalent_diameter_m":2.067,"height_m":null,"height_reason":"unavailable","id":599,"low_confidence_reason":null,"perimeter_m":5.717,"shadow_length_m":null,"signals":{"separation":0.4431,"shadow":0.0,"shape":1.0,"size":0.7939},"solidity":1.0,"touches_edge":false},"type":"Feature"},{"geometry":{"coordinates":[[[-5.9517333,39.9301303],[-5.9517467,39.9301324],[-5.9517494,39.9301468],[-5.9517601,39.9301385],[-5.9517762,39.9301385],[-5.9517896,39.9301694],[-5.9517708,39.9301756],[-5.9517547,39.9301673],[-5.9517467,39.9301529],[-5.9517306,39.9301488],[-5.9517333,39.9301303]]],"type":"Polygon"},"id":600,"properties":{"area_m2":14.049,"centroid_lonlat":[-5.9517617,39.930153],"centroid_px":[6.701,356.985],"confidence":0.6205,"confidence_bucket":"medium","detector_score":null,"eccentricity":0.8553,"equivalent_diameter_m":4.229,"height_m":null,"height_reason":"unavailable","id":600,"low_confidence_reason":null,"perimeter_m":17.008,"shadow_length_m":null,"signals":{"separation":0.4331,"shadow":0.0,"shape":0.6103,"size":0.8201},"solidity":0.8171,"touches_edge":false},"type":"Feature"},{"geometry":{"coordinates":[[[-5.9517869,39.9301303],[-5.9518003,39.9301324],[-5.9517977,39.9301673],[-5.9517789,39.9301447],[-5.9517869,39.9301303]]],"type":"Polygon"},"id":601,"properties":{"area_m2":5.662,"centroid_lonlat":[-5.9517917,39.9301465],"centroid_px":[1.111,358.556],"confidence":0.7461,"confidence_bucket":"high","detector_score":null,"eccentricity":0.9222,"equivalent_diameter_m":2.685,"height_m":null,"height_reason":"unavailable","id":601,"low_confidence_reason":null,"perimeter_m":8.717,"shadow_length_m":null,"signals":{"separation":0.4824,"shadow":0.0,"shape":0.9364,"size":0.7814},"solidity":0.931,"touches_edge":true},"type":"Feature"},{"geometry":{"coordinates":[[[-5.950124,39.930118],[-5.9501562,39.9301262],[-5.9501642,39.9301365],[-5.9501588,39.9301447],[-5.9501696,39.9301529],[-5.9501615,39.9301632],[-5.9501347,39.9301714],[-5.9501025,39.9301632],[-5.9500891,39.9301529],[-5.9500998,39.9301283],[-5.950124,39.930118]]],"type":"Polygon"},"id":602,"properties":{"area_m2":28.309,"centroid_lonlat":[-5.950129,39.9301451],"centroid_px":[311.067,358.896],"confidence":0.5663,"confidence_bucket":"medium","detector_score":null,"eccentricity":0.5005,"equivalent_diameter_m":6.004,"height_m":null,"height_reason":"unavailable","id":602,"low_confidence_reason":null,"perimeter_m":20.168,"shadow_length_m":null,"signals":{"separation":0.7627,"shadow":0.0,"shape":0.8746,"size":0.0},"solidity":0.9,"touches_edge":false},"type":"Feature"},{"geometry":{"coordinates":[[[-5.9516153,39.9301262],[-5.9516367,39.9301262],[-5.9516501,39.9301365],[-5.9516501,39.9301529],[-5.9516421,39.9301591],[-5.9516314,39.9301509],[-5.9516206,39.9301591],[-5.9516019,39.9301529],[-5.9516019,39.9301365],[-5.9516153,39.9301262]]],"type":"Polygon"},"id":603,"properties":{"area_m2":12.372,"centroid_lonlat":[-5.9516258,39.9301423],"centroid_px":[32.034,359.576],"confidence":0.7281,"confidence_bucket":"high","detector_score":null,"eccentricity":0.5808,"equivalent_diameter_m":3.969,"height_m":null,"height_reason":"unavailable","id":603,"low_confidence_reason":null,"perimeter_m":13.266,"shadow_length_m":null,"signals":{"separation":0.516,"shadow":0.0,"shape":0.8834,"size":0.7538},"solidity":0.9219,"touches_edge":false},"type":"Feature"},{"geometry":{"coordinates":[[[-5.9509179,39.9301262],[-5.9509581,39.9301283],[-5.9509528,39.9301529],[-5.950934,39.9301632],[-5.9509179,39.9301632],[-5.9509045,39.9301529],[-5.9509045,39.9301365],[-5.9509179,39.9301262]]],"type":"Polygon"},"id":604,"properties":{"area_m2":14.679,"centroid_lonlat":[-5.9509292,39.9301436],"centroid_px":[161.886,359.257],"confidence":0.8711,"confidence_bucket":"high","detector_score":null,"eccentricity":0.5266,"equivalent_diameter_m":4.323,"height_m":null,"height_reason":"unavailable","id":604,"low_confidence_reason":null,"perimeter_m":13.881,"shadow_length_m":null,"signals":{"separation":0.7638,"shadow":0.0,"shape":0.9573,"size":0.8751},"solidity":0.9333,"touches_edge":false},"type":"Feature"},{"geometry":{"coordinates":[[[-5.9517226,39.9301262],[-5.9517306,39.9301447],[-5.9517172,39.9301509],[-5.9517092,39.9301365],[-5.9517226,39.9301262]]],"type":"Polygon"},"id":605,"properties":{"area_m2":3.565,"centroid_lonlat":[-5.9517204,39.9301389],"centroid_px":[14.412,360.412],"confidence":0.6412,"confidence_bucket":"medium","detector_score":null,"eccentricity":0.6969,"equivalent_diameter_m":2.13,"height_m":null,"height_reason":"unavailable","id":605,"low_confidence_reason":null,"perimeter_m":5.986,"shadow_length_m":null,"signals":{"separation":0.4299,"shadow":0.0,"shape":1.0,"size":0.4219},"solidity":0.9444,"touches_edge":false},"type":"Feature"},{"geometry":{"coordinates":[[[-5.9514919,39.9301303],[-5.9515134,39.9301303],[-5.9515375,39.9301406],[-5.9515241,39.9301509],[-5.9515026,39.9301509],[-5.9514892,39.9301406],[-5.9514919,39.9301303]]],"type":"Polygon"},"id":606,"properties":{"area_m2":6.71,"centroid_lonlat":[-5.9515102,39.9301407],"centroid_px":[53.594,359.969],"confidence":0.8046,"confidence_bucket":"high","detector_score":null,"eccentricity":0.8457,"equivalent_diameter_m":2.923,"height_m":null,"height_reason":"unavailable","id":606,"low_confidence_reason":null,"perimeter_m":9.381,"shadow_length_m":null,"signals":{"separation":0.6267,"shadow":0.0,"shape":0.9582,"size":0.798},"solidity":0.9143,"touches_edge":false},"type":"Feature"},{"geometry":{"coordinates":[[[-5.9511968,39.9301221],[-5.9512183,39.9301221],[-5.9512264,39.9301283],[-5.9512317,39.9301447],[-5.9512129,39.9301591],[-5.9511834,39.9301447],[-5.9511834,39.9301324],[-5.9511968,39.9301221]]],"type":"Polygon"},"id":607,"properties":{"area_m2":11.953,"centroid_lonlat":[-5.9512074,39.9301386],"centroid_px":[110.035,360.491],"confidence":0.8374,"confidence_bucket":"high","detector_score":null,"eccentricity":0.4416,"equivalent_diameter_m":3.901,"height_m":null,"height_reason":"unavailable","id":607,"low_confidence_reason":null,"perimeter_m":11.971,"shadow_length_m":null,"signals":{"separation":0.664,"shadow":0.0,"shape":1.0,"size":0.8155},"solidity":0.95,"touches_edge":false},"type":"Feature"},{"geometry":{"coordinates":[[[-5.9498826,39.9301221],[-5.949904,39.9301221],[-5.9499174,39.9301406],[-5.949904,39.9301591],[-5.9498879,39.9301591],[-5.9498692,39.9301488],[-5.9498692,39.9301324],[-5.9498826,39.9301221]]],"type":"Polygon"},"id":608,"properties":{"area_m2":13.42,"centroid_lonlat":[-5.9498928,39.9301405],"centroid_px":[355.094,360.016],"confidence":0.8362,"confidence_bucket":"high","detector_score":null,"eccentricity":0.4586,"equivalent_diameter_m":4.134,"height_m":null,"height_reason":"unavailable","id":608,"low_confidence_reason":null,"perimeter_m":12.508,"shadow_length_m":null,"signals":{"separation":0.7006,"shadow":0.0,"shape":1.0,"size":0.7752},"solidity":0.9552,"touches_edge":false},"type":"Feature"},{"geometry":{"coordinates":[[[-5.9509608,39.930118],[-5.9509823,39.930118],[-5.950993,39.9301262],[-5.951001,39.93012],[-5.9509823,39.930155],[-5.9509608,39.930155],[-5.9509528,39.9301488],[-5.9509528,39.9301241],[-5.9509608,39.930118]]],"type":"Polygon"},"id":609,"properties":{"area_m2":13.211,"centroid_lonlat":[-5.9509738,39.9301358],"centroid_px":[153.587,361.159],"confidence":0.8322,"confidence_bucket":"high","detector_score":null,"eccentricity":0.5868,"equivalent_diameter_m":4.101,"height_m":null,"height_reason":"unavailable","id":609,"low_confidence_reason":null,"perimeter_m":13.329,"shadow_length_m":null,"signals":{"separation":0.6316,"shadow":0.0,"shape":0.9345,"size":0.9101},"solidity":0.9,"touches_edge":false},"type":"Feature"},{"geometry":{"coordinates":[[[-5.9501883,39.930118],[-5.9502071,39.93012],[-5.9502125,39.9301406],[-5.9502044,39.9301468],[-5.9501803,39.9301283],[-5.9501883,39.930118]]],"type":"Polygon"},"id":610,"properties":{"area_m2":5.871,"centroid_lonlat":[-5.9501973,39.930131],"centroid_px":[298.321,362.321],"confidence":0.6348,"confidence_bucket":"medium","detector_score":null,"eccentricity":0.8003,"equivalent_diameter_m":2.734,"height_m":null,"height_reason":"unavailable","id":610,"low_confidence_reason":null,"perimeter_m":8.465,"shadow_length_m":null,"signals":{"separation":0.335,"shadow":0.0,"shape":1.0,"size":0.4963},"solidity":0.9032,"touches_edge":false},"type":"Feature"},{"geometry":{"coordinates":[[[-5.9496894,39.9301139],[-5.9497163,39.9301139],[-5.9497136,39.93012],[-5.9497243,39.9301283],[-5.9497243,39.9301488],[-5.9497055,39.9301591],[-5.9496894,39.9301591],[-5.949676,39.9301488],[-5.949676,39.9301241],[-5.9496894,39.9301139]]],"type":"Polygon"},"id":611,"properties":{"area_m2":17.824,"centroid_lonlat":[-5.9496998,39.9301363],"centroid_px":[391.071,361.035],"confidence":0.7665,"confidence_bucket":"high","detector_score":null,"eccentricity":0.567,"equivalent_diameter_m":4.764,"height_m":null,"height_reason":"unavailable","id":611,"low_confidence_reason":null,"perimeter_m":14.987,"shadow_length_m":null,"signals":{"separation":0.769,"shadow":0.0,"shape":0.9972,"size":0.4872},"solidity":0.9659,"touches_edge":false},"type":"Feature"},{"geometry":{"coordinates":[[[-5.9512988,39.9300892],[-5.9513256,39.9301097],[-5.9513363,39.9300892],[-5.9513471,39.9300974],[-5.9513739,39.9300933],[-5.9513927,39.9301159],[-5.9513873,39.9301365],[-5.951398,39.930157],[-5.9513873,39.9301653],[-5.951398,39.9301817],[-5.9514168,39.9301961],[-5.9514382,39.9301838],[-5.9514758,39.9301879],[-5.9514892,39.9301982],[-5.9514838,39.9302146],[-5.9515026,39.9302208],[-5.9515214,39.9302393],[-5.951508,39.9302496],[-5.9514758,39.9302537],[-5.951449,39.9302784],[-5.9514329,39.9302661],[-5.9514061,39.9302661],[-5.9513605,39.9302105],[-5.9513766,39.9301858],[-5.9513631,39.9301879],[-5.9513578,39.9301756],[-5.9513524,39.9301797],[-5.9513095,39.930155],[-5.9513041,39.9301591],[-5.9512961,39.9301529],[-5.9513015,39.9301447],[-5.9512934,39.9301385],[-5.951288,39.9301427],[-5.9512639,39.9301159],[-5.9512639,39.9301077],[-5.9512773,39.9301097],[-5.9512988,39.9300892]]],"type":"Polygon"},"id":612,"properties":{"area_m2":162.722,"centroid_lonlat":[-5.9513918,39.9301829],"centroid_px":[75.659,349.715],"confidence":0.1038,"confidence_bucket":"low","detector_score":null,"eccentricity":0.942,"equivalent_diameter_m":14.394,"height_m":null,"height_reason":"unavailable","id":612,"low_confidence_reason":"Low confidence: this crown is far larger or smaller than its neighbours, so it is likely merged with, or split from, another crown.","perimeter_m":95.585,"shadow_length_m":null,"signals":{"separation":0.0636,"shadow":0.0,"shape":0.2238,"size":0.0},"solidity":0.7004,"touches_edge":false},"type":"Feature"},{"geometry":{"coordinates":[[[-5.9510091,39.9301097],[-5.9510306,39.9301097],[-5.9510493,39.9301241],[-5.9510466,39.9301509],[-5.9510091,39.930155],[-5.9509903,39.9301447],[-5.9510091,39.9301097]]],"type":"Polygon"},"id":613,"properties":{"area_m2":20.131,"centroid_lonlat":[-5.951022,39.9301336],"centroid_px":[144.594,361.708],"confidence":0.5923,"confidence_bucket":"medium","detector_score":null,"eccentricity":0.3305,"equivalent_diameter_m":5.063,"height_m":null,"height_reason":"unavailable","id":613,"low_confidence_reason":null,"perimeter_m":15.903,"shadow_length_m":null,"signals":{"separation":0.5721,"shadow":0.0,"shape":1.0,"size":0.1232},"solidity":0.9505,"touches_edge":false},"type":"Feature"},{"geometry":{"coordinates":[[[-5.950065,39.9300974],[-5.9500891,39.9301241],[-5.9500891,39.9301406],[-5.9500811,39.9301468],[-5.9500408,39.9301365],[-5.9500408,39.9301241],[-5.9500542,39.9301139],[-5.950073,39.9301118],[-5.9500623,39.9301036],[-5.950065,39.9300974]]],"type":"Polygon"},"id":614,"properties":{"area_m2":13.42,"centroid_lonlat":[-5.950066,39.9301275],"centroid_px":[322.797,363.188],"confidence":0.7428,"confidence_bucket":"high","detector_score":null,"eccentricity":0.4319,"equivalent_diameter_m":4.134,"height_m":null,"height_reason":"unavailable","id":614,"low_confidence_reason":null,"perimeter_m":14.987,"shadow_length_m":null,"signals":{"separation":0.6647,"shadow":0.0,"shape":0.7508,"size":0.8112},"solidity":0.8205,"touches_edge":false},"type":"Feature"},{"geometry":{"coordinates":[[[-5.9500113,39.9301139],[-5.9500408,39.93012],[-5.9500408,39.9301365],[-5.9500274,39.9301468],[-5.9499979,39.9301324],[-5.9500113,39.9301139]]],"type":"Polygon"},"id":615,"properties":{"area_m2":9.646,"centroid_lonlat":[-5.9500212,39.9301298],"centroid_px":[331.152,362.63],"confidence":0.8019,"confidence_bucket":"high","detector_score":null,"eccentricity":0.3101,"equivalent_diameter_m":3.505,"height_m":null,"height_reason":"unavailable","id":615,"low_confidence_reason":null,"perimeter_m":10.676,"shadow_length_m":null,"signals":{"separation":0.5844,"shadow":0.0,"shape":1.0,"size":0.7818},"solidity":0.9388,"touches_edge":false},"type":"Feature"},{"geometry":{"coordinates":[[[-5.9484074,39.9301139],[-5.9484288,39.9301139],[-5.9484422,39.9301241],[-5.9484234,39.9301468],[-5.9483939,39.9301406],[-5.9483939,39.9301241],[-5.9484074,39.9301139]]],"type":"Polygon"},"id":616,"properties":{"area_m2":11.743,"centroid_lonlat":[-5.9484166,39.9301296],"centroid_px":[630.268,362.661],"confidence":0.9049,"confidence_bucket":"high","detector_score":null,"eccentricity":0.5129,"equivalent_diameter_m":3.867,"height_m":null,"height_reason":"unavailable","id":616,"low_confidence_reason":null,"perimeter_m":11.592,"shadow_length_m":null,"signals":{"separation":0.7106,"shadow":0.0,"shape":1.0,"size":0.985},"solidity":0.9655,"touches_edge":false},"type":"Feature"},{"geometry":{"coordinates":[[[-5.9502205,39.9301097],[-5.9502366,39.9301097],[-5.9502554,39.9301241],[-5.9502473,39.9301427],[-5.9502205,39.9301427],[-5.9502071,39.9301324],[-5.9502071,39.93012],[-5.9502205,39.9301097]]],"type":"Polygon"},"id":617,"properties":{"area_m2":12.372,"centroid_lonlat":[-5.9502311,39.9301271],"centroid_px":[292.034,363.271],"confidence":0.9021,"confidence_bucket":"high","detector_score":null,"eccentricity":0.5583,"equivalent_diameter_m":3.969,"height_m":null,"height_reason":"unavailable","id":617,"low_confidence_reason":null,"perimeter_m":11.592,"shadow_length_m":null,"signals":{"separation":0.6923,"shadow":0.0,"shape":1.0,"size":0.9944},"solidity":1.0,"touches_edge":false},"type":"Feature"},{"geometry":{"coordinates":[[[-5.9506819,39.9301097],[-5.9507006,39.93012],[-5.9506765,39.9301303],[-5.9506685,39.9301241],[-5.9506819,39.9301097]]],"type":"Polygon"},"id":618,"properties":{"area_m2":3.145,"centroid_lonlat":[-5.9506844,39.9301206],"centroid_px":[207.533,364.867],"confidence":0.7382,"confidence_bucket":"high","detector_score":null,"eccentricity":0.7479,"equivalent_diameter_m":2.001,"height_m":null,"height_reason":"unavailable","id":618,"low_confidence_reason":null,"perimeter_m":5.528,"shadow_length_m":null,"signals":{"separation":0.4576,"shadow":0.0,"shape":1.0,"size":0.7047},"solidity":0.8333,"touches_edge":false},"type":"Feature"},{"geometry":{"coordinates":[[[-5.9516421,39.9300727],[-5.9516475,39.9300809],[-5.9516796,39.9300809],[-5.9516877,39.9300871],[-5.9516823,39.9300912],[-5.9516984,39.9301118],[-5.9516984,39.9301283],[-5.951685,39.9301385],[-5.9516582,39.9301385],[-5.9516448,39.9301283],[-5.9516501,39.9300953],[-5.9516394,39.9300871],[-5.9516421,39.9300727]]],"type":"Polygon"},"id":619,"properties":{"area_m2":25.583,"centroid_lonlat":[-5.9516687,39.9301097],"centroid_px":[24.049,367.508],"confidence":0.4808,"confidence_bucket":"medium","detector_score":null,"eccentricity":0.7871,"equivalent_diameter_m":5.707,"height_m":null,"height_reason":"unavailable","id":619,"low_confidence_reason":null,"perimeter_m":20.135,"shadow_length_m":null,"signals":{"separation":0.5786,"shadow":0.0,"shape":0.7929,"size":0.0084},"solidity":0.8777,"touches_edge":false},"type":"Feature"},{"geometry":{"coordinates":[[[-5.9515187,39.9300563],[-5.9515268,39.9300583],[-5.9515294,39.9300768],[-5.9515536,39.9300748],[-5.9515429,39.9300912],[-5.9515536,39.9301036],[-5.9515536,39.93012],[-5.9515348,39.9301385],[-5.9514946,39.9301283],[-5.951516,39.9300953],[-5.9515053,39.930083],[-5.9515053,39.9300665],[-5.9515187,39.9300563]]],"type":"Polygon"},"id":620,"properties":{"area_m2":27.26,"centroid_lonlat":[-5.9515268,39.9301013],"centroid_px":[50.492,369.562],"confidence":0.2994,"confidence_bucket":"low","detector_score":null,"eccentricity":0.8764,"equivalent_diameter_m":5.891,"height_m":null,"height_reason":"unavailable","id":620,"low_confidence_reason":"Low confidence: this crown is far larger or smaller than its neighbours, so it is likely merged with, or split from, another crown.","perimeter_m":25.947,"shadow_length_m":null,"signals":{"separation":0.3476,"shadow":0.0,"shape":0.5088,"size":0.0},"solidity":0.7558,"touches_edge":false},"type":"Feature"},{"geometry":{"coordinates":[[[-5.9514543,39.9300933],[-5.9514946,39.9300995],[-5.9514946,39.9301159],[-5.9514812,39.9301262],[-5.9514651,39.9301262],[-5.9514463,39.9301159],[-5.9514463,39.9300995],[-5.9514543,39.9300933]]],"type":"Polygon"},"id":621,"properties":{"area_m2":12.162,"centroid_lonlat":[-5.9514704,39.9301096],"centroid_px":[61.0,367.534],"confidence":0.8146,"confidence_bucket":"high","detector_score":null,"eccentricity":0.5889,"equivalent_diameter_m":3.935,"height_m":null,"height_reason":"unavailable","id":621,"low_confidence_reason":null,"perimeter_m":12.508,"shadow_length_m":null,"signals":{"separation":0.4655,"shadow":0.0,"shape":0.977,"size":0.9689},"solidity":0.9355,"touches_edge":false},"type":"Feature"},{"geometry":{"coordinates":[[[-5.9502581,39.9300727],[-5.9502608,39.930083],[-5.9502742,39.9300809],[-5.9502876,39.9300995],[-5.9502849,39.9301221],[-5.9502527,39.9301221],[-5.9502393,39.9301118],[-5.9502393,39.9300995],[-5.9502554,39.9300871],[-5.9502581,39.9300727]]],"type":"Polygon"},"id":622,"properties":{"area_m2":14.888,"centroid_lonlat":[-5.9502643,39.9301037],"centroid_px":[285.831,368.972],"confidence":0.8397,"confidence_bucket":"high","detector_score":null,"eccentricity":0.5591,"equivalent_diameter_m":4.354,"height_m":null,"height_reason":"unavailable","id":622,"low_confidence_reason":null,"perimeter_m":14.15,"shadow_length_m":null,"signals":{"separation":0.7584,"shadow":0.0,"shape":0.9345,"size":0.8073},"solidity":0.8452,"touches_edge":false},"type":"Feature"},{"geometry":{"coordinates":[[[-5.9499308,39.9300851],[-5.9499469,39.9300851],[-5.9499657,39.9300953],[-5.949955,39.9301077],[-5.9499604,39.9301118],[-5.9499469,39.9301221],[-5.9499174,39.9300995],[-5.9499308,39.9300851]]],"type":"Polygon"},"id":623,"properties":{"area_m2":10.904,"centroid_lonlat":[-5.9499421,39.9301014],"centroid_px":[345.904,369.538],"confidence":0.859,"confidence_bucket":"high","detector_score":null,"eccentricity":0.4048,"equivalent_diameter_m":3.726,"height_m":null,"height_reason":"unavailable","id":623,"low_confidence_reason":null,"perimeter_m":12.082,"shadow_length_m":null,"signals":{"separation":0.6952,"shadow":0.0,"shape":0.9387,"size":0.9273},"solidity":0.8966,"touches_edge":false},"type":"Feature"},{"geometry":{"coordinates":[[[-5.9515643,39.9300871],[-5.9516126,39.930083],[-5.9516126,39.9301077],[-5.9515992,39.930118],[-5.9515777,39.930118],[-5.9515643,39.9301077],[-5.9515643,39.9300871]]],"type":"Polygon"},"id":624,"properties":{"area_m2":14.679,"centroid_lonlat":[-5.9515892,39.9300993],"centroid_px":[38.857,370.029],"confidence":0.7496,"confidence_bucket":"high","detector_score":null,"eccentricity":0.4555,"equivalent_diameter_m":4.323,"height_m":null,"height_reason":"unavailable","id":624,"low_confidence_reason":null,"perimeter_m":13.312,"shadow_length_m":null,"signals":{"separation":0.6355,"shadow":0.0,"shape":1.0,"size":0.5631},"solidity":0.9722,"touches_edge":false},"type":"Feature"},{"geometry":{"coordinates":[[[-5.950698,39.9300768],[-5.9507221,39.9300871],[-5.9507141,39.9301221],[-5.9506685,39.9301036],[-5.9506738,39.9300871],[-5.950698,39.9300768]]],"type":"Polygon"},"id":625,"properties":{"area_m2":16.356,"centroid_lonlat":[-5.9506989,39.9300984],"centroid_px":[204.833,370.256],"confidence":0.7975,"confidence_bucket":"high","detector_score":null,"eccentricity":0.4695,"equivalent_diameter_m":4.563,"height_m":null,"height_reason":"unavailable","id":625,"low_confidence_reason":null,"perimeter_m":14.719,"shadow_length_m":null,"signals":{"separation":0.6346,"shadow":0.0,"shape":0.9488,"size":0.7788},"solidity":0.9286,"touches_edge":false},"type":"Feature"},{"geometry":{"coordinates":[[[-5.9501186,39.9300851],[-5.9501427,39.9300953],[-5.9501427,39.9301077],[-5.9501293,39.930118],[-5.9501079,39.930118],[-5.9500998,39.9301118],[-5.9500998,39.9300912],[-5.9501079,39.9300933],[-5.9501186,39.9300851]]],"type":"Polygon"},"id":626,"properties":{"area_m2":11.114,"centroid_lonlat":[-5.9501207,39.9301023],"centroid_px":[312.604,369.321],"confidence":0.8903,"confidence_bucket":"high","detector_score":null,"eccentricity":0.413,"equivalent_diameter_m":3.762,"height_m":null,"height_reason":"unavailable","id":626,"low_confidence_reason":null,"perimeter_m":11.592,"shadow_length_m":null,"signals":{"separation":0.6886,"shadow":0.0,"shape":1.0,"size":0.9603},"solidity":0.9636,"touches_edge":false},"type":"Feature"},{"geometry":{"coordinates":[[[-5.9497431,39.9300522],[-5.9497592,39.9300522],[-5.9497994,39.9300707],[-5.9497941,39.9300789],[-5.9498048,39.9300871],[-5.9497941,39.9301241],[-5.9497806,39.9301303],[-5.9497485,39.9301097],[-5.9497431,39.9301139],[-5.9497136,39.9301036],[-5.9497458,39.9300789],[-5.949735,39.9300707],[-5.9497431,39.9300522]]],"type":"Polygon"},"id":627,"properties":{"area_m2":39.213,"centroid_lonlat":[-5.9497644,39.9300904],"centroid_px":[379.021,372.214],"confidence":0.4753,"confidence_bucket":"medium","detector_score":null,"eccentricity":0.6096,"equivalent_diameter_m":7.066,"height_m":null,"height_reason":"unavailable","id":627,"low_confidence_reason":null,"perimeter_m":27.638,"shadow_length_m":null,"signals":{"separation":0.5499,"shadow":0.0,"shape":0.6451,"size":0.197},"solidity":0.8274,"touches_edge":false},"type":"Feature"},{"geometry":{"coordinates":[[[-5.9503385,39.930048],[-5.9503573,39.9300583],[-5.9503573,39.9300912],[-5.9503788,39.9301241],[-5.9503278,39.9301427],[-5.9503064,39.9301427],[-5.9502822,39.9301283],[-5.9502876,39.9300995],[-5.9502715,39.9300748],[-5.9502903,39.9300563],[-5.950301,39.9300645],[-5.9503385,39.930048]]],"type":"Polygon"},"id":628,"properties":{"area_m2":63.327,"centroid_lonlat":[-5.9503238,39.9300978],"centroid_px":[274.742,370.397],"confidence":0.46,"confidence_bucket":"medium","detector_score":null,"eccentricity":0.6368,"equivalent_diameter_m":8.979,"height_m":null,"height_reason":"unavailable","id":628,"low_confidence_reason":null,"perimeter_m":33.323,"shadow_length_m":null,"signals":{"separation":0.612,"shadow":0.0,"shape":0.7167,"size":0.0},"solidity":0.858,"touches_edge":false},"type":"Feature"},{"geometry":{"coordinates":[[[-5.9501722,39.9300768],[-5.9501937,39.9300768],[-5.9502071,39.9300871],[-5.9502071,39.9301036],[-5.9501991,39.9301015],[-5.9501937,39.9301139],[-5.9501722,39.9301139],[-5.9501588,39.9301036],[-5.9501588,39.9300871],[-5.9501722,39.9300768]]],"type":"Polygon"},"id":629,"properties":{"area_m2":13.84,"centroid_lonlat":[-5.9501823,39.9300948],"centroid_px":[301.121,371.121],"confidence":0.8008,"confidence_bucket":"high","detector_score":null,"eccentricity":0.3423,"equivalent_diameter_m":4.198,"height_m":null,"height_reason":"unavailable","id":629,"low_confidence_reason":null,"perimeter_m":13.803,"shadow_length_m":null,"signals":{"separation":0.6171,"shadow":0.0,"shape":0.9129,"size":0.8501},"solidity":0.9565,"touches_edge":false},"type":"Feature"},{"geometry":{"coordinates":[[[-5.9500864,39.9300851],[-5.9500998,39.9300912],[-5.9500971,39.9301139],[-5.9500811,39.9301139],[-5.9500676,39.9300995],[-5.9500864,39.9300851]]],"type":"Polygon"},"id":630,"properties":{"area_m2":6.71,"centroid_lonlat":[-5.9500862,39.9300998],"centroid_px":[319.031,369.906],"confidence":0.752,"confidence_bucket":"high","detector_score":null,"eccentricity":0.5885,"equivalent_diameter_m":2.923,"height_m":null,"height_reason":"unavailable","id":630,"low_confidence_reason":null,"perimeter_m":8.733,"shadow_length_m":null,"signals":{"separation":0.6267,"shadow":0.0,"shape":1.0,"size":0.5797},"solidity":0.9412,"touches_edge":false},"type":"Feature"},{"geometry":{"coordinates":[[[-5.9516528,39.9300686],[-5.9516689,39.9300686],[-5.951677,39.9300789],[-5.9516475,39.9300809],[-5.9516528,39.9300686]]],"type":"Polygon"},"id":631,"properties":{"area_m2":3.355,"centroid_lonlat":[-5.9516609,39.9300753],"centroid_px":[25.5,375.875],"confidence":0.7342,"confidence_bucket":"high","detector_score":null,"eccentricity":0.8696,"equivalent_diameter_m":2.067,"height_m":null,"height_reason":"unavailable","id":631,"low_confidence_reason":null,"perimeter_m":5.874,"shadow_length_m":null,"signals":{"separation":0.4431,"shadow":0.0,"shape":1.0,"size":0.7063},"solidity":1.0,"touches_edge":false},"type":"Feature"},{"geometry":{"coordinates":[[[-5.9515643,39.9300707],[-5.9515992,39.9300604],[-5.9516126,39.9300789],[-5.951567,39.9300851],[-5.9515643,39.9300707]]],"type":"Polygon"},"id":632,"properties":{"area_m2":7.759,"centroid_lonlat":[-5.9515869,39.9300742],"centroid_px":[39.297,376.135],"confidence":0.7232,"confidence_bucket":"high","detector_score":null,"eccentricity":0.8223,"equivalent_diameter_m":3.143,"height_m":null,"height_reason":"unavailable","id":632,"low_confidence_reason":null,"perimeter_m":10.849,"shadow_length_m":null,"signals":{"separation":0.4121,"shadow":0.0,"shape":0.8283,"size":0.9083},"solidity":0.8409,"touches_edge":false},"type":"Feature"},{"geometry":{"coordinates":[[[-5.9502313,39.9300563],[-5.9502554,39.9300748],[-5.9502554,39.9300871],[-5.950242,39.9300974],[-5.9502178,39.9300912],[-5.9502178,39.9300624],[-5.9502313,39.9300563]]],"type":"Polygon"},"id":633,"properties":{"area_m2":11.114,"centroid_lonlat":[-5.9502349,39.9300788],"centroid_px":[291.321,375.019],"confidence":0.8155,"confidence_bucket":"high","detector_score":null,"eccentricity":0.7057,"equivalent_diameter_m":3.762,"height_m":null,"height_reason":"unavailable","id":633,"low_confidence_reason":null,"perimeter_m":11.971,"shadow_length_m":null,"signals":{"separation":0.5444,"shadow":0.0,"shape":0.9745,"size":0.8958},"solidity":0.9636,"touches_edge":false},"type":"Feature"},{"geometry":{"coordinates":[[[-5.949448,39.9300604],[-5.9494722,39.9300789],[-5.9494588,39.9300933],[-5.9494293,39.9300789],[-5.9494293,39.9300707],[-5.949448,39.9300604]]],"type":"Polygon"},"id":634,"properties":{"area_m2":7.968,"centroid_lonlat":[-5.9494504,39.9300773],"centroid_px":[437.553,375.395],"confidence":0.7209,"confidence_bucket":"high","detector_score":null,"eccentricity":0.7489,"equivalent_diameter_m":3.185,"height_m":null,"height_reason":"unavailable","id":634,"low_confidence_reason":null,"perimeter_m":9.871,"shadow_length_m":null,"signals":{"separation":0.4066,"shadow":0.0,"shape":1.0,"size":0.7002},"solidity":0.9268,"touches_edge":false},"type":"Feature"},{"geometry":{"coordinates":[[[-5.9515294,39.9300563],[-5.9515536,39.9300665],[-5.9515455,39.9300768],[-5.9515268,39.9300748],[-5.9515294,39.9300563]]],"type":"Polygon"},"id":635,"properties":{"area_m2":4.404,"centroid_lonlat":[-5.9515384,39.9300671],"centroid_px":[48.333,377.857],"confidence":0.7443,"confidence_bucket":"high","detector_score":null,"eccentricity":0.5001,"equivalent_diameter_m":2.368,"height_m":null,"height_reason":"unavailable","id":635,"low_confidence_reason":null,"perimeter_m":6.522,"shadow_length_m":null,"signals":{"separation":0.547,"shadow":0.0,"shape":1.0,"size":0.6347},"solidity":1.0,"touches_edge":false},"type":"Feature"},{"geometry":{"coordinates":[[[-5.9516072,39.9300665],[-5.9516314,39.9300604],[-5.9516448,39.9300707],[-5.9516314,39.9300892],[-5.9516126,39.9300871],[-5.9516072,39.9300665]]],"type":"Polygon"},"id":636,"properties":{"area_m2":7.339,"centroid_lonlat":[-5.9516246,39.930075],"centroid_px":[32.257,375.943],"confidence":0.8313,"confidence_bucket":"high","detector_score":null,"eccentricity":0.389,"equivalent_diameter_m":3.057,"height_m":null,"height_reason":"unavailable","id":636,"low_confidence_reason":null,"perimeter_m":9.76,"shadow_length_m":null,"signals":{"separation":0.5992,"shadow":0.0,"shape":0.9682,"size":0.8992},"solidity":0.8974,"touches_edge":false},"type":"Feature"},{"geometry":{"coordinates":[[[-5.9514597,39.9300439],[-5.9514812,39.9300439],[-5.9514946,39.9300542],[-5.9514865,39.9300974],[-5.9514704,39.9300974],[-5.9514356,39.9300789],[-5.9514356,39.9300624],[-5.9514597,39.9300439]]],"type":"Polygon"},"id":637,"properties":{"area_m2":23.066,"centroid_lonlat":[-5.9514671,39.9300699],"centroid_px":[61.627,377.191],"confidence":0.6583,"confidence_bucket":"medium","detector_score":null,"eccentricity":0.4751,"equivalent_diameter_m":5.419,"height_m":null,"height_reason":"unavailable","id":637,"low_confidence_reason":null,"perimeter_m":17.862,"shadow_length_m":null,"signals":{"separation":0.7558,"shadow":0.0,"shape":0.9085,"size":0.2605},"solidity":0.9402,"touches_edge":false},"type":"Feature"},{"geometry":{"coordinates":[[[-5.9502098,39.930048],[-5.9502232,39.9300583],[-5.9502178,39.9300748],[-5.9501991,39.9300768],[-5.9501857,39.9300624],[-5.9502098,39.930048]]],"type":"Polygon"},"id":638,"properties":{"area_m2":6.5,"centroid_lonlat":[-5.950205,39.9300642],"centroid_px":[296.903,378.581],"confidence":0.6876,"confidence_bucket":"medium","detector_score":null,"eccentricity":0.4795,"equivalent_diameter_m":2.877,"height_m":null,"height_reason":"unavailable","id":638,"low_confidence_reason":null,"perimeter_m":8.844,"shadow_length_m":null,"signals":{"separation":0.4502,"shadow":0.0,"shape":1.0,"size":0.5503},"solidity":0.9118,"touches_edge":false},"type":"Feature"},{"geometry":{"coordinates":[[[-5.9498343,39.9299658],[-5.9498611,39.929974],[-5.9498852,39.9299966],[-5.9498852,39.9300048],[-5.9498584,39.9300254],[-5.9498584,39.9300378],[-5.9498718,39.9300398],[-5.9498799,39.9300501],[-5.9498799,39.9300665],[-5.9498665,39.9300768],[-5.9498343,39.9300727],[-5.9498236,39.9300645],[-5.9498182,39.9300686],[-5.9498262,39.9300336],[-5.9498128,39.9300192],[-5.9497887,39.9300172],[-5.9497887,39.9300007],[-5.9497994,39.9299925],[-5.9497994,39.9299802],[-5.9497887,39.9299719],[-5.9498236,39.929974],[-5.9498343,39.9299658]]],"type":"Polygon"},"id":639,"properties":{"area_m2":63.118,"centroid_lonlat":[-5.9498399,39.9300173],"centroid_px":[364.957,389.98],"confidence":0.2233,"confidence_bucket":"low","detector_score":null,"eccentricity":0.8373,"equivalent_diameter_m":8.965,"height_m":null,"height_reason":"unavailable","id":639,"low_confidence_reason":"Low confidence: this crown is far larger or smaller than its neighbours, so it is likely merged with, or split from, another crown.","perimeter_m":43.194,"shadow_length_m":null,"signals":{"separation":0.2043,"shadow":0.0,"shape":0.4251,"size":0.0},"solidity":0.7601,"touches_edge":false},"type":"Feature"},{"geometry":{"coordinates":[[[-5.9496734,39.9300439],[-5.9496921,39.9300583],[-5.9496841,39.9300686],[-5.9496546,39.9300542],[-5.9496734,39.9300439]]],"type":"Polygon"},"id":640,"properties":{"area_m2":4.823,"centroid_lonlat":[-5.9496752,39.9300564],"centroid_px":[395.652,380.478],"confidence":0.675,"confidence_bucket":"medium","detector_score":null,"eccentricity":0.6964,"equivalent_diameter_m":2.478,"height_m":null,"height_reason":"unavailable","id":640,"low_confidence_reason":null,"perimeter_m":7.739,"shadow_length_m":null,"signals":{"separation":0.3696,"shadow":0.0,"shape":1.0,"size":0.5905},"solidity":0.8846,"touches_edge":false},"type":"Feature"},{"geometry":{"coordinates":[[[-5.9506658,39.9300439],[-5.9506845,39.9300542],[-5.9506658,39.9300686],[-5.9506577,39.9300624],[-5.9506658,39.9300439]]],"type":"Polygon"},"id":641,"properties":{"area_m2":3.984,"centroid_lonlat":[-5.9506686,39.9300553],"centroid_px":[210.474,380.737],"confidence":0.8031,"confidence_bucket":"high","detector_score":null,"eccentricity":0.6194,"equivalent_diameter_m":2.252,"height_m":null,"height_reason":"unavailable","id":641,"low_confidence_reason":null,"perimeter_m":6.365,"shadow_length_m":null,"signals":{"separation":0.5751,"shadow":0.0,"shape":1.0,"size":0.7947},"solidity":1.0,"touches_edge":false},"type":"Feature"},{"geometry":{"coordinates":[[[-5.9500328,39.9300275],[-5.9500489,39.9300275],[-5.9500569,39.9300419],[-5.9500569,39.9300542],[-5.9500435,39.9300645],[-5.950014,39.9300501],[-5.950014,39.9300378],[-5.9500328,39.9300275]]],"type":"Polygon"},"id":642,"properties":{"area_m2":11.323,"centroid_lonlat":[-5.9500362,39.9300448],"centroid_px":[328.352,383.278],"confidence":0.8923,"confidence_bucket":"high","detector_score":null,"eccentricity":0.3744,"equivalent_diameter_m":3.797,"height_m":null,"height_reason":"unavailable","id":642,"low_confidence_reason":null,"perimeter_m":11.592,"shadow_length_m":null,"signals":{"separation":0.6822,"shadow":0.0,"shape":1.0,"size":0.9731},"solidity":0.9474,"touches_edge":false},"type":"Feature"},{"geometry":{"coordinates":[[[-5.9493032,39.9300357],[-5.9493166,39.930046],[-5.9492978,39.9300563],[-5.9492898,39.930046],[-5.9493032,39.9300357]]],"type":"Polygon"},"id":643,"properties":{"area_m2":3.355,"centroid_lonlat":[-5.9493032,39.9300455],"centroid_px":[465.0,383.125],"confidence":0.6457,"confidence_bucket":"medium","detector_score":null,"eccentricity":0.741,"equivalent_diameter_m":2.067,"height_m":null,"height_reason":"unavailable","id":643,"low_confidence_reason":null,"perimeter_m":5.717,"shadow_length_m":null,"signals":{"separation":0.4431,"shadow":0.0,"shape":1.0,"size":0.4233},"solidity":0.9412,"touches_edge":false},"type":"Feature"},{"geometry":{"coordinates":[[[-5.9494963,39.9300151],[-5.9495312,39.9300336],[-5.9495312,39.9300501],[-5.9495178,39.930048],[-5.9494963,39.9300604],[-5.9494776,39.930046],[-5.9494936,39.9300295],[-5.9494963,39.9300151]]],"type":"Polygon"},"id":644,"properties":{"area_m2":13.211,"centroid_lonlat":[-5.9495055,39.9300393],"centroid_px":[427.286,384.635],"confidence":0.774,"confidence_bucket":"high","detector_score":null,"eccentricity":0.4874,"equivalent_diameter_m":4.101,"height_m":null,"height_reason":"unavailable","id":644,"low_confidence_reason":null,"perimeter_m":14.561,"shadow_length_m":null,"signals":{"separation":0.6316,"shadow":0.0,"shape":0.7829,"size":0.9057},"solidity":0.8182,"touches_edge":false},"type":"Feature"},{"geometry":{"coordinates":[[[-5.9497431,39.9299617],[-5.9497753,39.9299658],[-5.9497994,39.9299802],[-5.9497887,39.9300172],[-5.9498128,39.9300192],[-5.9498262,39.9300336],[-5.9498155,39.9300665],[-5.9498021,39.9300727],[-5.9497592,39.9300522],[-5.9497431,39.9300522],[-5.949735,39.9300707],[-5.949727,39.9300727],[-5.9496814,39.9300501],[-5.9496975,39.9300336],[-5.9496868,39.9300172],[-5.9496868,39.9299966],[-5.9497055,39.9299904],[-5.9497431,39.9299617]]],"type":"Polygon"},"id":645,"properties":{"area_m2":100.024,"centroid_lonlat":[-5.9497515,39.9300202],"centroid_px":[381.436,389.266],"confidence":0.3689,"confidence_bucket":"low","detector_score":null,"eccentricity":0.391,"equivalent_diameter_m":11.285,"height_m":null,"height_reason":"unavailable","id":645,"low_confidence_reason":"Low confidence: this crown is far larger or smaller than its neighbours, so it is likely merged with, or split from, another crown.","perimeter_m":46.857,"shadow_length_m":null,"signals":{"separation":0.4936,"shadow":0.0,"shape":0.5725,"size":0.0},"solidity":0.8238,"touches_edge":false},"type":"Feature"},{"geometry":{"coordinates":[[[-5.9496841,39.9299987],[-5.9496975,39.9300336],[-5.9496626,39.9300522],[-5.9496465,39.9300522],[-5.9496278,39.9300378],[-5.9496439,39.9300254],[-5.9496385,39.9300213],[-5.9496841,39.9299987]]],"type":"Polygon"},"id":646,"properties":{"area_m2":20.131,"centroid_lonlat":[-5.949665,39.9300293],"centroid_px":[397.562,387.062],"confidence":0.6618,"confidence_bucket":"medium","detector_score":null,"eccentricity":0.702,"equivalent_diameter_m":5.063,"height_m":null,"height_reason":"unavailable","id":646,"low_confidence_reason":null,"perimeter_m":18.068,"shadow_length_m":null,"signals":{"separation":0.5721,"shadow":0.0,"shape":0.7749,"size":0.6159},"solidity":0.8496,"touches_edge":false},"type":"Feature"},{"geometry":{"coordinates":[[[-5.9494266,39.9300151],[-5.949448,39.9300151],[-5.9494561,39.9300213],[-5.9494615,39.9300419],[-5.949448,39.9300522],[-5.9494132,39.9300378],[-5.9494132,39.9300254],[-5.9494266,39.9300151]]],"type":"Polygon"},"id":647,"properties":{"area_m2":11.953,"centroid_lonlat":[-5.9494379,39.9300319],"centroid_px":[439.895,386.421],"confidence":0.8319,"confidence_bucket":"high","detector_score":null,"eccentricity":0.6075,"equivalent_diameter_m":3.901,"height_m":null,"height_reason":"unavailable","id":647,"low_confidence_reason":null,"perimeter_m":12.239,"shadow_length_m":null,"signals":{"separation":0.525,"shadow":0.0,"shape":1.0,"size":0.937},"solidity":0.9194,"touches_edge":false},"type":"Feature"},{"geometry":{"coordinates":[[[-5.949491,39.930011],[-5.9494936,39.9300295],[-5.9494749,39.930048],[-5.9494561,39.9300295],[-5.949491,39.930011]]],"type":"Polygon"},"id":648,"properties":{"area_m2":7.13,"centroid_lonlat":[-5.9494768,39.9300292],"centroid_px":[432.647,387.088],"confidence":0.6225,"confidence_bucket":"medium","detector_score":null,"eccentricity":0.8059,"equivalent_diameter_m":3.013,"height_m":null,"height_reason":"unavailable","id":648,"low_confidence_reason":null,"perimeter_m":9.855,"shadow_length_m":null,"signals":{"separation":0.4299,"shadow":0.0,"shape":0.9225,"size":0.4551},"solidity":0.8947,"touches_edge":false},"type":"Feature"},{"geometry":{"coordinates":[[[-5.9495392,39.9299987],[-5.9495687,39.930009],[-5.9495687,39.9300213],[-5.9495553,39.9300316],[-5.9495339,39.9300316],[-5.9495205,39.9300213],[-5.9495205,39.9300048],[-5.9495285,39.9300069],[-5.9495392,39.9299987]]],"type":"Polygon"},"id":649,"properties":{"area_m2":12.162,"centroid_lonlat":[-5.9495445,39.9300156],"centroid_px":[420.017,390.379],"confidence":0.8998,"confidence_bucket":"high","detector_score":null,"eccentricity":0.5209,"equivalent_diameter_m":3.935,"height_m":null,"height_reason":"unavailable","id":649,"low_confidence_reason":null,"perimeter_m":12.239,"shadow_length_m":null,"signals":{"separation":0.6982,"shadow":0.0,"shape":1.0,"size":0.9812},"solidity":0.9508,"touches_edge":false},"type":"Feature"},{"geometry":{"coordinates":[[[-5.9493569,39.9299946],[-5.9493783,39.9299946],[-5.9493917,39.9300048],[-5.949389,39.9300234],[-5.9493569,39.9300234],[-5.9493488,39.9300172],[-5.9493434,39.9300048],[-5.9493569,39.9299946]]],"type":"Polygon"},"id":650,"properties":{"area_m2":10.694,"centroid_lonlat":[-5.9493686,39.930009],"centroid_px":[452.804,391.98],"confidence":0.8893,"confidence_bucket":"high","detector_score":null,"eccentricity":0.6254,"equivalent_diameter_m":3.69,"height_m":null,"height_reason":"unavailable","id":650,"low_confidence_reason":null,"perimeter_m":11.497,"shadow_length_m":null,"signals":{"separation":0.702,"shadow":0.0,"shape":1.0,"size":0.9438},"solidity":0.9444,"touches_edge":false},"type":"Feature"},{"geometry":{"coordinates":[[[-5.9490833,39.9299822],[-5.9491101,39.9299822],[-5.9491181,39.9299884],[-5.9491181,39.9300131],[-5.9491047,39.9300275],[-5.9490779,39.9300275],[-5.9490645,39.9300172],[-5.9490591,39.9300007],[-5.9490833,39.9299822]]],"type":"Polygon"},"id":651,"properties":{"area_m2":19.501,"centroid_lonlat":[-5.9490916,39.9300051],"centroid_px":[504.441,392.946],"confidence":0.7179,"confidence_bucket":"high","detector_score":null,"eccentricity":0.5589,"equivalent_diameter_m":4.983,"height_m":null,"height_reason":"unavailable","id":651,"low_confidence_reason":null,"perimeter_m":16.282,"shadow_length_m":null,"signals":{"separation":0.5514,"shadow":0.0,"shape":0.9244,"size":0.6366},"solidity":0.93,"touches_edge":false},"type":"Feature"},{"geometry":{"coordinates":[[[-5.9514114,39.9299863],[-5.9514248,39.9300007],[-5.9514114,39.930011],[-5.9513873,39.9300007],[-5.9514114,39.9299863]]],"type":"Polygon"},"id":652,"properties":{"area_m2":4.404,"centroid_lonlat":[-5.9514076,39.9299992],"centroid_px":[72.714,394.381],"confidence":0.5004,"confidence_bucket":"medium","detector_score":null,"eccentricity":0.6534,"equivalent_diameter_m":2.368,"height_m":null,"height_reason":"unavailable","id":652,"low_confidence_reason":null,"perimeter_m":7.945,"shadow_length_m":null,"signals":{"separation":0.3868,"shadow":0.0,"shape":0.8767,"size":0.1623},"solidity":0.84,"touches_edge":false},"type":"Feature"},{"geometry":{"coordinates":[[[-5.9494588,39.9299781],[-5.9494802,39.9299781],[-5.9494776,39.9299884],[-5.9494936,39.9300007],[-5.9494883,39.9300131],[-5.9494588,39.9300275],[-5.9494615,39.9300172],[-5.9494454,39.9300048],[-5.9494454,39.9299884],[-5.9494588,39.9299781]]],"type":"Polygon"},"id":653,"properties":{"area_m2":14.469,"centroid_lonlat":[-5.9494674,39.9300001],"centroid_px":[434.391,394.159],"confidence":0.7043,"confidence_bucket":"high","detector_score":null,"eccentricity":0.6812,"equivalent_diameter_m":4.292,"height_m":null,"height_reason":"unavailable","id":653,"low_confidence_reason":null,"perimeter_m":15.193,"shadow_length_m":null,"signals":{"separation":0.6035,"shadow":0.0,"shape":0.7877,"size":0.705},"solidity":0.8519,"touches_edge":false},"type":"Feature"},{"geometry":{"coordinates":[[[-5.9506765,39.9299329],[-5.9507087,39.9299329],[-5.9507221,39.9299473],[-5.9507167,39.9299596],[-5.9507248,39.9299658],[-5.9507355,39.9299617],[-5.9507596,39.9299884],[-5.9507382,39.9300172],[-5.9507382,39.9300295],[-5.9507248,39.9300398],[-5.9506819,39.9300234],[-5.9506604,39.9300234],[-5.9506202,39.9299925],[-5.9506309,39.9299596],[-5.9506765,39.9299329]]],"type":"Polygon"},"id":654,"properties":{"area_m2":92.894,"centroid_lonlat":[-5.9506894,39.9299852],"centroid_px":[206.587,397.788],"confidence":0.4951,"confidence_bucket":"medium","detector_score":null,"eccentricity":0.58,"equivalent_diameter_m":10.876,"height_m":null,"height_reason":"unavailable","id":654,"low_confidence_reason":null,"perimeter_m":38.883,"shadow_length_m":null,"signals":{"separation":0.6577,"shadow":0.0,"shape":0.7721,"size":0.0},"solidity":0.9172,"touches_edge":false},"type":"Feature"},{"geometry":{"coordinates":[[[-5.9490296,39.9299617],[-5.9490618,39.9299658],[-5.9490699,39.9299843],[-5.9490806,39.9299843],[-5.9490564,39.9300069],[-5.9490243,39.9300069],[-5.9490108,39.9299966],[-5.9490108,39.9299719],[-5.9490189,39.929974],[-5.9490296,39.9299617]]],"type":"Polygon"},"id":655,"properties":{"area_m2":22.228,"centroid_lonlat":[-5.9490418,39.929985],"centroid_px":[513.736,397.83],"confidence":0.7227,"confidence_bucket":"high","detector_score":null,"eccentricity":0.4455,"equivalent_diameter_m":5.32,"height_m":null,"height_reason":"unavailable","id":655,"low_confidence_reason":null,"perimeter_m":17.924,"shadow_length_m":null,"signals":{"separation":0.7304,"shadow":0.0,"shape":0.8694,"size":0.5391},"solidity":0.9217,"touches_edge":false},"type":"Feature"},{"geometry":{"coordinates":[[[-5.9515026,39.9299617],[-5.9515241,39.9299617],[-5.9515375,39.9299719],[-5.9515348,39.9299904],[-5.9514973,39.9299946],[-5.9514892,39.9299884],[-5.9514892,39.9299719],[-5.9515026,39.9299617]]],"type":"Polygon"},"id":656,"properties":{"area_m2":13.001,"centroid_lonlat":[-5.9515129,39.9299784],"centroid_px":[53.081,399.419],"confidence":0.7853,"confidence_bucket":"high","detector_score":null,"eccentricity":0.5087,"equivalent_diameter_m":4.069,"height_m":null,"height_reason":"unavailable","id":656,"low_confidence_reason":null,"perimeter_m":12.128,"shadow_length_m":null,"signals":{"separation":0.6367,"shadow":0.0,"shape":1.0,"size":0.6763},"solidity":0.9841,"touches_edge":false},"type":"Feature"},{"geometry":{"coordinates":[[[-5.950411,39.9299678],[-5.9504351,39.9299617],[-5.9504539,39.9299802],[-5.9504592,39.9300007],[-5.9504458,39.930011],[-5.950411,39.9300007],[-5.950411,39.9299678]]],"type":"Polygon"},"id":657,"properties":{"area_m2":17.195,"centroid_lonlat":[-5.9504326,39.9299866],"centroid_px":[254.463,397.439],"confidence":0.6804,"confidence_bucket":"medium","detector_score":null,"eccentricity":0.7546,"equivalent_diameter_m":4.679,"height_m":null,"height_reason":"unavailable","id":657,"low_confidence_reason":null,"perimeter_m":17.119,"shadow_length_m":null,"signals":{"separation":0.3915,"shadow":0.0,"shape":0.7373,"size":0.9011},"solidity":0.9318,"touches_edge":false},"type":"Feature"},{"geometry":{"coordinates":[[[-5.9485388,39.9299678],[-5.9485629,39.9299617],[-5.9485871,39.9299843],[-5.9485736,39.9299946],[-5.9485522,39.9299946],[-5.9485388,39.9299843],[-5.9485388,39.9299678]]],"type":"Polygon"},"id":658,"properties":{"area_m2":11.114,"centroid_lonlat":[-5.9485596,39.9299788],"centroid_px":[603.623,399.321],"confidence":0.8973,"confidence_bucket":"high","detector_score":null,"eccentricity":0.6463,"equivalent_diameter_m":3.762,"height_m":null,"height_reason":"unavailable","id":658,"low_confidence_reason":null,"perimeter_m":11.323,"shadow_length_m":null,"signals":{"separation":0.6886,"shadow":0.0,"shape":1.0,"size":0.9827},"solidity":0.9815,"touches_edge":false},"type":"Feature"},{"geometry":{"coordinates":[[[-5.9503815,39.9299493],[-5.9504056,39.9299637],[-5.9504083,39.9299904],[-5.9504029,39.9299822],[-5.9503815,39.9299904],[-5.9503573,39.9299802],[-5.9503573,39.9299719],[-5.9503815,39.9299493]]],"type":"Polygon"},"id":659,"properties":{"area_m2":13.42,"centroid_lonlat":[-5.950385,39.9299716],"centroid_px":[263.344,401.078],"confidence":0.69,"confidence_bucket":"medium","detector_score":null,"eccentricity":0.4792,"equivalent_diameter_m":4.134,"height_m":null,"height_reason":"unavailable","id":659,"low_confidence_reason":null,"perimeter_m":14.198,"shadow_length_m":null,"signals":{"separation":0.4954,"shadow":0.0,"shape":0.8366,"size":0.7087},"solidity":0.8533,"touches_edge":false},"type":"Feature"},{"geometry":{"coordinates":[[[-5.9492818,39.9299534],[-5.9492952,39.9299555],[-5.9492898,39.9299596],[-5.9493113,39.9299802],[-5.9492978,39.9299904],[-5.9492791,39.9299884],[-5.9492844,39.9299843],[-5.9492683,39.9299637],[-5.9492818,39.9299534]]],"type":"Polygon"},"id":660,"properties":{"area_m2":8.388,"centroid_lonlat":[-5.9492897,39.9299729],"centroid_px":[467.525,400.775],"confidence":0.6324,"confidence_bucket":"medium","detector_score":null,"eccentricity":0.835,"equivalent_diameter_m":3.268,"height_m":null,"height_reason":"unavailable","id":660,"low_confidence_reason":null,"perimeter_m":12.082,"shadow_length_m":null,"signals":{"separation":0.2802,"shadow":0.0,"shape":0.722,"size":0.877},"solidity":0.8,"touches_edge":false},"type":"Feature"},{"geometry":{"coordinates":[[[-5.949212,39.9299575],[-5.9492201,39.9299719],[-5.9492067,39.9299781],[-5.9491986,39.9299719],[-5.949212,39.9299575]]],"type":"Polygon"},"id":661,"properties":{"area_m2":2.726,"centroid_lonlat":[-5.9492108,39.9299688],"centroid_px":[482.231,401.769],"confidence":0.6966,"confidence_bucket":"medium","detector_score":null,"eccentricity":0.7297,"equivalent_diameter_m":1.863,"height_m":null,"height_reason":"unavailable","id":661,"low_confidence_reason":null,"perimeter_m":5.07,"shadow_length_m":null,"signals":{"separation":0.4916,"shadow":0.0,"shape":1.0,"size":0.5376},"solidity":0.9286,"touches_edge":false},"type":"Feature"},{"geometry":{"coordinates":[[[-5.9498718,39.929937],[-5.9499067,39.929939],[-5.9499228,39.9299761],[-5.9499148,39.9299822],[-5.9498826,39.9299822],[-5.9498692,39.9299719],[-5.9498718,39.929937]]],"type":"Polygon"},"id":662,"properties":{"area_m2":19.082,"centroid_lonlat":[-5.9498934,39.9299603],"centroid_px":[354.978,403.835],"confidence":0.8102,"confidence_bucket":"high","detector_score":null,"eccentricity":0.6503,"equivalent_diameter_m":4.929,"height_m":null,"height_reason":"unavailable","id":662,"low_confidence_reason":null,"perimeter_m":16.171,"shadow_length_m":null,"signals":{"separation":0.7432,"shadow":0.0,"shape":0.917,"size":0.749},"solidity":0.9479,"touches_edge":false},"type":"Feature"},{"geometry":{"coordinates":[[[-5.9488955,39.9299411],[-5.9489116,39.9299411],[-5.948925,39.9299514],[-5.9489116,39.9299781],[-5.9489009,39.9299781],[-5.9488821,39.9299555],[-5.9488955,39.9299411]]],"type":"Polygon"},"id":663,"properties":{"area_m2":10.275,"centroid_lonlat":[-5.9489042,39.9299578],"centroid_px":[539.388,404.429],"confidence":0.8246,"confidence_bucket":"high","detector_score":null,"eccentricity":0.6252,"equivalent_diameter_m":3.617,"height_m":null,"height_reason":"unavailable","id":663,"low_confidence_reason":null,"perimeter_m":11.323,"shadow_length_m":null,"signals":{"separation":0.5064,"shadow":0.0,"shape":1.0,"size":0.9322},"solidity":0.9245,"touches_edge":false},"type":"Feature"},{"geometry":{"coordinates":[[[-5.9514436,39.9299329],[-5.9514543,39.9299329],[-5.9514731,39.9299473],[-5.9514678,39.9299514],[-5.9514785,39.9299596],[-5.9514651,39.9299699],[-5.9514302,39.9299596],[-5.9514436,39.9299329]]],"type":"Polygon"},"id":664,"properties":{"area_m2":10.694,"centroid_lonlat":[-5.9514532,39.929952],"centroid_px":[64.216,405.843],"confidence":0.7533,"confidence_bucket":"high","detector_score":null,"eccentricity":0.5674,"equivalent_diameter_m":3.69,"height_m":null,"height_reason":"unavailable","id":664,"low_confidence_reason":null,"perimeter_m":13.109,"shadow_length_m":null,"signals":{"separation":0.4964,"shadow":0.0,"shape":0.782,"size":0.9759},"solidity":0.8644,"touches_edge":false},"type":"Feature"},{"geometry":{"coordinates":[[[-5.9504458,39.9299287],[-5.9504727,39.9299287],[-5.9504861,39.929939],[-5.9504914,39.9299637],[-5.950478,39.929974],[-5.9504512,39.9299781],[-5.9504324,39.9299596],[-5.9504324,39.929939],[-5.9504458,39.9299287]]],"type":"Polygon"},"id":665,"properties":{"area_m2":21.598,"centroid_lonlat":[-5.9504616,39.9299517],"centroid_px":[249.068,405.922],"confidence":0.7438,"confidence_bucket":"high","detector_score":null,"eccentricity":0.4467,"equivalent_diameter_m":5.244,"height_m":null,"height_reason":"unavailable","id":665,"low_confidence_reason":null,"perimeter_m":16.092,"shadow_length_m":null,"signals":{"separation":0.781,"shadow":0.0,"shape":1.0,"size":0.3991},"solidity":0.9537,"touches_edge":false},"type":"Feature"},{"geometry":{"coordinates":[[[-5.9498397,39.9299205],[-5.9498477,39.9299596],[-5.9498289,39.9299699],[-5.9498128,39.9299699],[-5.9497994,39.9299596],[-5.9497994,39.9299267],[-5.9498236,39.9299329],[-5.9498397,39.9299205]]],"type":"Polygon"},"id":666,"properties":{"area_m2":16.146,"centroid_lonlat":[-5.9498243,39.9299479],"centroid_px":[367.87,406.844],"confidence":0.7448,"confidence_bucket":"high","detector_score":null,"eccentricity":0.5886,"equivalent_diameter_m":4.534,"height_m":null,"height_reason":"unavailable","id":666,"low_confidence_reason":null,"perimeter_m":16.819,"shadow_length_m":null,"signals":{"separation":0.606,"shadow":0.0,"shape":0.7173,"size":0.9167},"solidity":0.8105,"touches_edge":false},"type":"Feature"},{"geometry":{"coordinates":[[[-5.9508589,39.929937],[-5.9508669,39.929939],[-5.9508669,39.9299473],[-5.9508535,39.9299575],[-5.9508455,39.9299473],[-5.9508589,39.929937]]],"type":"Polygon"},"id":667,"properties":{"area_m2":2.726,"centroid_lonlat":[-5.9508568,39.9299466],"centroid_px":[175.385,407.154],"confidence":0.6463,"confidence_bucket":"medium","detector_score":null,"eccentricity":0.8307,"equivalent_diameter_m":1.863,"height_m":null,"height_reason":"unavailable","id":667,"low_confidence_reason":null,"perimeter_m":5.07,"shadow_length_m":null,"signals":{"separation":0.4916,"shadow":0.0,"shape":1.0,"size":0.3766},"solidity":1.0,"touches_edge":false},"type":"Feature"},{"geometry":{"coordinates":[[[-5.9497511,39.929939],[-5.949786,39.9299287],[-5.9498048,39.9299431],[-5.949786,39.929974],[-5.9497753,39.9299658],[-5.9497592,39.9299658],[-5.9497511,39.9299555],[-5.9497511,39.929939]]],"type":"Polygon"},"id":668,"properties":{"area_m2":15.937,"centroid_lonlat":[-5.949777,39.9299494],"centroid_px":[376.684,406.487],"confidence":0.836,"confidence_bucket":"high","detector_score":null,"eccentricity":0.2565,"equivalent_diameter_m":4.505,"height_m":null,"height_reason":"unavailable","id":668,"low_confidence_reason":null,"perimeter_m":14.545,"shadow_length_m":null,"signals":{"separation":0.6099,"shadow":0.0,"shape":0.9466,"size":0.9292},"solidity":0.8837,"touches_edge":false},"type":"Feature"},{"geometry":{"coordinates":[[[-5.9497055,39.9299329],[-5.949735,39.9299431],[-5.949727,39.9299617],[-5.9496921,39.9299473],[-5.9497055,39.9299329]]],"type":"Polygon"},"id":669,"properties":{"area_m2":7.759,"centroid_lonlat":[-5.9497157,39.9299468],"centroid_px":[388.108,407.108],"confidence":0.7458,"confidence_bucket":"high","detector_score":null,"eccentricity":0.7459,"equivalent_diameter_m":3.143,"height_m":null,"height_reason":"unavailable","id":669,"low_confidence_reason":null,"perimeter_m":10.139,"shadow_length_m":null,"signals":{"separation":0.5828,"shadow":0.0,"shape":0.9484,"size":0.6658},"solidity":0.9024,"touches_edge":false},"type":"Feature"},{"geometry":{"coordinates":[[[-5.9495339,39.9299246],[-5.9495687,39.9299514],[-5.9495553,39.9299699],[-5.9495232,39.9299699],[-5.9495044,39.9299596],[-5.9495044,39.929939],[-5.9495339,39.9299246]]],"type":"Polygon"},"id":670,"properties":{"area_m2":19.292,"centroid_lonlat":[-5.9495356,39.9299493],"centroid_px":[421.685,406.511],"confidence":0.615,"confidence_bucket":"medium","detector_score":null,"eccentricity":0.548,"equivalent_diameter_m":4.956,"height_m":null,"height_reason":"unavailable","id":670,"low_confidence_reason":null,"perimeter_m":16.583,"shadow_length_m":null,"signals":{"separation":0.6663,"shadow":0.0,"shape":0.8816,"size":0.2438},"solidity":0.902,"touches_edge":false},"type":"Feature"},{"geometry":{"coordinates":[[[-5.951508,39.9299246],[-5.9515321,39.9299308],[-5.9515268,39.9299514],[-5.9515134,39.9299617],[-5.9514919,39.9299617],[-5.9514946,39.9299514],[-5.9514785,39.929939],[-5.951508,39.9299246]]],"type":"Polygon"},"id":671,"properties":{"area_m2":11.953,"centroid_lonlat":[-5.9515066,39.9299436],"centroid_px":[54.263,407.877],"confidence":0.7967,"confidence_bucket":"high","detector_score":null,"eccentricity":0.4165,"equivalent_diameter_m":3.901,"height_m":null,"height_reason":"unavailable","id":671,"low_confidence_reason":null,"perimeter_m":13.44,"shadow_length_m":null,"signals":{"separation":0.664,"shadow":0.0,"shape":0.8316,"size":0.8875},"solidity":0.8507,"touches_edge":false},"type":"Feature"},{"geometry":{"coordinates":[[[-5.9494963,39.9299287],[-5.9495097,39.9299431],[-5.9495097,39.9299555],[-5.9494963,39.9299617],[-5.9494776,39.9299473],[-5.9494963,39.9299287]]],"type":"Polygon"},"id":672,"properties":{"area_m2":6.081,"centroid_lonlat":[-5.9494958,39.9299458],"centroid_px":[429.103,407.345],"confidence":0.6867,"confidence_bucket":"medium","detector_score":null,"eccentricity":0.663,"equivalent_diameter_m":2.783,"height_m":null,"height_reason":"unavailable","id":672,"low_confidence_reason":null,"perimeter_m":8.576,"shadow_length_m":null,"signals":{"separation":0.6583,"shadow":0.0,"shape":1.0,"size":0.3391},"solidity":0.9062,"touches_edge":false},"type":"Feature"},{"geometry":{"coordinates":[[[-5.9503332,39.9299123],[-5.9503707,39.9299164],[-5.9503788,39.9299226],[-5.9503841,39.9299473],[-5.95036,39.9299699],[-5.9503278,39.9299452],[-5.9503144,39.9299473],[-5.9503144,39.9299308],[-5.9503332,39.9299123]]],"type":"Polygon"},"id":673,"properties":{"area_m2":24.115,"centroid_lonlat":[-5.9503509,39.9299375],"centroid_px":[269.704,409.374],"confidence":0.6689,"confidence_bucket":"medium","detector_score":null,"eccentricity":0.5827,"equivalent_diameter_m":5.541,"height_m":null,"height_reason":"unavailable","id":673,"low_confidence_reason":null,"perimeter_m":19.236,"shadow_length_m":null,"signals":{"separation":0.5959,"shadow":0.0,"shape":0.819,"size":0.5619},"solidity":0.8647,"touches_edge":false},"type":"Feature"},{"geometry":{"coordinates":[[[-5.9494534,39.9299205],[-5.9494936,39.9299267],[-5.9494695,39.9299575],[-5.94944,39.9299431],[-5.9494534,39.9299205]]],"type":"Polygon"},"id":674,"properties":{"area_m2":11.743,"centroid_lonlat":[-5.9494648,39.9299376],"centroid_px":[434.875,409.357],"confidence":0.8374,"confidence_bucket":"high","detector_score":null,"eccentricity":0.4043,"equivalent_diameter_m":3.867,"height_m":null,"height_reason":"unavailable","id":674,"low_confidence_reason":null,"perimeter_m":13.077,"shadow_length_m":null,"signals":{"separation":0.6699,"shadow":0.0,"shape":0.863,"size":0.9743},"solidity":0.8615,"touches_edge":false},"type":"Feature"},{"geometry":{"coordinates":[[[-5.9512076,39.9298753],[-5.9512237,39.9298876],[-5.9512559,39.9298835],[-5.9512907,39.9299143],[-5.9512907,39.9299349],[-5.9512693,39.9299514],[-5.9512746,39.9299555],[-5.9512559,39.929974],[-5.9512237,39.9299658],[-5.9512022,39.9299452],[-5.9511781,39.9299349],[-5.9511834,39.9299102],[-5.9512103,39.9298856],[-5.9512076,39.9298753]]],"type":"Polygon"},"id":675,"properties":{"area_m2":66.053,"centroid_lonlat":[-5.9512357,39.9299248],"centroid_px":[104.759,412.47],"confidence":0.505,"confidence_bucket":"medium","detector_score":null,"eccentricity":0.4657,"equivalent_diameter_m":9.171,"height_m":null,"height_reason":"unavailable","id":675,"low_confidence_reason":null,"perimeter_m":33.087,"shadow_length_m":null,"signals":{"separation":0.7062,"shadow":0.0,"shape":0.7582,"size":0.0},"solidity":0.8898,"touches_edge":false},"type":"Feature"},{"geometry":{"coordinates":[[[-5.9503976,39.9299082],[-5.950419,39.9299082],[-5.9504324,39.9299185],[-5.9504324,39.9299349],[-5.950419,39.9299452],[-5.9503976,39.9299452],[-5.9503788,39.9299308],[-5.9503976,39.9299082]]],"type":"Polygon"},"id":676,"properties":{"area_m2":14.888,"centroid_lonlat":[-5.9504075,39.9299267],"centroid_px":[259.141,411.986],"confidence":0.9329,"confidence_bucket":"high","detector_score":null,"eccentricity":0.3381,"equivalent_diameter_m":4.354,"height_m":null,"height_reason":"unavailable","id":676,"low_confidence_reason":null,"perimeter_m":12.887,"shadow_length_m":null,"signals":{"separation":0.8414,"shadow":0.0,"shape":1.0,"size":0.9438},"solidity":0.9861,"touches_edge":false},"type":"Feature"},{"geometry":{"coordinates":[[[-5.9496465,39.9299082],[-5.9496599,39.9299185],[-5.9496599,39.9299349],[-5.9496412,39.9299452],[-5.9496224,39.9299308],[-5.9496278,39.9299185],[-5.9496465,39.9299082]]],"type":"Polygon"},"id":677,"properties":{"area_m2":8.388,"centroid_lonlat":[-5.9496428,39.9299271],"centroid_px":[401.7,411.9],"confidence":0.7963,"confidence_bucket":"high","detector_score":null,"eccentricity":0.6845,"equivalent_diameter_m":3.268,"height_m":null,"height_reason":"unavailable","id":677,"low_confidence_reason":null,"perimeter_m":10.519,"shadow_length_m":null,"signals":{"separation":0.5605,"shadow":0.0,"shape":0.9526,"size":0.8444},"solidity":0.9091,"touches_edge":false},"type":"Feature"},{"geometry":{"coordinates":[[[-5.9498611,39.9299041],[-5.949896,39.9299267],[-5.9498879,39.929937],[-5.9498611,39.9299411],[-5.9498423,39.9299308],[-5.9498423,39.9299185],[-5.9498611,39.9299041]]],"type":"Polygon"},"id":678,"properties":{"area_m2":12.162,"centroid_lonlat":[-5.949867,39.9299239],"centroid_px":[359.897,412.672],"confidence":0.8698,"confidence_bucket":"high","detector_score":null,"eccentricity":0.6245,"equivalent_diameter_m":3.935,"height_m":null,"height_reason":"unavailable","id":678,"low_confidence_reason":null,"perimeter_m":12.35,"shadow_length_m":null,"signals":{"separation":0.6583,"shadow":0.0,"shape":1.0,"size":0.925},"solidity":0.9508,"touches_edge":false},"type":"Feature"},{"geometry":{"coordinates":[[[-5.9498289,39.9299082],[-5.9498423,39.9299185],[-5.9498236,39.9299329],[-5.9498128,39.9299329],[-5.9498048,39.9299226],[-5.9498289,39.9299082]]],"type":"Polygon"},"id":679,"properties":{"area_m2":4.823,"centroid_lonlat":[-5.9498233,39.9299217],"centroid_px":[368.043,413.217],"confidence":0.6376,"confidence_bucket":"medium","detector_score":null,"eccentricity":0.7809,"equivalent_diameter_m":2.478,"height_m":null,"height_reason":"unavailable","id":679,"low_confidence_reason":null,"perimeter_m":7.66,"shadow_length_m":null,"signals":{"separation":0.5227,"shadow":0.0,"shape":1.0,"size":0.3177},"solidity":0.92,"touches_edge":false},"type":"Feature"},{"geometry":{"coordinates":[[[-5.9493032,39.9299041],[-5.9493247,39.9299041],[-5.9493381,39.9299185],[-5.9493247,39.9299411],[-5.9493032,39.9299411],[-5.9492898,39.9299308],[-5.9492898,39.9299143],[-5.9493032,39.9299041]]],"type":"Polygon"},"id":680,"properties":{"area_m2":13.84,"centroid_lonlat":[-5.949313,39.9299228],"centroid_px":[463.167,412.955],"confidence":0.8758,"confidence_bucket":"high","detector_score":null,"eccentricity":0.2971,"equivalent_diameter_m":4.198,"height_m":null,"height_reason":"unavailable","id":680,"low_confidence_reason":null,"perimeter_m":12.508,"shadow_length_m":null,"signals":{"separation":0.7866,"shadow":0.0,"shape":1.0,"size":0.816},"solidity":0.9706,"touches_edge":false},"type":"Feature"},{"geometry":{"coordinates":[[[-5.9491423,39.9299205],[-5.9491584,39.9299205],[-5.9491611,39.9299308],[-5.949153,39.9299329],[-5.9491423,39.9299205]]],"type":"Polygon"},"id":681,"properties":{"area_m2":1.887,"centroid_lonlat":[-5.9491524,39.9299258],"centroid_px":[493.111,412.222],"confidence":0.713,"confidence_bucket":"high","detector_score":null,"eccentricity":0.787,"equivalent_diameter_m":1.55,"height_m":null,"height_reason":"unavailable","id":681,"low_confidence_reason":null,"perimeter_m":4.043,"shadow_length_m":null,"signals":{"separation":0.5908,"shadow":0.0,"shape":1.0,"size":0.4909},"solidity":1.0,"touches_edge":false},"type":"Feature"},{"geometry":{"coordinates":[[[-5.9517011,39.9298999],[-5.9517199,39.9299061],[-5.9517145,39.9299102],[-5.9517252,39.9299226],[-5.9516957,39.929937],[-5.9516877,39.9299267],[-5.9516984,39.9299185],[-5.9516931,39.9299061],[-5.9517011,39.9298999]]],"type":"Polygon"},"id":682,"properties":{"area_m2":8.388,"centroid_lonlat":[-5.9517057,39.9299183],"centroid_px":[17.15,414.05],"confidence":0.6566,"confidence_bucket":"medium","detector_score":null,"eccentricity":0.7618,"equivalent_diameter_m":3.268,"height_m":null,"height_reason":"unavailable","id":682,"low_confidence_reason":null,"perimeter_m":11.435,"shadow_length_m":null,"signals":{"separation":0.2802,"shadow":0.0,"shape":0.8061,"size":0.8534},"solidity":0.8696,"touches_edge":false},"type":"Feature"},{"geometry":{"coordinates":[[[-5.9515187,39.9299041],[-5.9515429,39.9299102],[-5.9515348,39.9299287],[-5.9515107,39.9299267],[-5.9515053,39.9299143],[-5.9515187,39.9299041]]],"type":"Polygon"},"id":683,"properties":{"area_m2":7.13,"centroid_lonlat":[-5.9515249,39.9299165],"centroid_px":[50.853,414.471],"confidence":0.7256,"confidence_bucket":"high","detector_score":null,"eccentricity":0.4877,"equivalent_diameter_m":3.013,"height_m":null,"height_reason":"unavailable","id":683,"low_confidence_reason":null,"perimeter_m":8.733,"shadow_length_m":null,"signals":{"separation":0.6079,"shadow":0.0,"shape":1.0,"size":0.5141},"solidity":0.9444,"touches_edge":false},"type":"Feature"},{"geometry":{"coordinates":[[[-5.9501186,39.929867],[-5.9501562,39.929867],[-5.9501937,39.9298958],[-5.9502205,39.9298794],[-5.9502259,39.9298876],[-5.9502473,39.9298753],[-5.9502634,39.9298835],[-5.9502795,39.9298712],[-5.950301,39.9298876],[-5.9503117,39.9298835],[-5.9503251,39.9298938],[-5.9503251,39.9299061],[-5.950309,39.9299185],[-5.9503198,39.9299267],[-5.9503144,39.9299431],[-5.950301,39.9299575],[-5.9502795,39.9299575],[-5.9502634,39.9299411],[-5.9502527,39.9299493],[-5.9502366,39.9299329],[-5.9502152,39.9299246],[-5.9501776,39.9299329],[-5.9501454,39.9299658],[-5.9501079,39.9299658],[-5.9500998,39.9299596],[-5.9501052,39.9299514],[-5.9500864,39.9299452],[-5.9500676,39.9299267],[-5.9500676,39.9299061],[-5.9501186,39.929867]]],"type":"Polygon"},"id":684,"properties":{"area_m2":154.963,"centroid_lonlat":[-5.9501909,39.929914],"centroid_px":[299.516,415.073],"confidence":0.2049,"confidence_bucket":"low","detector_score":null,"eccentricity":0.9196,"equivalent_diameter_m":14.047,"height_m":null,"height_reason":"unavailable","id":684,"low_confidence_reason":"Low confidence: this crown is far larger or smaller than its neighbours, so it is likely merged with, or split from, another crown.","perimeter_m":71.277,"shadow_length_m":null,"signals":{"separation":0.1956,"shadow":0.0,"shape":0.3833,"size":0.0},"solidity":0.7495,"touches_edge":false},"type":"Feature"},{"geometry":{"coordinates":[[[-5.9497109,39.9299041],[-5.9497324,39.9299041],[-5.9497404,39.9299226],[-5.9497216,39.929937],[-5.9497055,39.9299329],[-5.9496894,39.9299493],[-5.9496868,39.929939],[-5.9497082,39.9299267],[-5.9497029,39.9299102],[-5.9497109,39.9299041]]],"type":"Polygon"},"id":685,"properties":{"area_m2":10.904,"centroid_lonlat":[-5.9497173,39.9299215],"centroid_px":[387.808,413.269],"confidence":0.7134,"confidence_bucket":"high","detector_score":null,"eccentricity":0.8344,"equivalent_diameter_m":3.726,"height_m":null,"height_reason":"unavailable","id":685,"low_confidence_reason":null,"perimeter_m":13.139,"shadow_length_m":null,"signals":{"separation":0.3476,"shadow":0.0,"shape":0.7937,"size":0.9827},"solidity":0.7536,"touches_edge":false},"type":"Feature"},{"geometry":{"coordinates":[[[-5.9514597,39.9298917],[-5.9514785,39.9298979],[-5.9514731,39.9299102],[-5.9514838,39.9299185],[-5.9514651,39.9299287],[-5.951449,39.9299287],[-5.9514356,39.9299185],[-5.9514356,39.9299061],[-5.9514597,39.9298917]]],"type":"Polygon"},"id":686,"properties":{"area_m2":11.743,"centroid_lonlat":[-5.9514588,39.9299115],"centroid_px":[63.161,415.696],"confidence":0.798,"confidence_bucket":"high","detector_score":null,"eccentricity":0.5189,"equivalent_diameter_m":3.867,"height_m":null,"height_reason":"unavailable","id":686,"low_confidence_reason":null,"perimeter_m":12.619,"shadow_length_m":null,"signals":{"separation":0.4737,"shadow":0.0,"shape":0.9267,"size":0.9679},"solidity":0.8889,"touches_edge":false},"type":"Feature"},{"geometry":{"coordinates":[[[-5.9493408,39.9298876],[-5.9493622,39.9298876],[-5.9493756,39.9298979],[-5.9493649,39.9299102],[-5.9493703,39.9299143],[-5.9493408,39.9299246],[-5.9493273,39.9299102],[-5.9493273,39.9298979],[-5.9493408,39.9298876]]],"type":"Polygon"},"id":687,"properties":{"area_m2":12.162,"centroid_lonlat":[-5.9493503,39.9299041],"centroid_px":[456.224,417.483],"confidence":0.7929,"confidence_bucket":"high","detector_score":null,"eccentricity":0.3816,"equivalent_diameter_m":3.935,"height_m":null,"height_reason":"unavailable","id":687,"low_confidence_reason":null,"perimeter_m":12.429,"shadow_length_m":null,"signals":{"separation":0.5204,"shadow":0.0,"shape":0.9893,"size":0.8296},"solidity":0.9206,"touches_edge":false},"type":"Feature"},{"geometry":{"coordinates":[[[-5.9495875,39.9298835],[-5.949609,39.9298835],[-5.9496224,39.9298938],[-5.9496036,39.9299164],[-5.9495741,39.9299061],[-5.9495741,39.9298938],[-5.9495875,39.9298835]]],"type":"Polygon"},"id":688,"properties":{"area_m2":11.323,"centroid_lonlat":[-5.9495968,39.9298991],"centroid_px":[410.278,418.704],"confidence":0.9019,"confidence_bucket":"high","detector_score":null,"eccentricity":0.4114,"equivalent_diameter_m":3.797,"height_m":null,"height_reason":"unavailable","id":688,"low_confidence_reason":null,"perimeter_m":11.323,"shadow_length_m":null,"signals":{"separation":0.7236,"shadow":0.0,"shape":1.0,"size":0.9626},"solidity":0.9643,"touches_edge":false},"type":"Feature"},{"geometry":{"coordinates":[[[-5.9508052,39.9298506],[-5.9508428,39.9298712],[-5.9508508,39.9298773],[-5.9508455,39.9298814],[-5.9508669,39.9298979],[-5.9508669,39.9299143],[-5.9508562,39.9299267],[-5.9508723,39.9299349],[-5.9508428,39.9299493],[-5.9508321,39.9299493],[-5.9508106,39.9299329],[-5.9507945,39.9299329],[-5.9507838,39.9299411],[-5.9507731,39.929937],[-5.9507382,39.9298979],[-5.9507462,39.9298712],[-5.9507516,39.9298753],[-5.9507838,39.9298547],[-5.9508052,39.9298506]]],"type":"Polygon"},"id":689,"properties":{"area_m2":79.893,"centroid_lonlat":[-5.950805,39.9299007],"centroid_px":[185.037,418.315],"confidence":0.4554,"confidence_bucket":"medium","detector_score":null,"eccentricity":0.654,"equivalent_diameter_m":10.086,"height_m":null,"height_reason":"unavailable","id":689,"low_confidence_reason":null,"perimeter_m":38.441,"shadow_length_m":null,"signals":{"separation":0.6421,"shadow":0.0,"shape":0.6794,"size":0.0},"solidity":0.8819,"touches_edge":false},"type":"Feature"},{"geometry":{"coordinates":[[[-5.9491691,39.9298753],[-5.9491906,39.9298753],[-5.949204,39.9298979],[-5.9491637,39.929937],[-5.9491611,39.9299226],[-5.9491342,39.9299143],[-5.9491557,39.929902],[-5.9491557,39.9298856],[-5.9491691,39.9298753]]],"type":"Polygon"},"id":690,"properties":{"area_m2":20.969,"centroid_lonlat":[-5.9491727,39.929902],"centroid_px":[489.33,418.01],"confidence":0.4989,"confidence_bucket":"medium","detector_score":null,"eccentricity":0.788,"equivalent_diameter_m":5.167,"height_m":null,"height_reason":"unavailable","id":690,"low_confidence_reason":null,"perimeter_m":20.168,"shadow_length_m":null,"signals":{"separation":0.5013,"shadow":0.0,"shape":0.6479,"size":0.3178},"solidity":0.8403,"touches_edge":false},"type":"Feature"},{"geometry":{"coordinates":[[[-5.9492603,39.9298712],[-5.9492818,39.9298712],[-5.9492952,39.9298814],[-5.9492952,39.9298979],[-5.9492818,39.9299082],[-5.9492603,39.9299082],[-5.9492469,39.9298979],[-5.9492469,39.9298814],[-5.9492603,39.9298712]]],"type":"Polygon"},"id":691,"properties":{"area_m2":14.469,"centroid_lonlat":[-5.949271,39.9298897],"centroid_px":[471.0,421.0],"confidence":0.8718,"confidence_bucket":"high","detector_score":null,"eccentricity":0.0,"equivalent_diameter_m":4.292,"height_m":null,"height_reason":"unavailable","id":691,"low_confidence_reason":null,"perimeter_m":12.508,"shadow_length_m":null,"signals":{"separation":0.8535,"shadow":0.0,"shape":1.0,"size":0.7364},"solidity":1.0,"touches_edge":false},"type":"Feature"},{"geometry":{"coordinates":[[[-5.9506604,39.929867],[-5.9506899,39.9298938],[-5.9506765,39.9299082],[-5.9506443,39.9298999],[-5.9506309,39.9298814],[-5.9506604,39.929867]]],"type":"Polygon"},"id":692,"properties":{"area_m2":13.63,"centroid_lonlat":[-5.9506602,39.929889],"centroid_px":[212.046,421.169],"confidence":0.7877,"confidence_bucket":"high","detector_score":null,"eccentricity":0.6778,"equivalent_diameter_m":4.166,"height_m":null,"height_reason":"unavailable","id":692,"low_confidence_reason":null,"perimeter_m":14.025,"shadow_length_m":null,"signals":{"separation":0.6218,"shadow":0.0,"shape":0.8708,"size":0.8538},"solidity":0.9155,"touches_edge":false},"type":"Feature"},{"geometry":{"coordinates":[[[-5.9485415,39.9298629],[-5.9485629,39.9298629],[-5.9485924,39.9298773],[-5.9485924,39.9298938],[-5.948579,39.9299041],[-5.9485522,39.9299082],[-5.9485441,39.929902],[-5.9485495,39.9298979],[-5.9485227,39.9298773],[-5.9485415,39.9298629]]],"type":"Polygon"},"id":693,"properties":{"area_m2":19.292,"centroid_lonlat":[-5.9485602,39.9298839],"centroid_px":[603.5,422.391],"confidence":0.4724,"confidence_bucket":"medium","detector_score":null,"eccentricity":0.6575,"equivalent_diameter_m":4.956,"height_m":null,"height_reason":"unavailable","id":693,"low_confidence_reason":null,"perimeter_m":17.152,"shadow_length_m":null,"signals":{"separation":0.5227,"shadow":0.0,"shape":0.8241,"size":0.0},"solidity":0.8846,"touches_edge":false},"type":"Feature"},{"geometry":{"coordinates":[[[-5.951229,39.929867],[-5.9512424,39.9298732],[-5.9512451,39.9298876],[-5.9512237,39.9298876],[-5.9512103,39.9298773],[-5.951229,39.929867]]],"type":"Polygon"},"id":694,"properties":{"area_m2":4.823,"centroid_lonlat":[-5.9512309,39.9298788],"centroid_px":[105.652,423.652],"confidence":0.753,"confidence_bucket":"high","detector_score":null,"eccentricity":0.6553,"equivalent_diameter_m":2.478,"height_m":null,"height_reason":"unavailable","id":694,"low_confidence_reason":null,"perimeter_m":7.359,"shadow_length_m":null,"signals":{"separation":0.5227,"shadow":0.0,"shape":1.0,"size":0.6869},"solidity":0.92,"touches_edge":false},"type":"Feature"},{"geometry":{"coordinates":[[[-5.9491101,39.9298506],[-5.9491315,39.9298506],[-5.949145,39.9298609],[-5.949145,39.9298773],[-5.9491315,39.9298876],[-5.9491101,39.9298876],[-5.9490967,39.9298773],[-5.9490967,39.9298609],[-5.9491101,39.9298506]]],"type":"Polygon"},"id":695,"properties":{"area_m2":14.469,"centroid_lonlat":[-5.9491208,39.9298691],"centroid_px":[499.0,426.0],"confidence":0.9028,"confidence_bucket":"high","detector_score":null,"eccentricity":0.0,"equivalent_diameter_m":4.292,"height_m":null,"height_reason":"unavailable","id":695,"low_confidence_reason":null,"perimeter_m":12.508,"shadow_length_m":null,"signals":{"separation":0.8535,"shadow":0.0,"shape":1.0,"size":0.8354},"solidity":1.0,"touches_edge":false},"type":"Feature"},{"geometry":{"coordinates":[[[-5.9515992,39.9298465],[-5.9516153,39.9298506],[-5.9516287,39.9298691],[-5.9516099,39.9298835],[-5.9515858,39.9298691],[-5.9515858,39.9298526],[-5.9515992,39.9298465]]],"type":"Polygon"},"id":696,"properties":{"area_m2":10.275,"centroid_lonlat":[-5.9516052,39.9298644],"centroid_px":[35.878,427.143],"confidence":0.8985,"confidence_bucket":"high","detector_score":null,"eccentricity":0.5882,"equivalent_diameter_m":3.617,"height_m":null,"height_reason":"unavailable","id":696,"low_confidence_reason":null,"perimeter_m":11.055,"shadow_length_m":null,"signals":{"separation":0.7162,"shadow":0.0,"shape":1.0,"size":0.9591},"solidity":0.9423,"touches_edge":false},"type":"Feature"},{"geometry":{"coordinates":[[[-5.9496573,39.9298382],[-5.9496787,39.9298382],[-5.9496921,39.9298526],[-5.949668,39.9298753],[-5.9496439,39.9298609],[-5.9496439,39.9298485],[-5.9496573,39.9298382]]],"type":"Polygon"},"id":697,"properties":{"area_m2":11.114,"centroid_lonlat":[-5.9496655,39.9298544],"centroid_px":[397.472,429.566],"confidence":0.8231,"confidence_bucket":"high","detector_score":null,"eccentricity":0.4155,"equivalent_diameter_m":3.762,"height_m":null,"height_reason":"unavailable","id":697,"low_confidence_reason":null,"perimeter_m":11.703,"shadow_length_m":null,"signals":{"separation":0.6886,"shadow":0.0,"shape":1.0,"size":0.7453},"solidity":0.9298,"touches_edge":false},"type":"Feature"},{"geometry":{"coordinates":[[[-5.950022,39.9298259],[-5.9500435,39.9298259],[-5.9500569,39.9298362],[-5.9500167,39.9298588],[-5.9500086,39.9298526],[-5.9500086,39.9298362],[-5.950022,39.9298259]]],"type":"Polygon"},"id":698,"properties":{"area_m2":9.856,"centroid_lonlat":[-5.950029,39.92984],"centroid_px":[329.702,433.064],"confidence":0.7892,"confidence_bucket":"high","detector_score":null,"eccentricity":0.7468,"equivalent_diameter_m":3.542,"height_m":null,"height_reason":"unavailable","id":698,"low_confidence_reason":null,"perimeter_m":11.055,"shadow_length_m":null,"signals":{"separation":0.5781,"shadow":0.0,"shape":1.0,"size":0.7472},"solidity":0.9592,"touches_edge":false},"type":"Feature"},{"geometry":{"coordinates":[[[-5.949448,39.9298094],[-5.9494695,39.9298094],[-5.9494883,39.9298238],[-5.9494883,39.9298362],[-5.9494722,39.9298485],[-5.9494776,39.9298609],[-5.949448,39.9298794],[-5.9494185,39.9298609],[-5.9494239,39.9298362],[-5.949448,39.9298094]]],"type":"Polygon"},"id":699,"properties":{"area_m2":30.825,"centroid_lonlat":[-5.9494532,39.9298429],"centroid_px":[437.034,432.361],"confidence":0.4678,"confidence_bucket":"medium","detector_score":null,"eccentricity":0.7834,"equivalent_diameter_m":6.265,"height_m":null,"height_reason":"unavailable","id":699,"low_confidence_reason":null,"perimeter_m":21.195,"shadow_length_m":null,"signals":{"separation":0.4623,"shadow":0.0,"shape":0.8623,"size":0.0},"solidity":0.9245,"touches_edge":false},"type":"Feature"},{"geometry":{"coordinates":[[[-5.9493139,39.9298259],[-5.9493354,39.9298259],[-5.9493488,39.9298362],[-5.9493354,39.9298629],[-5.9493139,39.9298629],[-5.9493005,39.9298526],[-5.9493005,39.9298362],[-5.9493139,39.9298259]]],"type":"Polygon"},"id":700,"properties":{"area_m2":14.049,"centroid_lonlat":[-5.949324,39.9298442],"centroid_px":[461.119,432.045],"confidence":0.892,"confidence_bucket":"high","detector_score":null,"eccentricity":0.3148,"equivalent_diameter_m":4.229,"height_m":null,"height_reason":"unavailable","id":700,"low_confidence_reason":null,"perimeter_m":12.508,"shadow_length_m":null,"signals":{"separation":0.6848,"shadow":0.0,"shape":1.0,"size":0.9695},"solidity":0.9853,"touches_edge":false},"type":"Feature"},{"geometry":{"coordinates":[[[-5.9504995,39.9298218],[-5.9505236,39.9298362],[-5.9505156,39.9298424],[-5.9504914,39.9298321],[-5.9504995,39.9298218]]],"type":"Polygon"},"id":701,"properties":{"area_m2":3.355,"centroid_lonlat":[-5.9505062,39.9298334],"centroid_px":[240.75,434.688],"confidence":0.6318,"confidence_bucket":"medium","detector_score":null,"eccentricity":0.8094,"equivalent_diameter_m":2.067,"height_m":null,"height_reason":"unavailable","id":701,"low_confidence_reason":null,"perimeter_m":6.254,"shadow_length_m":null,"signals":{"separation":0.4431,"shadow":0.0,"shape":1.0,"size":0.3787},"solidity":0.8421,"touches_edge":false},"type":"Feature"},{"geometry":{"coordinates":[[[-5.9516421,39.9298136],[-5.9516636,39.9298136],[-5.951677,39.929828],[-5.9516582,39.9298506],[-5.9516394,39.9298362],[-5.951634,39.9298238],[-5.9516421,39.9298136]]],"type":"Polygon"},"id":702,"properties":{"area_m2":9.646,"centroid_lonlat":[-5.9516549,39.9298297],"centroid_px":[26.609,435.565],"confidence":0.7929,"confidence_bucket":"high","detector_score":null,"eccentricity":0.6941,"equivalent_diameter_m":3.505,"height_m":null,"height_reason":"unavailable","id":702,"low_confidence_reason":null,"perimeter_m":11.323,"shadow_length_m":null,"signals":{"separation":0.5227,"shadow":0.0,"shape":0.9453,"size":0.8801},"solidity":0.8679,"touches_edge":false},"type":"Feature"},{"geometry":{"coordinates":[[[-5.9497806,39.9298094],[-5.9498101,39.929828],[-5.9498021,39.9298465],[-5.9497806,39.9298465],[-5.9497672,39.9298362],[-5.9497672,39.9298197],[-5.9497806,39.9298094]]],"type":"Polygon"},"id":703,"properties":{"area_m2":11.114,"centroid_lonlat":[-5.949787,39.9298296],"centroid_px":[374.811,435.604],"confidence":0.9003,"confidence_bucket":"high","detector_score":null,"eccentricity":0.6139,"equivalent_diameter_m":3.762,"height_m":null,"height_reason":"unavailable","id":703,"low_confidence_reason":null,"perimeter_m":11.323,"shadow_length_m":null,"signals":{"separation":0.6886,"shadow":0.0,"shape":1.0,"size":0.9922},"solidity":0.9815,"touches_edge":false},"type":"Feature"},{"geometry":{"coordinates":[[[-5.951567,39.9297971],[-5.9516072,39.9298115],[-5.9516072,39.9298362],[-5.9515831,39.9298547],[-5.9515616,39.9298465],[-5.9515429,39.9298238],[-5.9515536,39.9298033],[-5.951567,39.9297971]]],"type":"Polygon"},"id":704,"properties":{"area_m2":24.115,"centroid_lonlat":[-5.9515767,39.9298257],"centroid_px":[41.183,436.557],"confidence":0.551,"confidence_bucket":"medium","detector_score":null,"eccentricity":0.5675,"equivalent_diameter_m":5.541,"height_m":null,"height_reason":"unavailable","id":704,"low_confidence_reason":null,"perimeter_m":18.336,"shadow_length_m":null,"signals":{"separation":0.6815,"shadow":0.0,"shape":0.9013,"size":0.0},"solidity":0.8984,"touches_edge":false},"type":"Feature"},{"geometry":{"coordinates":[[[-5.9499469,39.9298012],[-5.9499818,39.9298074],[-5.9499818,39.929828],[-5.9499684,39.9298382],[-5.9499389,39.9298238],[-5.9499335,39.9298115],[-5.9499469,39.9298012]]],"type":"Polygon"},"id":705,"properties":{"area_m2":12.372,"centroid_lonlat":[-5.9499604,39.9298177],"centroid_px":[342.492,438.492],"confidence":0.8735,"confidence_bucket":"high","detector_score":null,"eccentricity":0.4979,"equivalent_diameter_m":3.969,"height_m":null,"height_reason":"unavailable","id":705,"low_confidence_reason":null,"perimeter_m":12.239,"shadow_length_m":null,"signals":{"separation":0.6923,"shadow":0.0,"shape":1.0,"size":0.9031},"solidity":0.9516,"touches_edge":false},"type":"Feature"},{"geometry":{"coordinates":[[[-5.9487668,39.9298094],[-5.9487936,39.9298094],[-5.948807,39.9298321],[-5.9487882,39.9298382],[-5.9487641,39.9298238],[-5.9487668,39.9298094]]],"type":"Polygon"},"id":706,"properties":{"area_m2":7.968,"centroid_lonlat":[-5.948786,39.9298233],"centroid_px":[561.421,437.132],"confidence":0.7185,"confidence_bucket":"high","detector_score":null,"eccentricity":0.7935,"equivalent_diameter_m":3.185,"height_m":null,"height_reason":"unavailable","id":706,"low_confidence_reason":null,"perimeter_m":10.676,"shadow_length_m":null,"signals":{"separation":0.5751,"shadow":0.0,"shape":0.8786,"size":0.6699},"solidity":0.8636,"touches_edge":false},"type":"Feature"},{"geometry":{"coordinates":[[[-5.9506819,39.9297889],[-5.9507033,39.9298053],[-5.9507194,39.9297971],[-5.9507382,39.9298115],[-5.9507382,39.9298197],[-5.9507087,39.9298382],[-5.9506872,39.9298382],[-5.9506631,39.9298197],[-5.9506631,39.9298074],[-5.9506819,39.9297889]]],"type":"Polygon"},"id":707,"properties":{"area_m2":22.437,"centroid_lonlat":[-5.9506988,39.9298158],"centroid_px":[204.841,438.963],"confidence":0.4971,"confidence_bucket":"medium","detector_score":null,"eccentricity":0.6609,"equivalent_diameter_m":5.345,"height_m":null,"height_reason":"unavailable","id":707,"low_confidence_reason":null,"perimeter_m":18.826,"shadow_length_m":null,"signals":{"separation":0.3831,"shadow":0.0,"shape":0.7955,"size":0.2531},"solidity":0.8917,"touches_edge":false},"type":"Feature"},{"geometry":{"coordinates":[[[-5.9499899,39.9297971],[-5.950014,39.9297992],[-5.9500194,39.929828],[-5.9500113,39.9298341],[-5.9499899,39.9298341],[-5.9499818,39.929828],[-5.9499818,39.9298033],[-5.9499899,39.9297971]]],"type":"Polygon"},"id":708,"properties":{"area_m2":11.953,"centroid_lonlat":[-5.95,39.929816],"centroid_px":[335.105,438.912],"confidence":0.8878,"confidence_bucket":"high","detector_score":null,"eccentricity":0.6568,"equivalent_diameter_m":3.901,"height_m":null,"height_reason":"unavailable","id":708,"low_confidence_reason":null,"perimeter_m":11.749,"shadow_length_m":null,"signals":{"separation":0.664,"shadow":0.0,"shape":1.0,"size":0.9771},"solidity":0.9828,"touches_edge":false},"type":"Feature"},{"geometry":{"coordinates":[[[-5.9505424,39.9297807],[-5.9505773,39.9297909],[-5.9505665,39.9298156],[-5.9505719,39.9298238],[-5.9505585,39.9298382],[-5.9505478,39.92983],[-5.9505156,39.9298341],[-5.9505022,39.9298197],[-5.9505183,39.9297909],[-5.9505424,39.9297807]]],"type":"Polygon"},"id":709,"properties":{"area_m2":27.68,"centroid_lonlat":[-5.9505415,39.9298092],"centroid_px":[234.167,440.561],"confidence":0.509,"confidence_bucket":"medium","detector_score":null,"eccentricity":0.5611,"equivalent_diameter_m":5.937,"height_m":null,"height_reason":"unavailable","id":709,"low_confidence_reason":null,"perimeter_m":21.084,"shadow_length_m":null,"signals":{"separation":0.6899,"shadow":0.0,"shape":0.7825,"size":0.0},"solidity":0.8571,"touches_edge":false},"type":"Feature"},{"geometry":{"coordinates":[[[-5.9493864,39.9298033],[-5.94944,39.9297992],[-5.94944,39.9298238],[-5.9494239,39.9298362],[-5.9494159,39.9298547],[-5.9494185,39.9298321],[-5.9493998,39.92983],[-5.9493864,39.9298197],[-5.9493864,39.9298033]]],"type":"Polygon"},"id":710,"properties":{"area_m2":15.727,"centroid_lonlat":[-5.9494141,39.9298183],"centroid_px":[444.32,438.36],"confidence":0.6392,"confidence_bucket":"medium","detector_score":null,"eccentricity":0.5439,"equivalent_diameter_m":4.475,"height_m":null,"height_reason":"unavailable","id":710,"low_confidence_reason":null,"perimeter_m":17.165,"shadow_length_m":null,"signals":{"separation":0.4093,"shadow":0.0,"shape":0.6707,"size":0.8314},"solidity":0.7653,"touches_edge":false},"type":"Feature"},{"geometry":{"coordinates":[[[-5.9504592,39.9297992],[-5.9504941,39.9297889],[-5.9505129,39.9298074],[-5.9504887,39.9298382],[-5.9504861,39.929828],[-5.9504592,39.9298156],[-5.9504592,39.9297992]]],"type":"Polygon"},"id":711,"properties":{"area_m2":14.888,"centroid_lonlat":[-5.9504841,39.9298091],"centroid_px":[244.873,440.592],"confidence":0.7856,"confidence_bucket":"high","detector_score":null,"eccentricity":0.4097,"equivalent_diameter_m":4.354,"height_m":null,"height_reason":"unavailable","id":711,"low_confidence_reason":null,"perimeter_m":13.898,"shadow_length_m":null,"signals":{"separation":0.6652,"shadow":0.0,"shape":0.9687,"size":0.6863},"solidity":0.8987,"touches_edge":false},"type":"Feature"},{"geometry":{"coordinates":[[[-5.9500328,39.9297889],[-5.9500569,39.9297951],[-5.9500489,39.9298259],[-5.9500194,39.9298238],[-5.950014,39.9298033],[-5.9500328,39.9297889]]],"type":"Polygon"},"id":712,"properties":{"area_m2":12.162,"centroid_lonlat":[-5.9500375,39.9298076],"centroid_px":[328.121,440.948],"confidence":0.8935,"confidence_bucket":"high","detector_score":null,"eccentricity":0.567,"equivalent_diameter_m":3.935,"height_m":null,"height_reason":"unavailable","id":712,"low_confidence_reason":null,"perimeter_m":12.508,"shadow_length_m":null,"signals":{"separation":0.6982,"shadow":0.0,"shape":0.977,"size":0.9886},"solidity":0.9355,"touches_edge":false},"type":"Feature"},{"geometry":{"coordinates":[[[-5.9492174,39.9297765],[-5.9492469,39.9297868],[-5.9492522,39.9298033],[-5.9492442,39.9298094],[-5.949204,39.9297909],[-5.9492174,39.9297765]]],"type":"Polygon"},"id":713,"properties":{"area_m2":9.646,"centroid_lonlat":[-5.9492295,39.9297921],"centroid_px":[478.739,444.717],"confidence":0.7615,"confidence_bucket":"high","detector_score":null,"eccentricity":0.7974,"equivalent_diameter_m":3.505,"height_m":null,"height_reason":"unavailable","id":713,"low_confidence_reason":null,"perimeter_m":11.055,"shadow_length_m":null,"signals":{"separation":0.5227,"shadow":0.0,"shape":0.9918,"size":0.7241},"solidity":0.902,"touches_edge":false},"type":"Feature"},{"geometry":{"coordinates":[[[-5.9490618,39.9297765],[-5.9490833,39.9297765],[-5.9490913,39.9297827],[-5.9490913,39.9297951],[-5.9490725,39.9298094],[-5.9490484,39.9298033],[-5.9490484,39.9297868],[-5.9490618,39.9297765]]],"type":"Polygon"},"id":714,"properties":{"area_m2":10.694,"centroid_lonlat":[-5.9490693,39.9297918],"centroid_px":[508.608,444.784],"confidence":0.8952,"confidence_bucket":"high","detector_score":null,"eccentricity":0.6062,"equivalent_diameter_m":3.69,"height_m":null,"height_reason":"unavailable","id":714,"low_confidence_reason":null,"perimeter_m":11.323,"shadow_length_m":null,"signals":{"separation":0.702,"shadow":0.0,"shape":1.0,"size":0.9626},"solidity":0.9623,"touches_edge":false},"type":"Feature"},{"geometry":{"coordinates":[[[-5.951626,39.9297807],[-5.9516448,39.9297992],[-5.9516367,39.9298094],[-5.951618,39.9298074],[-5.9516287,39.9297992],[-5.951618,39.9297909],[-5.951626,39.9297807]]],"type":"Polygon"},"id":715,"properties":{"area_m2":4.404,"centroid_lonlat":[-5.9516303,39.9297972],"centroid_px":[31.19,443.476],"confidence":0.4653,"confidence_bucket":"medium","detector_score":null,"eccentricity":0.8275,"equivalent_diameter_m":2.368,"height_m":null,"height_reason":"unavailable","id":715,"low_confidence_reason":null,"perimeter_m":6.633,"shadow_length_m":null,"signals":{"separation":0.0,"shadow":0.0,"shape":1.0,"size":0.2889},"solidity":0.8077,"touches_edge":false},"type":"Feature"},{"geometry":{"coordinates":[[[-5.9494051,39.9297724],[-5.9494293,39.9297827],[-5.9494239,39.9297868],[-5.9494346,39.9297951],[-5.9494266,39.9298012],[-5.9493917,39.9297992],[-5.9493917,39.9297868],[-5.9494051,39.9297724]]],"type":"Polygon"},"id":716,"properties":{"area_m2":8.597,"centroid_lonlat":[-5.9494113,39.9297889],"centroid_px":[444.854,445.488],"confidence":0.7198,"confidence_bucket":"high","detector_score":null,"eccentricity":0.2095,"equivalent_diameter_m":3.309,"height_m":null,"height_reason":"unavailable","id":716,"low_confidence_reason":null,"perimeter_m":10.676,"shadow_length_m":null,"signals":{"separation":0.5536,"shadow":0.0,"shape":0.9479,"size":0.6123},"solidity":0.9318,"touches_edge":false},"type":"Feature"},{"geometry":{"coordinates":[[[-5.9493461,39.9297724],[-5.9493676,39.9297724],[-5.949381,39.9297827],[-5.949381,39.9297992],[-5.9493622,39.9298094],[-5.9493461,39.9298094],[-5.9493327,39.9297992],[-5.9493327,39.9297868],[-5.9493461,39.9297724]]],"type":"Polygon"},"id":717,"properties":{"area_m2":13.63,"centroid_lonlat":[-5.949357,39.9297908],"centroid_px":[454.969,445.031],"confidence":0.922,"confidence_bucket":"high","detector_score":null,"eccentricity":0.4272,"equivalent_diameter_m":4.166,"height_m":null,"height_reason":"unavailable","id":717,"low_confidence_reason":null,"perimeter_m":12.508,"shadow_length_m":null,"signals":{"separation":0.7927,"shadow":0.0,"shape":1.0,"size":0.9578},"solidity":0.9701,"touches_edge":false},"type":"Feature"},{"geometry":{"coordinates":[[[-5.9517601,39.9297683],[-5.9517816,39.9297683],[-5.951795,39.9297786],[-5.9517816,39.9298053],[-5.9517574,39.9297951],[-5.9517682,39.9297786],[-5.9517601,39.9297683]]],"type":"Polygon"},"id":718,"properties":{"area_m2":9.227,"centroid_lonlat":[-5.9517765,39.9297852],"centroid_px":[3.955,446.386],"confidence":0.7587,"confidence_bucket":"high","detector_score":null,"eccentricity":0.668,"equivalent_diameter_m":3.427,"height_m":null,"height_reason":"unavailable","id":718,"low_confidence_reason":null,"perimeter_m":12.35,"shadow_length_m":null,"signals":{"separation":0.5344,"shadow":0.0,"shape":0.7601,"size":0.9812},"solidity":0.8462,"touches_edge":false},"type":"Feature"},{"geometry":{"coordinates":[[[-5.9497645,39.9297683],[-5.9497887,39.9297868],[-5.949786,39.9298053],[-5.9497645,39.9298053],[-5.9497511,39.9297951],[-5.9497511,39.9297786],[-5.9497645,39.9297683]]],"type":"Polygon"},"id":719,"properties":{"area_m2":10.275,"centroid_lonlat":[-5.9497696,39.9297888],"centroid_px":[378.061,445.531],"confidence":0.8367,"confidence_bucket":"high","detector_score":null,"eccentricity":0.7164,"equivalent_diameter_m":3.617,"height_m":null,"height_reason":"unavailable","id":719,"low_confidence_reason":null,"perimeter_m":10.944,"shadow_length_m":null,"signals":{"separation":0.5662,"shadow":0.0,"shape":1.0,"size":0.9111},"solidity":0.98,"touches_edge":false},"type":"Feature"},{"geometry":{"coordinates":[[[-5.9496573,39.9297724],[-5.949676,39.9297827],[-5.949668,39.929793],[-5.9496519,39.929793],[-5.9496385,39.9297827],[-5.9496573,39.9297724]]],"type":"Polygon"},"id":720,"properties":{"area_m2":4.823,"centroid_lonlat":[-5.9496584,39.9297832],"centroid_px":[398.783,446.87],"confidence":0.6239,"confidence_bucket":"medium","detector_score":null,"eccentricity":0.714,"equivalent_diameter_m":2.478,"height_m":null,"height_reason":"unavailable","id":720,"low_confidence_reason":null,"perimeter_m":7.66,"shadow_length_m":null,"signals":{"separation":0.5227,"shadow":0.0,"shape":1.0,"size":0.2739},"solidity":0.92,"touches_edge":false},"type":"Feature"},{"geometry":{"coordinates":[[[-5.9504834,39.9297601],[-5.9505022,39.9297704],[-5.9505022,39.9297868],[-5.9504619,39.929793],[-5.9504431,39.9297704],[-5.9504673,39.9297724],[-5.9504834,39.9297601]]],"type":"Polygon"},"id":721,"properties":{"area_m2":12.372,"centroid_lonlat":[-5.950476,39.9297778],"centroid_px":[246.373,448.203],"confidence":0.7292,"confidence_bucket":"high","detector_score":null,"eccentricity":0.7641,"equivalent_diameter_m":3.969,"height_m":null,"height_reason":"unavailable","id":721,"low_confidence_reason":null,"perimeter_m":13.803,"shadow_length_m":null,"signals":{"separation":0.516,"shadow":0.0,"shape":0.816,"size":0.8381},"solidity":0.8676,"touches_edge":false},"type":"Feature"},{"geometry":{"coordinates":[[[-5.9503117,39.9297601],[-5.9503493,39.9297642],[-5.9503573,39.9297745],[-5.9503332,39.9297971],[-5.9503117,39.929793],[-5.9502983,39.9297827],[-5.9502983,39.9297704],[-5.9503117,39.9297601]]],"type":"Polygon"},"id":722,"properties":{"area_m2":15.098,"centroid_lonlat":[-5.9503262,39.9297771],"centroid_px":[274.292,448.361],"confidence":0.7508,"confidence_bucket":"high","detector_score":null,"eccentricity":0.6066,"equivalent_diameter_m":4.384,"height_m":null,"height_reason":"unavailable","id":722,"low_confidence_reason":null,"perimeter_m":13.535,"shadow_length_m":null,"signals":{"separation":0.6606,"shadow":0.0,"shape":1.0,"size":0.542},"solidity":0.96,"touches_edge":false},"type":"Feature"},{"geometry":{"coordinates":[[[-5.9491637,39.9297642],[-5.9491771,39.9297704],[-5.9491637,39.9297807],[-5.9491557,39.9297745],[-5.9491637,39.9297642]]],"type":"Polygon"},"id":723,"properties":{"area_m2":2.097,"centroid_lonlat":[-5.9491653,39.9297716],"centroid_px":[490.7,449.7],"confidence":0.5502,"confidence_bucket":"medium","detector_score":null,"eccentricity":0.6164,"equivalent_diameter_m":1.634,"height_m":null,"height_reason":"unavailable","id":723,"low_confidence_reason":null,"perimeter_m":4.154,"shadow_length_m":null,"signals":{"separation":0.5605,"shadow":0.0,"shape":1.0,"size":0.0},"solidity":1.0,"touches_edge":false},"type":"Feature"},{"geometry":{"coordinates":[[[-5.95036,39.9297601],[-5.950368,39.9297621],[-5.95036,39.9297765],[-5.950352,39.9297704],[-5.95036,39.9297601]]],"type":"Polygon"},"id":724,"properties":{"area_m2":1.887,"centroid_lonlat":[-5.9503606,39.9297676],"centroid_px":[267.889,450.667],"confidence":0.6248,"confidence_bucket":"medium","detector_score":null,"eccentricity":0.6946,"equivalent_diameter_m":1.55,"height_m":null,"height_reason":"unavailable","id":724,"low_confidence_reason":null,"perimeter_m":3.774,"shadow_length_m":null,"signals":{"separation":0.5908,"shadow":0.0,"shape":1.0,"size":0.2087},"solidity":1.0,"touches_edge":false},"type":"Feature"},{"geometry":{"coordinates":[[[-5.9495446,39.9297519],[-5.9495661,39.9297519],[-5.9495795,39.9297621],[-5.9495714,39.9297807],[-5.9495553,39.9297848],[-5.9495473,39.9297786],[-5.9495473,39.9297663],[-5.9495366,39.929758],[-5.9495446,39.9297519]]],"type":"Polygon"},"id":725,"properties":{"area_m2":8.388,"centroid_lonlat":[-5.9495599,39.929767],"centroid_px":[417.15,450.825],"confidence":0.7448,"confidence_bucket":"high","detector_score":null,"eccentricity":0.6125,"equivalent_diameter_m":3.268,"height_m":null,"height_reason":"unavailable","id":725,"low_confidence_reason":null,"perimeter_m":11.435,"shadow_length_m":null,"signals":{"separation":0.5605,"shadow":0.0,"shape":0.8061,"size":0.8555},"solidity":0.8511,"touches_edge":false},"type":"Feature"},{"geometry":{"coordinates":[[[-5.9504673,39.9297436],[-5.9504861,39.929758],[-5.9504673,39.9297724],[-5.9504458,39.9297683],[-5.9504673,39.9297436]]],"type":"Polygon"},"id":726,"properties":{"area_m2":6.71,"centroid_lonlat":[-5.9504663,39.9297582],"centroid_px":[248.188,452.969],"confidence":0.8342,"confidence_bucket":"high","detector_score":null,"eccentricity":0.7302,"equivalent_diameter_m":2.923,"height_m":null,"height_reason":"unavailable","id":726,"low_confidence_reason":null,"perimeter_m":9.129,"shadow_length_m":null,"signals":{"separation":0.7006,"shadow":0.0,"shape":1.0,"size":0.7689},"solidity":0.9143,"touches_edge":false},"type":"Feature"},{"geometry":{"coordinates":[[[-5.9502581,39.9297436],[-5.9502795,39.9297436],[-5.9502929,39.9297539],[-5.9502929,39.9297704],[-5.9502795,39.9297807],[-5.9502447,39.9297704],[-5.9502447,39.9297539],[-5.9502581,39.9297436]]],"type":"Polygon"},"id":727,"properties":{"area_m2":13.84,"centroid_lonlat":[-5.9502692,39.9297615],"centroid_px":[284.924,452.167],"confidence":0.8347,"confidence_bucket":"high","detector_score":null,"eccentricity":0.3665,"equivalent_diameter_m":4.198,"height_m":null,"height_reason":"unavailable","id":727,"low_confidence_reason":null,"perimeter_m":12.887,"shadow_length_m":null,"signals":{"separation":0.6171,"shadow":0.0,"shape":1.0,"size":0.8539},"solidity":0.9706,"touches_edge":false},"type":"Feature"},{"geometry":{"coordinates":[[[-5.9491906,39.9297436],[-5.9492013,39.9297436],[-5.9492201,39.929758],[-5.9492201,39.9297745],[-5.949212,39.9297807],[-5.9491959,39.9297807],[-5.9491906,39.9297683],[-5.9491664,39.9297621],[-5.9491906,39.9297436]]],"type":"Polygon"},"id":728,"properties":{"area_m2":11.114,"centroid_lonlat":[-5.9491976,39.9297618],"centroid_px":[484.679,452.094],"confidence":0.6595,"confidence_bucket":"medium","detector_score":null,"eccentricity":0.6131,"equivalent_diameter_m":3.762,"height_m":null,"height_reason":"unavailable","id":728,"low_confidence_reason":null,"perimeter_m":13.724,"shadow_length_m":null,"signals":{"separation":0.3443,"shadow":0.0,"shape":0.7415,"size":0.8762},"solidity":0.8548,"touches_edge":false},"type":"Feature"},{"geometry":{"coordinates":[[[-5.949448,39.9297066],[-5.9494856,39.9297066],[-5.9495312,39.9297416],[-5.9495205,39.9297539],[-5.9495258,39.9297704],[-5.9495071,39.9297889],[-5.9494856,39.9297971],[-5.9494749,39.9297889],[-5.9494534,39.9297889],[-5.9494185,39.9297745],[-5.9494132,39.9297416],[-5.9494185,39.9297292],[-5.949448,39.9297066]]],"type":"Polygon"},"id":729,"properties":{"area_m2":72.554,"centroid_lonlat":[-5.9494702,39.9297502],"centroid_px":[433.879,454.896],"confidence":0.5849,"confidence_bucket":"medium","detector_score":null,"eccentricity":0.3826,"equivalent_diameter_m":9.611,"height_m":null,"height_reason":"unavailable","id":729,"low_confidence_reason":null,"perimeter_m":32.25,"shadow_length_m":null,"signals":{"separation":0.8197,"shadow":0.0,"shape":0.8766,"size":0.0},"solidity":0.9454,"touches_edge":false},"type":"Feature"},{"geometry":{"coordinates":[[[-5.9503385,39.9297313],[-5.9503734,39.9297416],[-5.9503654,39.9297601],[-5.9503359,39.9297621],[-5.9503305,39.9297375],[-5.9503385,39.9297313]]],"type":"Polygon"},"id":730,"properties":{"area_m2":9.856,"centroid_lonlat":[-5.9503495,39.9297481],"centroid_px":[269.957,455.426],"confidence":0.7928,"confidence_bucket":"high","detector_score":null,"eccentricity":0.1536,"equivalent_diameter_m":3.542,"height_m":null,"height_reason":"unavailable","id":730,"low_confidence_reason":null,"perimeter_m":12.161,"shadow_length_m":null,"signals":{"separation":0.5781,"shadow":0.0,"shape":0.8375,"size":0.9537},"solidity":0.8704,"touches_edge":false},"type":"Feature"},{"geometry":{"coordinates":[[[-5.9517869,39.9297231],[-5.9518003,39.9297251],[-5.9518003,39.9297539],[-5.9517816,39.9297642],[-5.9517682,39.9297498],[-5.9517682,39.9297375],[-5.9517869,39.9297231]]],"type":"Polygon"},"id":731,"properties":{"area_m2":9.646,"centroid_lonlat":[-5.9517857,39.9297436],"centroid_px":[2.239,456.5],"confidence":0.8875,"confidence_bucket":"high","detector_score":null,"eccentricity":0.7853,"equivalent_diameter_m":3.505,"height_m":null,"height_reason":"unavailable","id":731,"low_confidence_reason":null,"perimeter_m":11.323,"shadow_length_m":null,"signals":{"separation":0.7392,"shadow":0.0,"shape":0.9453,"size":0.9663},"solidity":0.9583,"touches_edge":true},"type":"Feature"},{"geometry":{"coordinates":[[[-5.94933,39.9297231],[-5.9493488,39.9297498],[-5.9493354,39.9297601],[-5.9493247,39.9297601],[-5.9493059,39.9297457],[-5.9493059,39.9297375],[-5.94933,39.9297231]]],"type":"Polygon"},"id":732,"properties":{"area_m2":9.646,"centroid_lonlat":[-5.9493268,39.9297429],"centroid_px":[460.609,456.674],"confidence":0.8926,"confidence_bucket":"high","detector_score":null,"eccentricity":0.5873,"equivalent_diameter_m":3.505,"height_m":null,"height_reason":"unavailable","id":732,"low_confidence_reason":null,"perimeter_m":10.787,"shadow_length_m":null,"signals":{"separation":0.7392,"shadow":0.0,"shape":1.0,"size":0.9172},"solidity":0.9388,"touches_edge":false},"type":"Feature"},{"geometry":{"coordinates":[[[-5.9515241,39.929719],[-5.9515536,39.9297375],[-5.9515402,39.9297519],[-5.9515107,39.9297292],[-5.9515241,39.929719]]],"type":"Polygon"},"id":733,"properties":{"area_m2":6.5,"centroid_lonlat":[-5.9515331,39.9297349],"centroid_px":[49.323,458.613],"confidence":0.6442,"confidence_bucket":"medium","detector_score":null,"eccentricity":0.8647,"equivalent_diameter_m":2.877,"height_m":null,"height_reason":"unavailable","id":733,"low_confidence_reason":null,"perimeter_m":9.603,"shadow_length_m":null,"signals":{"separation":0.3183,"shadow":0.0,"shape":0.8858,"size":0.68},"solidity":0.9394,"touches_edge":false},"type":"Feature"},{"geometry":{"coordinates":[[[-5.9504941,39.9297148],[-5.950537,39.9297148],[-5.9505451,39.9297457],[-5.950537,39.9297519],[-5.9505156,39.9297519],[-5.9505022,39.9297416],[-5.9504941,39.9297148]]],"type":"Polygon"},"id":734,"properties":{"area_m2":13.84,"centroid_lonlat":[-5.9505222,39.929733],"centroid_px":[237.758,459.091],"confidence":0.5968,"confidence_bucket":"medium","detector_score":null,"eccentricity":0.5953,"equivalent_diameter_m":4.198,"height_m":null,"height_reason":"unavailable","id":734,"low_confidence_reason":null,"perimeter_m":14.15,"shadow_length_m":null,"signals":{"separation":0.6545,"shadow":0.0,"shape":0.8687,"size":0.2127},"solidity":0.8919,"touches_edge":false},"type":"Feature"},{"geometry":{"coordinates":[[[-5.9496412,39.9297148],[-5.9496599,39.9297251],[-5.9496599,39.9297416],[-5.9496519,39.9297477],[-5.9496331,39.9297416],[-5.9496331,39.929721],[-5.9496412,39.9297148]]],"type":"Polygon"},"id":735,"properties":{"area_m2":6.92,"centroid_lonlat":[-5.949646,39.9297325],"centroid_px":[401.091,459.212],"confidence":0.7831,"confidence_bucket":"high","detector_score":null,"eccentricity":0.7441,"equivalent_diameter_m":2.968,"height_m":null,"height_reason":"unavailable","id":735,"low_confidence_reason":null,"perimeter_m":8.733,"shadow_length_m":null,"signals":{"separation":0.6171,"shadow":0.0,"shape":1.0,"size":0.6887},"solidity":0.9706,"touches_edge":false},"type":"Feature"},{"geometry":{"coordinates":[[[-5.9492254,39.9297251],[-5.9492496,39.9297148],[-5.9492737,39.9297375],[-5.9492603,39.9297519],[-5.9492388,39.9297519],[-5.9492308,39.9297457],[-5.9492254,39.9297251]]],"type":"Polygon"},"id":736,"properties":{"area_m2":11.953,"centroid_lonlat":[-5.9492475,39.9297344],"centroid_px":[475.386,458.737],"confidence":0.7519,"confidence_bucket":"high","detector_score":null,"eccentricity":0.631,"equivalent_diameter_m":3.901,"height_m":null,"height_reason":"unavailable","id":736,"low_confidence_reason":null,"perimeter_m":11.971,"shadow_length_m":null,"signals":{"separation":0.525,"shadow":0.0,"shape":1.0,"size":0.6811},"solidity":0.95,"touches_edge":false},"type":"Feature"},{"geometry":{"coordinates":[[[-5.9507355,39.9297107],[-5.9507516,39.9297107],[-5.950765,39.929721],[-5.9507516,39.9297395],[-5.9507409,39.9297395],[-5.9507221,39.929721],[-5.9507355,39.9297107]]],"type":"Polygon"},"id":737,"properties":{"area_m2":8.178,"centroid_lonlat":[-5.9507454,39.9297244],"centroid_px":[196.154,461.179],"confidence":0.8296,"confidence_bucket":"high","detector_score":null,"eccentricity":0.5081,"equivalent_diameter_m":3.227,"height_m":null,"height_reason":"unavailable","id":737,"low_confidence_reason":null,"perimeter_m":9.492,"shadow_length_m":null,"signals":{"separation":0.6346,"shadow":0.0,"shape":1.0,"size":0.8201},"solidity":0.975,"touches_edge":false},"type":"Feature"},{"geometry":{"coordinates":[[[-5.9505746,39.9297025],[-5.9505853,39.9297107],[-5.9506014,39.9297066],[-5.9506094,39.9297128],[-5.9506068,39.9297313],[-5.9505907,39.9297354],[-5.9505665,39.9297251],[-5.9505773,39.9297169],[-5.9505665,39.9297087],[-5.9505746,39.9297025]]],"type":"Polygon"},"id":738,"properties":{"area_m2":8.597,"centroid_lonlat":[-5.9505892,39.9297199],"centroid_px":[225.268,462.268],"confidence":0.8507,"confidence_bucket":"high","detector_score":null,"eccentricity":0.6178,"equivalent_diameter_m":3.309,"height_m":null,"height_reason":"unavailable","id":738,"low_confidence_reason":null,"perimeter_m":10.408,"shadow_length_m":null,"signals":{"separation":0.5536,"shadow":0.0,"shape":0.9974,"size":0.9719},"solidity":0.7885,"touches_edge":false},"type":"Feature"},{"geometry":{"coordinates":[[[-5.950537,39.929686],[-5.9505397,39.9297087],[-5.9504995,39.929719],[-5.9504968,39.9297046],[-5.950537,39.929686]]],"type":"Polygon"},"id":739,"properties":{"area_m2":8.388,"centroid_lonlat":[-5.9505185,39.9297056],"centroid_px":[238.45,465.75],"confidence":0.7899,"confidence_bucket":"high","detector_score":null,"eccentricity":0.8147,"equivalent_diameter_m":3.268,"height_m":null,"height_reason":"unavailable","id":739,"low_confidence_reason":null,"perimeter_m":11.118,"shadow_length_m":null,"signals":{"separation":0.5605,"shadow":0.0,"shape":0.8528,"size":0.9438},"solidity":0.8511,"touches_edge":false},"type":"Feature"},{"geometry":{"coordinates":[[[-5.9502849,39.9297025],[-5.9503117,39.9297025],[-5.9503305,39.9297169],[-5.9503171,39.9297272],[-5.9502956,39.9297272],[-5.9502822,39.9297169],[-5.9502849,39.9297025]]],"type":"Polygon"},"id":740,"properties":{"area_m2":8.597,"centroid_lonlat":[-5.9503037,39.9297149],"centroid_px":[278.488,463.488],"confidence":0.8068,"confidence_bucket":"high","detector_score":null,"eccentricity":0.7643,"equivalent_diameter_m":3.309,"height_m":null,"height_reason":"unavailable","id":740,"low_confidence_reason":null,"perimeter_m":10.408,"shadow_length_m":null,"signals":{"separation":0.5536,"shadow":0.0,"shape":0.9974,"size":0.8313},"solidity":0.9762,"touches_edge":false},"type":"Feature"},{"geometry":{"coordinates":[[[-5.9507623,39.929686],[-5.9507918,39.9297004],[-5.9507865,39.9297128],[-5.9507677,39.9297231],[-5.9507489,39.9297087],[-5.9507489,39.9296963],[-5.9507623,39.929686]]],"type":"Polygon"},"id":741,"properties":{"area_m2":9.646,"centroid_lonlat":[-5.9507689,39.9297043],"centroid_px":[191.783,466.065],"confidence":0.9037,"confidence_bucket":"high","detector_score":null,"eccentricity":0.4426,"equivalent_diameter_m":3.505,"height_m":null,"height_reason":"unavailable","id":741,"low_confidence_reason":null,"perimeter_m":10.787,"shadow_length_m":null,"signals":{"separation":0.7392,"shadow":0.0,"shape":1.0,"size":0.9527},"solidity":0.92,"touches_edge":false},"type":"Feature"},{"geometry":{"coordinates":[[[-5.9491691,39.929686],[-5.949204,39.9296963],[-5.949204,39.9297128],[-5.9491959,39.929719],[-5.9491852,39.9297148],[-5.9491691,39.9297231],[-5.9491611,39.9297169],[-5.9491557,39.9296963],[-5.9491691,39.929686]]],"type":"Polygon"},"id":742,"properties":{"area_m2":12.372,"centroid_lonlat":[-5.9491795,39.9297043],"centroid_px":[488.068,466.068],"confidence":0.6796,"confidence_bucket":"medium","detector_score":null,"eccentricity":0.4728,"equivalent_diameter_m":3.969,"height_m":null,"height_reason":"unavailable","id":742,"low_confidence_reason":null,"perimeter_m":12.887,"shadow_length_m":null,"signals":{"separation":0.516,"shadow":0.0,"shape":0.9362,"size":0.5354},"solidity":0.8939,"touches_edge":false},"type":"Feature"},{"geometry":{"coordinates":[[[-5.9504941,39.9296737],[-5.9505075,39.9296963],[-5.9504941,39.9297148],[-5.9504727,39.9297148],[-5.9504646,39.9297087],[-5.95047,39.9296963],[-5.9504941,39.9296737]]],"type":"Polygon"},"id":743,"properties":{"area_m2":8.807,"centroid_lonlat":[-5.9504863,39.9296987],"centroid_px":[244.452,467.429],"confidence":0.7524,"confidence_bucket":"high","detector_score":null,"eccentricity":0.813,"equivalent_diameter_m":3.349,"height_m":null,"height_reason":"unavailable","id":743,"low_confidence_reason":null,"perimeter_m":11.323,"shadow_length_m":null,"signals":{"separation":0.3868,"shadow":0.0,"shape":0.8631,"size":0.985},"solidity":0.8235,"touches_edge":false},"type":"Feature"},{"geometry":{"coordinates":[[[-5.9489545,39.9296819],[-5.9489787,39.9296922],[-5.948976,39.9297148],[-5.9489545,39.9297148],[-5.9489411,39.9297046],[-5.9489411,39.9296922],[-5.9489545,39.9296819]]],"type":"Polygon"},"id":744,"properties":{"area_m2":9.646,"centroid_lonlat":[-5.9489608,39.9296995],"centroid_px":[528.826,467.217],"confidence":0.9011,"confidence_bucket":"high","detector_score":null,"eccentricity":0.5222,"equivalent_diameter_m":3.505,"height_m":null,"height_reason":"unavailable","id":744,"low_confidence_reason":null,"perimeter_m":10.676,"shadow_length_m":null,"signals":{"separation":0.7392,"shadow":0.0,"shape":1.0,"size":0.9444},"solidity":0.9787,"touches_edge":false},"type":"Feature"},{"geometry":{"coordinates":[[[-5.9492978,39.9296655],[-5.9493327,39.9296675],[-5.9493166,39.9296758],[-5.9493273,39.9296922],[-5.9493032,39.9297066],[-5.9492791,39.9296963],[-5.9492791,39.929684],[-5.9493005,39.9296716],[-5.9492978,39.9296655]]],"type":"Polygon"},"id":745,"properties":{"area_m2":14.259,"centroid_lonlat":[-5.9493043,39.9296858],"centroid_px":[464.794,470.559],"confidence":0.6567,"confidence_bucket":"medium","detector_score":null,"eccentricity":0.7083,"equivalent_diameter_m":4.261,"height_m":null,"height_reason":"unavailable","id":745,"low_confidence_reason":null,"perimeter_m":15.098,"shadow_length_m":null,"signals":{"separation":0.4806,"shadow":0.0,"shape":0.7861,"size":0.6775},"solidity":0.8718,"touches_edge":false},"type":"Feature"},{"geometry":{"coordinates":[[[-5.9511968,39.9296696],[-5.9512264,39.9296881],[-5.9512129,39.9296984],[-5.9511942,39.9296922],[-5.9511995,39.929684],[-5.9511888,39.9296758],[-5.9511968,39.9296696]]],"type":"Polygon"},"id":746,"properties":{"area_m2":5.242,"centroid_lonlat":[-5.9512069,39.9296858],"centroid_px":[110.12,470.56],"confidence":0.7528,"confidence_bucket":"high","detector_score":null,"eccentricity":0.773,"equivalent_diameter_m":2.584,"height_m":null,"height_reason":"unavailable","id":746,"low_confidence_reason":null,"perimeter_m":7.66,"shadow_length_m":null,"signals":{"separation":0.3545,"shadow":0.0,"shape":1.0,"size":0.8545},"solidity":0.8333,"touches_edge":false},"type":"Feature"},{"geometry":{"coordinates":[[[-5.9505799,39.9296655],[-5.9505934,39.9296716],[-5.9505987,39.929684],[-5.9505746,39.9296984],[-5.9505558,39.9296881],[-5.9505799,39.9296655]]],"type":"Polygon"},"id":747,"properties":{"area_m2":7.549,"centroid_lonlat":[-5.950579,39.9296824],"centroid_px":[227.167,471.389],"confidence":0.7836,"confidence_bucket":"high","detector_score":null,"eccentricity":0.7188,"equivalent_diameter_m":3.1,"height_m":null,"height_reason":"unavailable","id":747,"low_confidence_reason":null,"perimeter_m":10.139,"shadow_length_m":null,"signals":{"separation":0.5908,"shadow":0.0,"shape":0.9227,"size":0.8095},"solidity":0.8571,"touches_edge":false},"type":"Feature"},{"geometry":{"coordinates":[[[-5.9505156,39.9296655],[-5.950537,39.9296737],[-5.9505397,39.929684],[-5.9505102,39.9296984],[-5.9504968,39.9296799],[-5.9505156,39.9296655]]],"type":"Polygon"},"id":748,"properties":{"area_m2":8.807,"centroid_lonlat":[-5.9505177,39.9296818],"centroid_px":[238.595,471.524],"confidence":0.8739,"confidence_bucket":"high","detector_score":null,"eccentricity":0.5665,"equivalent_diameter_m":3.349,"height_m":null,"height_reason":"unavailable","id":748,"low_confidence_reason":null,"perimeter_m":10.139,"shadow_length_m":null,"signals":{"separation":0.6116,"shadow":0.0,"shape":1.0,"size":0.985},"solidity":0.9545,"touches_edge":false},"type":"Feature"},{"geometry":{"coordinates":[[[-5.9514812,39.9296655],[-5.9514892,39.9296758],[-5.9514651,39.9296902],[-5.951457,39.9296758],[-5.9514812,39.9296655]]],"type":"Polygon"},"id":749,"properties":{"area_m2":4.823,"centroid_lonlat":[-5.9514721,39.9296779],"centroid_px":[60.696,472.478],"confidence":0.8017,"confidence_bucket":"high","detector_score":null,"eccentricity":0.7766,"equivalent_diameter_m":2.478,"height_m":null,"height_reason":"unavailable","id":749,"low_confidence_reason":null,"perimeter_m":7.281,"shadow_length_m":null,"signals":{"separation":0.5227,"shadow":0.0,"shape":1.0,"size":0.8426},"solidity":0.9583,"touches_edge":false},"type":"Feature"},{"geometry":{"coordinates":[[[-5.9506872,39.9296614],[-5.9507087,39.9296614],[-5.9507221,39.9296716],[-5.9507221,39.9296881],[-5.9507087,39.9296984],[-5.9506872,39.9296984],[-5.9506738,39.9296881],[-5.9506738,39.9296716],[-5.9506872,39.9296614]]],"type":"Polygon"},"id":750,"properties":{"area_m2":14.049,"centroid_lonlat":[-5.950698,39.9296797],"centroid_px":[205.0,472.03],"confidence":0.6455,"confidence_bucket":"medium","detector_score":null,"eccentricity":0.283,"equivalent_diameter_m":4.229,"height_m":null,"height_reason":"unavailable","id":750,"low_confidence_reason":null,"perimeter_m":13.266,"shadow_length_m":null,"signals":{"separation":0.6848,"shadow":0.0,"shape":1.0,"size":0.1807},"solidity":0.971,"touches_edge":false},"type":"Feature"},{"geometry":{"coordinates":[[[-5.9491798,39.9296655],[-5.9492013,39.9296655],[-5.9492093,39.9296716],[-5.9492093,39.9296881],[-5.9492013,39.9296943],[-5.9491718,39.929684],[-5.9491798,39.9296655]]],"type":"Polygon"},"id":751,"properties":{"area_m2":8.597,"centroid_lonlat":[-5.9491916,39.9296789],"centroid_px":[485.805,472.244],"confidence":0.8291,"confidence_bucket":"high","detector_score":null,"eccentricity":0.5216,"equivalent_diameter_m":3.309,"height_m":null,"height_reason":"unavailable","id":751,"low_confidence_reason":null,"perimeter_m":9.649,"shadow_length_m":null,"signals":{"separation":0.619,"shadow":0.0,"shape":1.0,"size":0.8343},"solidity":0.9762,"touches_edge":false},"type":"Feature"},{"geometry":{"coordinates":[[[-5.9512559,39.9296614],[-5.9512639,39.9296716],[-5.9512505,39.9296819],[-5.9512451,39.9296778],[-5.9512237,39.929686],[-5.9512156,39.9296799],[-5.9512183,39.9296737],[-5.9512559,39.9296614]]],"type":"Polygon"},"id":752,"properties":{"area_m2":6.081,"centroid_lonlat":[-5.9512405,39.9296748],"centroid_px":[103.862,473.241],"confidence":0.6274,"confidence_bucket":"medium","detector_score":null,"eccentricity":0.9241,"equivalent_diameter_m":2.783,"height_m":null,"height_reason":"unavailable","id":752,"low_confidence_reason":null,"perimeter_m":10.139,"shadow_length_m":null,"signals":{"separation":0.3291,"shadow":0.0,"shape":0.7433,"size":0.7866},"solidity":0.8286,"touches_edge":false},"type":"Feature"},{"geometry":{"coordinates":[[[-5.9501401,39.9296202],[-5.9501776,39.9296408],[-5.9501991,39.9296285],[-5.9502339,39.929647],[-5.9502286,39.9296593],[-5.9502447,39.9296922],[-5.9502259,39.9296984],[-5.9501883,39.9297354],[-5.9501669,39.9297313],[-5.9501508,39.9297148],[-5.9501401,39.929719],[-5.9501106,39.9296922],[-5.9501159,39.9296799],[-5.9501052,39.9296634],[-5.9501106,39.9296593],[-5.9500998,39.9296511],[-5.9501401,39.9296202]]],"type":"Polygon"},"id":753,"properties":{"area_m2":99.395,"centroid_lonlat":[-5.9501719,39.9296758],"centroid_px":[303.07,472.981],"confidence":0.2968,"confidence_bucket":"low","detector_score":null,"eccentricity":0.4417,"equivalent_diameter_m":11.25,"height_m":null,"height_reason":"unavailable","id":753,"low_confidence_reason":"Low confidence: this crown is far larger or smaller than its neighbours, so it is likely merged with, or split from, another crown.","perimeter_m":47.792,"shadow_length_m":null,"signals":{"separation":0.2935,"shadow":0.0,"shape":0.5468,"size":0.0},"solidity":0.8893,"touches_edge":false},"type":"Feature"},{"geometry":{"coordinates":[[[-5.9507516,39.929649],[-5.9507731,39.9296572],[-5.9507865,39.9296716],[-5.9507677,39.9296902],[-5.9507382,39.9296758],[-5.9507382,39.9296593],[-5.9507516,39.929649]]],"type":"Polygon"},"id":754,"properties":{"area_m2":11.743,"centroid_lonlat":[-5.9507596,39.92967],"centroid_px":[193.518,474.411],"confidence":0.7179,"confidence_bucket":"high","detector_score":null,"eccentricity":0.5638,"equivalent_diameter_m":3.867,"height_m":null,"height_reason":"unavailable","id":754,"low_confidence_reason":null,"perimeter_m":12.35,"shadow_length_m":null,"signals":{"separation":0.6699,"shadow":0.0,"shape":0.9674,"size":0.4666},"solidity":0.9032,"touches_edge":false},"type":"Feature"},{"geometry":{"coordinates":[[[-5.9517065,39.9296449],[-5.9517199,39.9296552],[-5.9517011,39.9296696],[-5.9516904,39.9296696],[-5.951677,39.9296593],[-5.9517065,39.9296449]]],"type":"Polygon"},"id":755,"properties":{"area_m2":5.242,"centroid_lonlat":[-5.9516983,39.9296588],"centroid_px":[18.52,477.12],"confidence":0.714,"confidence_bucket":"high","detector_score":null,"eccentricity":0.7773,"equivalent_diameter_m":2.584,"height_m":null,"height_reason":"unavailable","id":755,"low_confidence_reason":null,"perimeter_m":8.197,"shadow_length_m":null,"signals":{"separation":0.3545,"shadow":0.0,"shape":0.9805,"size":0.7538},"solidity":0.8621,"touches_edge":false},"type":"Feature"},{"geometry":{"coordinates":[[[-5.9517387,39.9296449],[-5.9517574,39.9296593],[-5.9517494,39.9296655],[-5.9517252,39.9296593],[-5.9517387,39.9296449]]],"type":"Polygon"},"id":756,"properties":{"area_m2":4.404,"centroid_lonlat":[-5.9517407,39.9296564],"centroid_px":[10.619,477.714],"confidence":0.6524,"confidence_bucket":"medium","detector_score":null,"eccentricity":0.418,"equivalent_diameter_m":2.368,"height_m":null,"height_reason":"unavailable","id":756,"low_confidence_reason":null,"perimeter_m":6.633,"shadow_length_m":null,"signals":{"separation":0.547,"shadow":0.0,"shape":1.0,"size":0.3407},"solidity":0.9545,"touches_edge":false},"type":"Feature"},{"geometry":{"coordinates":[[[-5.9492952,39.9296511],[-5.9493193,39.9296449],[-5.9493327,39.9296634],[-5.9492978,39.9296655],[-5.9492952,39.9296511]]],"type":"Polygon"},"id":757,"properties":{"area_m2":6.081,"centroid_lonlat":[-5.9493125,39.9296565],"centroid_px":[463.276,477.69],"confidence":0.6813,"confidence_bucket":"medium","detector_score":null,"eccentricity":0.7171,"equivalent_diameter_m":2.783,"height_m":null,"height_reason":"unavailable","id":757,"low_confidence_reason":null,"perimeter_m":8.733,"shadow_length_m":null,"signals":{"separation":0.3291,"shadow":0.0,"shape":1.0,"size":0.6511},"solidity":0.9355,"touches_edge":false},"type":"Feature"},{"geometry":{"coordinates":[[[-5.949845,39.9296285],[-5.9498692,39.9296305],[-5.9498745,39.929647],[-5.9498611,39.9296655],[-5.949845,39.9296655],[-5.9498316,39.9296552],[-5.9498316,39.9296387],[-5.949845,39.9296285]]],"type":"Polygon"},"id":758,"properties":{"area_m2":11.743,"centroid_lonlat":[-5.9498517,39.9296464],"centroid_px":[362.75,480.125],"confidence":0.8965,"confidence_bucket":"high","detector_score":null,"eccentricity":0.6069,"equivalent_diameter_m":3.867,"height_m":null,"height_reason":"unavailable","id":758,"low_confidence_reason":null,"perimeter_m":11.86,"shadow_length_m":null,"signals":{"separation":0.7106,"shadow":0.0,"shape":1.0,"size":0.9583},"solidity":0.9333,"touches_edge":false},"type":"Feature"},{"geometry":{"coordinates":[[[-5.9512237,39.9296243],[-5.9512424,39.9296305],[-5.9512424,39.9296428],[-5.951229,39.9296531],[-5.9512076,39.9296572],[-5.9511995,39.929647],[-5.9512237,39.9296243]]],"type":"Polygon"},"id":759,"properties":{"area_m2":8.597,"centroid_lonlat":[-5.951223,39.9296416],"centroid_px":[107.122,481.293],"confidence":0.6768,"confidence_bucket":"medium","detector_score":null,"eccentricity":0.8367,"equivalent_diameter_m":3.309,"height_m":null,"height_reason":"unavailable","id":759,"low_confidence_reason":null,"perimeter_m":10.408,"shadow_length_m":null,"signals":{"separation":0.5536,"shadow":0.0,"shape":0.9974,"size":0.4152},"solidity":0.9318,"touches_edge":false},"type":"Feature"},{"geometry":{"coordinates":[[[-5.9496841,39.9296243],[-5.9496948,39.9296243],[-5.9497029,39.9296387],[-5.9496626,39.9296531],[-5.9496599,39.9296428],[-5.9496841,39.9296243]]],"type":"Polygon"},"id":760,"properties":{"area_m2":7.13,"centroid_lonlat":[-5.949682,39.9296383],"centroid_px":[394.382,482.118],"confidence":0.5899,"confidence_bucket":"medium","detector_score":null,"eccentricity":0.879,"equivalent_diameter_m":3.013,"height_m":null,"height_reason":"unavailable","id":760,"low_confidence_reason":null,"perimeter_m":9.76,"shadow_length_m":null,"signals":{"separation":0.304,"shadow":0.0,"shape":0.9405,"size":0.4551},"solidity":0.9444,"touches_edge":false},"type":"Feature"},{"geometry":{"coordinates":[[[-5.949389,39.929612],[-5.9493944,39.9296243],[-5.9494159,39.9296243],[-5.9494293,39.9296346],[-5.9494293,39.9296511],[-5.9494105,39.9296614],[-5.9493864,39.9296552],[-5.9493917,39.9296428],[-5.9493837,39.9296367],[-5.9493676,39.9296408],[-5.9493595,39.9296346],[-5.949389,39.929612]]],"type":"Polygon"},"id":761,"properties":{"area_m2":17.824,"centroid_lonlat":[-5.9493971,39.9296382],"centroid_px":[447.494,482.141],"confidence":0.5507,"confidence_bucket":"medium","detector_score":null,"eccentricity":0.7729,"equivalent_diameter_m":4.764,"height_m":null,"height_reason":"unavailable","id":761,"low_confidence_reason":null,"perimeter_m":19.157,"shadow_length_m":null,"signals":{"separation":0.2719,"shadow":0.0,"shape":0.6103,"size":0.7579},"solidity":0.8173,"touches_edge":false},"type":"Feature"},{"geometry":{"coordinates":[[[-5.9492818,39.9296326],[-5.9493059,39.9296428],[-5.9492925,39.9296655],[-5.949271,39.9296614],[-5.9492576,39.9296511],[-5.9492818,39.9296326]]],"type":"Polygon"},"id":762,"properties":{"area_m2":8.178,"centroid_lonlat":[-5.9492823,39.9296489],"centroid_px":[468.897,479.538],"confidence":0.7724,"confidence_bucket":"high","detector_score":null,"eccentricity":0.5828,"equivalent_diameter_m":3.227,"height_m":null,"height_reason":"unavailable","id":762,"low_confidence_reason":null,"perimeter_m":10.692,"shadow_length_m":null,"signals":{"separation":0.6346,"shadow":0.0,"shape":0.8989,"size":0.7583},"solidity":0.8667,"touches_edge":false},"type":"Feature"},{"geometry":{"coordinates":[[[-5.9490833,39.9296202],[-5.949102,39.9296387],[-5.949102,39.9296511],[-5.9490779,39.9296572],[-5.9490645,39.929647],[-5.9490645,39.9296346],[-5.9490833,39.9296202]]],"type":"Polygon"},"id":763,"properties":{"area_m2":9.017,"centroid_lonlat":[-5.9490828,39.92964],"centroid_px":[506.093,481.698],"confidence":0.8034,"confidence_bucket":"high","detector_score":null,"eccentricity":0.5714,"equivalent_diameter_m":3.388,"height_m":null,"height_reason":"unavailable","id":763,"low_confidence_reason":null,"perimeter_m":11.055,"shadow_length_m":null,"signals":{"separation":0.6044,"shadow":0.0,"shape":0.9271,"size":0.8539},"solidity":0.8958,"touches_edge":false},"type":"Feature"},{"geometry":{"coordinates":[[[-5.9514222,39.9296243],[-5.9514356,39.9296305],[-5.9514302,39.929647],[-5.9514382,39.9296572],[-5.9514141,39.929647],[-5.9514141,39.9296305],[-5.9514222,39.9296243]]],"type":"Polygon"},"id":764,"properties":{"area_m2":5.242,"centroid_lonlat":[-5.9514252,39.929641],"centroid_px":[69.44,481.44],"confidence":0.7699,"confidence_bucket":"high","detector_score":null,"eccentricity":0.8901,"equivalent_diameter_m":2.584,"height_m":null,"height_reason":"unavailable","id":764,"low_confidence_reason":null,"perimeter_m":8.197,"shadow_length_m":null,"signals":{"separation":0.3545,"shadow":0.0,"shape":0.9805,"size":0.9325},"solidity":0.8065,"touches_edge":false},"type":"Feature"},{"geometry":{"coordinates":[[[-5.949094,39.9296161],[-5.9491101,39.9296161],[-5.9491235,39.9296264],[-5.9491235,39.9296428],[-5.9491101,39.9296531],[-5.9490913,39.9296305],[-5.949094,39.9296161]]],"type":"Polygon"},"id":765,"properties":{"area_m2":7.968,"centroid_lonlat":[-5.9491083,39.929632],"centroid_px":[501.342,483.632],"confidence":0.8017,"confidence_bucket":"high","detector_score":null,"eccentricity":0.8147,"equivalent_diameter_m":3.185,"height_m":null,"height_reason":"unavailable","id":765,"low_confidence_reason":null,"perimeter_m":10.028,"shadow_length_m":null,"signals":{"separation":0.5751,"shadow":0.0,"shape":0.9957,"size":0.7955},"solidity":0.9268,"touches_edge":false},"type":"Feature"},{"geometry":{"coordinates":[[[-5.9514812,39.929612],[-5.9514892,39.9296182],[-5.9514919,39.9296449],[-5.9514812,39.9296449],[-5.9514624,39.9296264],[-5.9514812,39.929612]]],"type":"Polygon"},"id":766,"properties":{"area_m2":5.242,"centroid_lonlat":[-5.9514801,39.9296289],"centroid_px":[59.2,484.4],"confidence":0.7699,"confidence_bucket":"high","detector_score":null,"eccentricity":0.8349,"equivalent_diameter_m":2.584,"height_m":null,"height_reason":"unavailable","id":766,"low_confidence_reason":null,"perimeter_m":8.197,"shadow_length_m":null,"signals":{"separation":0.3545,"shadow":0.0,"shape":0.9805,"size":0.9325},"solidity":0.8333,"touches_edge":false},"type":"Feature"},{"geometry":{"coordinates":[[[-5.9499684,39.9296079],[-5.9499872,39.9296141],[-5.9499872,39.9296387],[-5.9499791,39.9296449],[-5.949963,39.9296449],[-5.9499496,39.9296346],[-5.9499496,39.9296182],[-5.9499684,39.9296079]]],"type":"Polygon"},"id":767,"properties":{"area_m2":11.323,"centroid_lonlat":[-5.9499695,39.9296267],"centroid_px":[340.796,484.926],"confidence":0.8986,"confidence_bucket":"high","detector_score":null,"eccentricity":0.5972,"equivalent_diameter_m":3.797,"height_m":null,"height_reason":"unavailable","id":767,"low_confidence_reason":null,"perimeter_m":11.212,"shadow_length_m":null,"signals":{"separation":0.7236,"shadow":0.0,"shape":1.0,"size":0.9518},"solidity":0.9818,"touches_edge":false},"type":"Feature"},{"geometry":{"coordinates":[[[-5.9516796,39.9295873],[-5.9516957,39.9295955],[-5.9517011,39.9295914],[-5.9517199,39.9296099],[-5.9517199,39.9296264],[-5.9517038,39.9296387],[-5.9517038,39.929647],[-5.9516796,39.9296572],[-5.9516555,39.9296346],[-5.9516555,39.9296223],[-5.9516716,39.9296058],[-5.9516662,39.9295976],[-5.9516796,39.9295873]]],"type":"Polygon"},"id":768,"properties":{"area_m2":27.47,"centroid_lonlat":[-5.9516875,39.9296218],"centroid_px":[20.534,486.122],"confidence":0.4498,"confidence_bucket":"low","detector_score":null,"eccentricity":0.757,"equivalent_diameter_m":5.914,"height_m":null,"height_reason":"unavailable","id":768,"low_confidence_reason":"Low confidence: this crown is far larger or smaller than its neighbours, so it is likely merged with, or split from, another crown.","perimeter_m":21.685,"shadow_length_m":null,"signals":{"separation":0.5584,"shadow":0.0,"shape":0.7341,"size":0.0},"solidity":0.8851,"touches_edge":false},"type":"Feature"},{"geometry":{"coordinates":[[[-5.9496465,39.9295997],[-5.949668,39.9295997],[-5.9496814,39.9296182],[-5.9496814,39.9296264],[-5.9496626,39.9296408],[-5.9496331,39.9296264],[-5.9496331,39.9296099],[-5.9496465,39.9295997]]],"type":"Polygon"},"id":769,"properties":{"area_m2":13.63,"centroid_lonlat":[-5.9496567,39.9296189],"centroid_px":[399.108,486.831],"confidence":0.8438,"confidence_bucket":"high","detector_score":null,"eccentricity":0.421,"equivalent_diameter_m":4.166,"height_m":null,"height_reason":"unavailable","id":769,"low_confidence_reason":null,"perimeter_m":13.266,"shadow_length_m":null,"signals":{"separation":0.6952,"shadow":0.0,"shape":0.9732,"size":0.8372},"solidity":0.9286,"touches_edge":false},"type":"Feature"},{"geometry":{"coordinates":[[[-5.9490564,39.9295914],[-5.9490591,39.9296017],[-5.9490806,39.9296141],[-5.9490806,39.9296223],[-5.9490618,39.9296367],[-5.9490457,39.9296367],[-5.9490323,39.9296264],[-5.9490323,39.9296099],[-5.9490564,39.9295914]]],"type":"Polygon"},"id":770,"properties":{"area_m2":13.001,"centroid_lonlat":[-5.9490544,39.929618],"centroid_px":[511.387,487.032],"confidence":0.757,"confidence_bucket":"high","detector_score":null,"eccentricity":0.4222,"equivalent_diameter_m":4.069,"height_m":null,"height_reason":"unavailable","id":770,"low_confidence_reason":null,"perimeter_m":12.334,"shadow_length_m":null,"signals":{"separation":0.6367,"shadow":0.0,"shape":1.0,"size":0.5858},"solidity":0.9118,"touches_edge":false},"type":"Feature"},{"geometry":{"coordinates":[[[-5.9489813,39.9295997],[-5.9490055,39.9296058],[-5.9490055,39.9296141],[-5.9489813,39.9296285],[-5.9489679,39.9296182],[-5.9489813,39.9295997]]],"type":"Polygon"},"id":771,"properties":{"area_m2":7.13,"centroid_lonlat":[-5.948987,39.9296125],"centroid_px":[523.941,488.382],"confidence":0.756,"confidence_bucket":"high","detector_score":null,"eccentricity":0.6395,"equivalent_diameter_m":3.013,"height_m":null,"height_reason":"unavailable","id":771,"low_confidence_reason":null,"perimeter_m":8.844,"shadow_length_m":null,"signals":{"separation":0.6079,"shadow":0.0,"shape":1.0,"size":0.6111},"solidity":0.9444,"touches_edge":false},"type":"Feature"},{"geometry":{"coordinates":[[[-5.95139,39.9295997],[-5.9514034,39.9296099],[-5.9513739,39.9296243],[-5.9513658,39.9296058],[-5.9513792,39.9296079],[-5.95139,39.9295997]]],"type":"Polygon"},"id":772,"properties":{"area_m2":4.404,"centroid_lonlat":[-5.9513818,39.9296115],"centroid_px":[77.524,488.619],"confidence":0.6017,"confidence_bucket":"medium","detector_score":null,"eccentricity":0.8454,"equivalent_diameter_m":2.368,"height_m":null,"height_reason":"unavailable","id":772,"low_confidence_reason":null,"perimeter_m":6.27,"shadow_length_m":null,"signals":{"separation":0.0,"shadow":0.0,"shape":1.0,"size":0.7254},"solidity":0.7241,"touches_edge":false},"type":"Feature"},{"geometry":{"coordinates":[[[-5.951736,39.9295935],[-5.9517601,39.9295873],[-5.9517789,39.9296058],[-5.9517708,39.9296202],[-5.9517547,39.9296202],[-5.9517574,39.9296099],[-5.9517494,39.9296038],[-5.951736,39.9296099],[-5.951736,39.9295935]]],"type":"Polygon"},"id":773,"properties":{"area_m2":8.807,"centroid_lonlat":[-5.951757,39.9296035],"centroid_px":[7.571,490.571],"confidence":0.6383,"confidence_bucket":"medium","detector_score":null,"eccentricity":0.7275,"equivalent_diameter_m":3.349,"height_m":null,"height_reason":"unavailable","id":773,"low_confidence_reason":null,"perimeter_m":12.887,"shadow_length_m":null,"signals":{"separation":0.2735,"shadow":0.0,"shape":0.6664,"size":0.9693},"solidity":0.8235,"touches_edge":false},"type":"Feature"},{"geometry":{"coordinates":[[[-5.9496894,39.9295832],[-5.9497109,39.9295832],[-5.9497243,39.9295935],[-5.9497082,39.9296099],[-5.9497109,39.9296202],[-5.9496894,39.9296202],[-5.9496707,39.9296058],[-5.9496894,39.9295832]]],"type":"Polygon"},"id":774,"properties":{"area_m2":13.211,"centroid_lonlat":[-5.9496973,39.9296011],"centroid_px":[391.54,491.159],"confidence":0.8147,"confidence_bucket":"high","detector_score":null,"eccentricity":0.571,"equivalent_diameter_m":4.101,"height_m":null,"height_reason":"unavailable","id":774,"low_confidence_reason":null,"perimeter_m":13.44,"shadow_length_m":null,"signals":{"separation":0.6316,"shadow":0.0,"shape":0.9191,"size":0.8724},"solidity":0.8873,"touches_edge":false},"type":"Feature"},{"geometry":{"coordinates":[[[-5.9487399,39.9295832],[-5.9487587,39.9295894],[-5.9487507,39.9296202],[-5.9487158,39.9296099],[-5.9487399,39.9295832]]],"type":"Polygon"},"id":775,"properties":{"area_m2":10.065,"centroid_lonlat":[-5.9487392,39.929602],"centroid_px":[570.146,490.938],"confidence":0.7331,"confidence_bucket":"high","detector_score":null,"eccentricity":0.666,"equivalent_diameter_m":3.58,"height_m":null,"height_reason":"unavailable","id":775,"low_confidence_reason":null,"perimeter_m":11.971,"shadow_length_m":null,"signals":{"separation":0.5117,"shadow":0.0,"shape":0.8826,"size":0.7752},"solidity":0.8889,"touches_edge":false},"type":"Feature"},{"geometry":{"coordinates":[[[-5.9500059,39.9295873],[-5.9500194,39.9295976],[-5.9500113,39.9296079],[-5.9499925,39.9296017],[-5.9500059,39.9295873]]],"type":"Polygon"},"id":776,"properties":{"area_m2":3.565,"centroid_lonlat":[-5.9500059,39.9295991],"centroid_px":[334.0,491.647],"confidence":0.6498,"confidence_bucket":"medium","detector_score":null,"eccentricity":0.297,"equivalent_diameter_m":2.13,"height_m":null,"height_reason":"unavailable","id":776,"low_confidence_reason":null,"perimeter_m":5.717,"shadow_length_m":null,"signals":{"separation":0.6079,"shadow":0.0,"shape":1.0,"size":0.2715},"solidity":1.0,"touches_edge":false},"type":"Feature"},{"geometry":{"coordinates":[[[-5.9498933,39.9295873],[-5.9499013,39.9296017],[-5.9498826,39.9296161],[-5.9498692,39.9296017],[-5.9498933,39.9295873]]],"type":"Polygon"},"id":777,"properties":{"area_m2":5.662,"centroid_lonlat":[-5.9498863,39.9296022],"centroid_px":[356.296,490.889],"confidence":0.6594,"confidence_bucket":"medium","detector_score":null,"eccentricity":0.6877,"equivalent_diameter_m":2.685,"height_m":null,"height_reason":"unavailable","id":777,"low_confidence_reason":null,"perimeter_m":7.928,"shadow_length_m":null,"signals":{"separation":0.4824,"shadow":0.0,"shape":1.0,"size":0.4278},"solidity":0.931,"touches_edge":false},"type":"Feature"},{"geometry":{"coordinates":[[[-5.9491584,39.9295462],[-5.9491771,39.9295565],[-5.9491771,39.9295729],[-5.9491664,39.929577],[-5.9491771,39.9295976],[-5.9491637,39.9296161],[-5.9491476,39.9296161],[-5.9491342,39.9296058],[-5.9491342,39.9295894],[-5.949145,39.9295811],[-5.9491235,39.9295688],[-5.9491476,39.9295667],[-5.9491584,39.9295462]]],"type":"Polygon"},"id":778,"properties":{"area_m2":20.34,"centroid_lonlat":[-5.9491559,39.9295843],"centroid_px":[492.454,495.237],"confidence":0.2974,"confidence_bucket":"low","detector_score":null,"eccentricity":0.8861,"equivalent_diameter_m":5.089,"height_m":null,"height_reason":"unavailable","id":778,"low_confidence_reason":"Low confidence: this crown is far larger or smaller than its neighbours, so it is likely merged with, or split from, another crown.","perimeter_m":21.257,"shadow_length_m":null,"signals":{"separation":0.18,"shadow":0.0,"shape":0.5657,"size":0.0928},"solidity":0.7519,"touches_edge":false},"type":"Feature"},{"geometry":{"coordinates":[[[-5.9490833,39.9295791],[-5.949094,39.9295914],[-5.949102,39.9295894],[-5.9490967,39.9296099],[-5.9491074,39.9296141],[-5.9490886,39.9296202],[-5.9490591,39.9296017],[-5.9490591,39.9295894],[-5.9490833,39.9295791]]],"type":"Polygon"},"id":779,"properties":{"area_m2":11.114,"centroid_lonlat":[-5.9490826,39.9295996],"centroid_px":[506.132,491.509],"confidence":0.7266,"confidence_bucket":"high","detector_score":null,"eccentricity":0.6217,"equivalent_diameter_m":3.762,"height_m":null,"height_reason":"unavailable","id":779,"low_confidence_reason":null,"perimeter_m":13.25,"shadow_length_m":null,"signals":{"separation":0.5444,"shadow":0.0,"shape":0.7955,"size":0.8262},"solidity":0.8154,"touches_edge":false},"type":"Feature"},{"geometry":{"coordinates":[[[-5.9498262,39.9295811],[-5.9498557,39.9295709],[-5.9498852,39.9295894],[-5.9498611,39.9296079],[-5.9498397,39.9296079],[-5.9498262,39.9295976],[-5.9498262,39.9295811]]],"type":"Polygon"},"id":780,"properties":{"area_m2":14.469,"centroid_lonlat":[-5.9498515,39.9295901],"centroid_px":[362.797,493.812],"confidence":0.8577,"confidence_bucket":"high","detector_score":null,"eccentricity":0.5232,"equivalent_diameter_m":4.292,"height_m":null,"height_reason":"unavailable","id":780,"low_confidence_reason":null,"perimeter_m":13.266,"shadow_length_m":null,"signals":{"separation":0.7693,"shadow":0.0,"shape":1.0,"size":0.7752},"solidity":0.9583,"touches_edge":false},"type":"Feature"},{"geometry":{"coordinates":[[[-5.9495714,39.9295709],[-5.9495929,39.929575],[-5.9496063,39.9295853],[-5.9495929,39.9296079],[-5.9495768,39.9296079],[-5.949558,39.9295935],[-5.949558,39.9295811],[-5.9495714,39.9295709]]],"type":"Polygon"},"id":781,"properties":{"area_m2":12.372,"centroid_lonlat":[-5.9495813,39.9295897],"centroid_px":[413.153,493.915],"confidence":0.8819,"confidence_bucket":"high","detector_score":null,"eccentricity":0.5132,"equivalent_diameter_m":3.969,"height_m":null,"height_reason":"unavailable","id":781,"low_confidence_reason":null,"perimeter_m":11.971,"shadow_length_m":null,"signals":{"separation":0.6923,"shadow":0.0,"shape":1.0,"size":0.9297},"solidity":0.9672,"touches_edge":false},"type":"Feature"},{"geometry":{"coordinates":[[[-5.9492549,39.9295709],[-5.9492737,39.9295894],[-5.949271,39.9295997],[-5.9492603,39.9295997],[-5.9492415,39.9295811],[-5.9492549,39.9295709]]],"type":"Polygon"},"id":782,"properties":{"area_m2":5.242,"centroid_lonlat":[-5.949259,39.9295866],"centroid_px":[473.24,494.68],"confidence":0.6879,"confidence_bucket":"medium","detector_score":null,"eccentricity":0.8342,"equivalent_diameter_m":2.584,"height_m":null,"height_reason":"unavailable","id":782,"low_confidence_reason":null,"perimeter_m":7.928,"shadow_length_m":null,"signals":{"separation":0.3545,"shadow":0.0,"shape":1.0,"size":0.6467},"solidity":0.9259,"touches_edge":false},"type":"Feature"},{"geometry":{"coordinates":[[[-5.9489974,39.9295709],[-5.9490216,39.9295811],[-5.9490269,39.9295976],[-5.9490189,39.9296038],[-5.948984,39.9295976],[-5.948984,39.9295811],[-5.9489974,39.9295709]]],"type":"Polygon"},"id":783,"properties":{"area_m2":9.646,"centroid_lonlat":[-5.9490036,39.9295883],"centroid_px":[520.848,494.261],"confidence":0.7868,"confidence_bucket":"high","detector_score":null,"eccentricity":0.5067,"equivalent_diameter_m":3.505,"height_m":null,"height_reason":"unavailable","id":783,"low_confidence_reason":null,"perimeter_m":10.676,"shadow_length_m":null,"signals":{"separation":0.5844,"shadow":0.0,"shape":1.0,"size":0.7333},"solidity":0.902,"touches_edge":false},"type":"Feature"},{"geometry":{"coordinates":[[[-5.9492925,39.9295626],[-5.9493273,39.9295853],[-5.9493273,39.9295935],[-5.9492978,39.9296079],[-5.9492737,39.9296017],[-5.949263,39.929577],[-5.9492925,39.9295626]]],"type":"Polygon"},"id":784,"properties":{"area_m2":16.985,"centroid_lonlat":[-5.9492948,39.9295853],"centroid_px":[466.568,494.988],"confidence":0.7138,"confidence_bucket":"high","detector_score":null,"eccentricity":0.5866,"equivalent_diameter_m":4.65,"height_m":null,"height_reason":"unavailable","id":784,"low_confidence_reason":null,"perimeter_m":16.125,"shadow_length_m":null,"signals":{"separation":0.6228,"shadow":0.0,"shape":0.8209,"size":0.6764},"solidity":0.871,"touches_edge":false},"type":"Feature"},{"geometry":{"coordinates":[[[-5.9489009,39.9295667],[-5.9489116,39.9295667],[-5.948925,39.9295853],[-5.9489009,39.9296038],[-5.9488901,39.9296038],[-5.9488821,39.9295976],[-5.9488821,39.9295811],[-5.9489009,39.9295667]]],"type":"Polygon"},"id":785,"properties":{"area_m2":10.485,"centroid_lonlat":[-5.9489016,39.9295848],"centroid_px":[539.86,495.12],"confidence":0.8318,"confidence_bucket":"high","detector_score":null,"eccentricity":0.7538,"equivalent_diameter_m":3.654,"height_m":null,"height_reason":"unavailable","id":785,"low_confidence_reason":null,"perimeter_m":11.323,"shadow_length_m":null,"signals":{"separation":0.5605,"shadow":0.0,"shape":1.0,"size":0.9013},"solidity":0.9615,"touches_edge":false},"type":"Feature"},{"geometry":{"coordinates":[[[-5.9491798,39.9295626],[-5.949204,39.9295729],[-5.9491798,39.9295955],[-5.9491664,39.9295853],[-5.9491798,39.9295626]]],"type":"Polygon"},"id":786,"properties":{"area_m2":6.92,"centroid_lonlat":[-5.9491839,39.9295779],"centroid_px":[487.242,496.788],"confidence":0.7405,"confidence_bucket":"high","detector_score":null,"eccentricity":0.7462,"equivalent_diameter_m":2.968,"height_m":null,"height_reason":"unavailable","id":786,"low_confidence_reason":null,"perimeter_m":9.492,"shadow_length_m":null,"signals":{"separation":0.4363,"shadow":0.0,"shape":0.9652,"size":0.7752},"solidity":0.9167,"touches_edge":false},"type":"Feature"},{"geometry":{"coordinates":[[[-5.9489438,39.9295626],[-5.9489653,39.9295626],[-5.9489787,39.9295729],[-5.9489787,39.9295894],[-5.9489706,39.9295955],[-5.9489653,39.9295914],[-5.9489492,39.9295997],[-5.9489304,39.9295853],[-5.9489304,39.9295729],[-5.9489438,39.9295626]]],"type":"Polygon"},"id":787,"properties":{"area_m2":13.211,"centroid_lonlat":[-5.9489549,39.9295798],"centroid_px":[529.937,496.317],"confidence":0.7998,"confidence_bucket":"high","detector_score":null,"eccentricity":0.3498,"equivalent_diameter_m":4.101,"height_m":null,"height_reason":"unavailable","id":787,"low_confidence_reason":null,"perimeter_m":12.619,"shadow_length_m":null,"signals":{"separation":0.6316,"shadow":0.0,"shape":1.0,"size":0.7278},"solidity":0.9692,"touches_edge":false},"type":"Feature"},{"geometry":{"coordinates":[[[-5.948579,39.9295667],[-5.9486032,39.9295853],[-5.9485951,39.9295955],[-5.9485656,39.9295811],[-5.948579,39.9295667]]],"type":"Polygon"},"id":788,"properties":{"area_m2":5.662,"centroid_lonlat":[-5.948584,39.9295811],"centroid_px":[599.074,496.0],"confidence":0.7206,"confidence_bucket":"high","detector_score":null,"eccentricity":0.7974,"equivalent_diameter_m":2.685,"height_m":null,"height_reason":"unavailable","id":788,"low_confidence_reason":null,"perimeter_m":8.955,"shadow_length_m":null,"signals":{"separation":0.3411,"shadow":0.0,"shape":0.8872,"size":0.9001},"solidity":0.871,"touches_edge":false},"type":"Feature"},{"geometry":{"coordinates":[[[-5.9486058,39.9295503],[-5.94863,39.9295523],[-5.94863,39.929577],[-5.9486166,39.9295873],[-5.9486058,39.9295873],[-5.9485871,39.9295729],[-5.9485871,39.9295647],[-5.9486058,39.9295503]]],"type":"Polygon"},"id":789,"properties":{"area_m2":11.953,"centroid_lonlat":[-5.9486108,39.929568],"centroid_px":[594.07,499.193],"confidence":0.7719,"confidence_bucket":"high","detector_score":null,"eccentricity":0.5303,"equivalent_diameter_m":3.901,"height_m":null,"height_reason":"unavailable","id":789,"low_confidence_reason":null,"perimeter_m":11.592,"shadow_length_m":null,"signals":{"separation":0.7043,"shadow":0.0,"shape":1.0,"size":0.5658},"solidity":1.0,"touches_edge":false},"type":"Feature"},{"geometry":{"coordinates":[[[-5.9513417,39.9295462],[-5.9513658,39.9295565],[-5.9513658,39.929577],[-5.9513578,39.9295832],[-5.9513471,39.9295709],[-5.951331,39.9295791],[-5.9513229,39.9295729],[-5.9513417,39.9295462]]],"type":"Polygon"},"id":790,"properties":{"area_m2":9.646,"centroid_lonlat":[-5.9513479,39.9295641],"centroid_px":[83.848,500.152],"confidence":0.3818,"confidence_bucket":"low","detector_score":null,"eccentricity":0.4314,"equivalent_diameter_m":3.505,"height_m":null,"height_reason":"unavailable","id":790,"low_confidence_reason":"Low confidence: this crown is far larger or smaller than its neighbours, so it is likely merged with, or split from, another crown.","perimeter_m":12.429,"shadow_length_m":null,"signals":{"separation":0.2613,"shadow":0.0,"shape":0.7847,"size":0.0187},"solidity":0.8364,"touches_edge":false},"type":"Feature"},{"geometry":{"coordinates":[[[-5.9497216,39.9295462],[-5.9497458,39.9295565],[-5.9497511,39.9295688],[-5.9497377,39.9295832],[-5.9497216,39.9295832],[-5.9497082,39.9295729],[-5.9497082,39.9295565],[-5.9497216,39.9295462]]],"type":"Polygon"},"id":791,"properties":{"area_m2":11.114,"centroid_lonlat":[-5.9497278,39.9295656],"centroid_px":[385.849,499.774],"confidence":0.8611,"confidence_bucket":"high","detector_score":null,"eccentricity":0.5645,"equivalent_diameter_m":3.762,"height_m":null,"height_reason":"unavailable","id":791,"low_confidence_reason":null,"perimeter_m":11.323,"shadow_length_m":null,"signals":{"separation":0.7304,"shadow":0.0,"shape":1.0,"size":0.8251},"solidity":0.9464,"touches_edge":false},"type":"Feature"},{"geometry":{"coordinates":[[[-5.9514275,39.9295462],[-5.9514382,39.9295544],[-5.9514543,39.9295544],[-5.9514678,39.9295647],[-5.9514597,39.9295709],[-5.9514382,39.9295709],[-5.9514195,39.9295523],[-5.9514275,39.9295462]]],"type":"Polygon"},"id":792,"properties":{"area_m2":5.871,"centroid_lonlat":[-5.9514436,39.9295609],"centroid_px":[66.0,500.929],"confidence":0.7674,"confidence_bucket":"high","detector_score":null,"eccentricity":0.8912,"equivalent_diameter_m":2.734,"height_m":null,"height_reason":"unavailable","id":792,"low_confidence_reason":null,"perimeter_m":8.197,"shadow_length_m":null,"signals":{"separation":0.335,"shadow":0.0,"shape":1.0,"size":0.9207},"solidity":0.875,"touches_edge":false},"type":"Feature"},{"geometry":{"coordinates":[[[-5.9513739,39.9295462],[-5.951398,39.9295647],[-5.95139,39.9295791],[-5.9513792,39.9295709],[-5.9513658,39.929577],[-5.9513658,39.9295523],[-5.9513739,39.9295462]]],"type":"Polygon"},"id":793,"properties":{"area_m2":6.71,"centroid_lonlat":[-5.9513797,39.9295642],"centroid_px":[77.906,500.125],"confidence":0.6013,"confidence_bucket":"medium","detector_score":null,"eccentricity":0.6722,"equivalent_diameter_m":2.923,"height_m":null,"height_reason":"unavailable","id":793,"low_confidence_reason":null,"perimeter_m":10.139,"shadow_length_m":null,"signals":{"separation":0.3133,"shadow":0.0,"shape":0.8202,"size":0.6266},"solidity":0.8889,"touches_edge":false},"type":"Feature"},{"geometry":{"coordinates":[[[-5.9496734,39.9295297],[-5.9496975,39.9295523],[-5.9496841,39.9295544],[-5.9496814,39.9295688],[-5.9496626,39.9295791],[-5.9496331,39.9295647],[-5.9496331,39.9295523],[-5.9496465,39.9295421],[-5.949668,39.9295421],[-5.9496734,39.9295297]]],"type":"Polygon"},"id":794,"properties":{"area_m2":15.727,"centroid_lonlat":[-5.9496623,39.9295566],"centroid_px":[398.053,501.973],"confidence":0.7283,"confidence_bucket":"high","detector_score":null,"eccentricity":0.5991,"equivalent_diameter_m":4.475,"height_m":null,"height_reason":"unavailable","id":794,"low_confidence_reason":null,"perimeter_m":15.461,"shadow_length_m":null,"signals":{"separation":0.614,"shadow":0.0,"shape":0.8268,"size":0.7244},"solidity":0.8242,"touches_edge":false},"type":"Feature"},{"geometry":{"coordinates":[[[-5.9492093,39.9295523],[-5.9492442,39.9295421],[-5.9492576,39.9295565],[-5.9492442,39.9295791],[-5.9492227,39.9295791],[-5.9492093,39.9295688],[-5.9492093,39.9295523]]],"type":"Polygon"},"id":795,"properties":{"area_m2":13.42,"centroid_lonlat":[-5.9492333,39.9295613],"centroid_px":[478.031,500.828],"confidence":0.7425,"confidence_bucket":"high","detector_score":null,"eccentricity":0.3456,"equivalent_diameter_m":4.134,"height_m":null,"height_reason":"unavailable","id":795,"low_confidence_reason":null,"perimeter_m":12.508,"shadow_length_m":null,"signals":{"separation":0.7006,"shadow":0.0,"shape":1.0,"size":0.4755},"solidity":0.9412,"touches_edge":false},"type":"Feature"},{"geometry":{"coordinates":[[[-5.9491262,39.9295421],[-5.9491476,39.9295462],[-5.9491557,39.9295606],[-5.9491476,39.9295667],[-5.9491262,39.9295667],[-5.9491208,39.929575],[-5.9490994,39.929575],[-5.9490913,39.9295606],[-5.9491101,39.9295585],[-5.9491262,39.9295421]]],"type":"Polygon"},"id":796,"properties":{"area_m2":11.743,"centroid_lonlat":[-5.9491248,39.9295599],"centroid_px":[498.25,501.161],"confidence":0.6347,"confidence_bucket":"medium","detector_score":null,"eccentricity":0.8865,"equivalent_diameter_m":3.867,"height_m":null,"height_reason":"unavailable","id":796,"low_confidence_reason":null,"perimeter_m":14.719,"shadow_length_m":null,"signals":{"separation":0.2369,"shadow":0.0,"shape":0.6812,"size":0.9767},"solidity":0.8235,"touches_edge":false},"type":"Feature"},{"geometry":{"coordinates":[[[-5.9507355,39.9295421],[-5.9507462,39.9295503],[-5.9507704,39.9295482],[-5.9507462,39.9295709],[-5.9507275,39.9295606],[-5.9507355,39.9295421]]],"type":"Polygon"},"id":797,"properties":{"area_m2":6.92,"centroid_lonlat":[-5.9507464,39.9295562],"centroid_px":[195.97,502.061],"confidence":0.7328,"confidence_bucket":"high","detector_score":null,"eccentricity":0.6671,"equivalent_diameter_m":2.968,"height_m":null,"height_reason":"unavailable","id":797,"low_confidence_reason":null,"perimeter_m":8.308,"shadow_length_m":null,"signals":{"separation":0.3085,"shadow":0.0,"shape":1.0,"size":0.8365},"solidity":0.8462,"touches_edge":false},"type":"Feature"},{"geometry":{"coordinates":[[[-5.9490913,39.9295441],[-5.9491208,39.929538],[-5.9491235,39.9295441],[-5.9491101,39.9295585],[-5.949094,39.9295585],[-5.9490913,39.9295441]]],"type":"Polygon"},"id":798,"properties":{"area_m2":4.823,"centroid_lonlat":[-5.9491059,39.9295479],"centroid_px":[501.783,504.087],"confidence":0.5966,"confidence_bucket":"medium","detector_score":null,"eccentricity":0.7865,"equivalent_diameter_m":2.478,"height_m":null,"height_reason":"unavailable","id":798,"low_confidence_reason":null,"perimeter_m":7.438,"shadow_length_m":null,"signals":{"separation":0.5227,"shadow":0.0,"shape":1.0,"size":0.1864},"solidity":0.92,"touches_edge":false},"type":"Feature"},{"geometry":{"coordinates":[[[-5.9510466,39.9295092],[-5.9510708,39.9295194],[-5.9510708,39.9295523],[-5.951044,39.9295688],[-5.951052,39.929575],[-5.9510788,39.9295626],[-5.9510922,39.9295729],[-5.9510708,39.9295853],[-5.9510761,39.9295935],[-5.9510681,39.9295997],[-5.9510386,39.9295811],[-5.9510306,39.9295667],[-5.9510145,39.929575],[-5.951001,39.9295565],[-5.9510332,39.9295318],[-5.9510332,39.9295194],[-5.9510466,39.9295092]]],"type":"Polygon"},"id":799,"properties":{"area_m2":34.599,"centroid_lonlat":[-5.9510467,39.9295532],"centroid_px":[139.988,502.782],"confidence":0.2381,"confidence_bucket":"low","detector_score":null,"eccentricity":0.7303,"equivalent_diameter_m":6.637,"height_m":null,"height_reason":"unavailable","id":799,"low_confidence_reason":"Low confidence: this crown is far larger or smaller than its neighbours, so it is likely merged with, or split from, another crown.","perimeter_m":33.924,"shadow_length_m":null,"signals":{"separation":0.3085,"shadow":0.0,"shape":0.3778,"size":0.0},"solidity":0.7112,"touches_edge":false},"type":"Feature"},{"geometry":{"coordinates":[[[-5.950993,39.9295174],[-5.9510252,39.9295174],[-5.9510332,39.9295236],[-5.9510332,39.9295318],[-5.951001,39.9295523],[-5.9510171,39.929577],[-5.9510037,39.9295955],[-5.950993,39.9295873],[-5.9509769,39.9295914],[-5.9509689,39.9295853],[-5.9509796,39.929577],[-5.9509715,39.9295709],[-5.9509608,39.929575],[-5.950942,39.9295523],[-5.9509662,39.9295297],[-5.950993,39.9295174]]],"type":"Polygon"},"id":800,"properties":{"area_m2":37.116,"centroid_lonlat":[-5.9509884,39.9295528],"centroid_px":[150.853,502.887],"confidence":0.2791,"confidence_bucket":"low","detector_score":null,"eccentricity":0.6769,"equivalent_diameter_m":6.874,"height_m":null,"height_reason":"unavailable","id":800,"low_confidence_reason":"Low confidence: this crown is far larger or smaller than its neighbours, so it is likely merged with, or split from, another crown.","perimeter_m":29.882,"shadow_length_m":null,"signals":{"separation":0.2665,"shadow":0.0,"shape":0.5223,"size":0.0},"solidity":0.7867,"touches_edge":false},"type":"Feature"},{"geometry":{"coordinates":[[[-5.950816,39.9295338],[-5.9508401,39.9295482],[-5.9508267,39.9295667],[-5.9508106,39.9295667],[-5.9507918,39.9295482],[-5.950816,39.9295338]]],"type":"Polygon"},"id":801,"properties":{"area_m2":9.856,"centroid_lonlat":[-5.9508168,39.9295509],"centroid_px":[182.851,503.362],"confidence":0.8654,"confidence_bucket":"high","detector_score":null,"eccentricity":0.3068,"equivalent_diameter_m":3.542,"height_m":null,"height_reason":"unavailable","id":801,"low_confidence_reason":null,"perimeter_m":10.787,"shadow_length_m":null,"signals":{"separation":0.7313,"shadow":0.0,"shape":1.0,"size":0.8381},"solidity":0.94,"touches_edge":false},"type":"Feature"},{"geometry":{"coordinates":[[[-5.9507087,39.9295256],[-5.9507221,39.9295359],[-5.9507087,39.9295462],[-5.9506953,39.9295359],[-5.9507087,39.9295256]]],"type":"Polygon"},"id":802,"properties":{"area_m2":2.936,"centroid_lonlat":[-5.9507091,39.9295353],"centroid_px":[202.929,507.143],"confidence":0.7226,"confidence_bucket":"high","detector_score":null,"eccentricity":0.499,"equivalent_diameter_m":1.933,"height_m":null,"height_reason":"unavailable","id":802,"low_confidence_reason":null,"perimeter_m":5.449,"shadow_length_m":null,"signals":{"separation":0.6699,"shadow":0.0,"shape":1.0,"size":0.4425},"solidity":0.9333,"touches_edge":false},"type":"Feature"},{"geometry":{"coordinates":[[[-5.9503117,39.9295215],[-5.9503251,39.9295277],[-5.9503117,39.9295462],[-5.9502929,39.9295359],[-5.9503117,39.9295215]]],"type":"Polygon"},"id":803,"properties":{"area_m2":4.404,"centroid_lonlat":[-5.9503107,39.9295333],"centroid_px":[277.19,507.619],"confidence":0.7776,"confidence_bucket":"high","detector_score":null,"eccentricity":0.6812,"equivalent_diameter_m":2.368,"height_m":null,"height_reason":"unavailable","id":803,"low_confidence_reason":null,"perimeter_m":7.012,"shadow_length_m":null,"signals":{"separation":0.547,"shadow":0.0,"shape":1.0,"size":0.7415},"solidity":0.913,"touches_edge":false},"type":"Feature"},{"geometry":{"coordinates":[[[-5.9496841,39.9295215],[-5.9497082,39.9295359],[-5.9497136,39.9295482],[-5.9497055,39.9295544],[-5.949676,39.9295359],[-5.9496841,39.9295215]]],"type":"Polygon"},"id":804,"properties":{"area_m2":6.71,"centroid_lonlat":[-5.9496945,39.9295383],"centroid_px":[392.062,506.406],"confidence":0.6246,"confidence_bucket":"medium","detector_score":null,"eccentricity":0.8762,"equivalent_diameter_m":2.923,"height_m":null,"height_reason":"unavailable","id":804,"low_confidence_reason":null,"perimeter_m":9.224,"shadow_length_m":null,"signals":{"separation":0.4431,"shadow":0.0,"shape":0.9912,"size":0.3661},"solidity":0.9412,"touches_edge":false},"type":"Feature"},{"geometry":{"coordinates":[[[-5.9514114,39.9295133],[-5.9514195,39.9295236],[-5.9514061,39.929538],[-5.951398,39.9295236],[-5.9514114,39.9295133]]],"type":"Polygon"},"id":805,"properties":{"area_m2":3.145,"centroid_lonlat":[-5.9514082,39.9295255],"centroid_px":[72.6,509.533],"confidence":0.6836,"confidence_bucket":"medium","detector_score":null,"eccentricity":0.8215,"equivalent_diameter_m":2.001,"height_m":null,"height_reason":"unavailable","id":805,"low_confidence_reason":null,"perimeter_m":5.717,"shadow_length_m":null,"signals":{"separation":0.4576,"shadow":0.0,"shape":1.0,"size":0.5298},"solidity":0.9375,"touches_edge":false},"type":"Feature"},{"geometry":{"coordinates":[[[-5.9508884,39.9295153],[-5.9509125,39.929505],[-5.9509313,39.9295277],[-5.9509072,39.9295421],[-5.9508884,39.9295318],[-5.9508884,39.9295153]]],"type":"Polygon"},"id":806,"properties":{"area_m2":10.275,"centroid_lonlat":[-5.950907,39.9295232],"centroid_px":[166.041,510.082],"confidence":0.873,"confidence_bucket":"high","detector_score":null,"eccentricity":0.5208,"equivalent_diameter_m":3.617,"height_m":null,"height_reason":"unavailable","id":806,"low_confidence_reason":null,"perimeter_m":11.055,"shadow_length_m":null,"signals":{"separation":0.7162,"shadow":0.0,"shape":1.0,"size":0.8774},"solidity":0.9423,"touches_edge":false},"type":"Feature"},{"geometry":{"coordinates":[[[-5.9490779,39.929505],[-5.949094,39.929505],[-5.9491128,39.9295153],[-5.9491128,39.9295318],[-5.9490994,39.9295421],[-5.9490779,39.9295421],[-5.9490645,39.9295318],[-5.9490645,39.9295153],[-5.9490779,39.929505]]],"type":"Polygon"},"id":807,"properties":{"area_m2":14.049,"centroid_lonlat":[-5.9490882,39.929524],"centroid_px":[505.075,509.896],"confidence":0.8495,"confidence_bucket":"high","detector_score":null,"eccentricity":0.3148,"equivalent_diameter_m":4.229,"height_m":null,"height_reason":"unavailable","id":807,"low_confidence_reason":null,"perimeter_m":12.508,"shadow_length_m":null,"signals":{"separation":0.7807,"shadow":0.0,"shape":1.0,"size":0.7378},"solidity":0.9853,"touches_edge":false},"type":"Feature"},{"geometry":{"coordinates":[[[-5.9485683,39.9295174],[-5.9485871,39.9295277],[-5.948579,39.9295338],[-5.9485602,39.9295236],[-5.9485683,39.9295174]]],"type":"Polygon"},"id":808,"properties":{"area_m2":2.097,"centroid_lonlat":[-5.9485736,39.9295256],"centroid_px":[601.0,509.5],"confidence":0.5306,"confidence_bucket":"medium","detector_score":null,"eccentricity":0.8704,"equivalent_diameter_m":1.634,"height_m":null,"height_reason":"unavailable","id":808,"low_confidence_reason":null,"perimeter_m":4.612,"shadow_length_m":null,"signals":{"separation":0.0,"shadow":0.0,"shape":1.0,"size":0.4979},"solidity":0.8333,"touches_edge":false},"type":"Feature"},{"geometry":{"coordinates":[[[-5.9494695,39.9294927],[-5.949491,39.9295009],[-5.9495151,39.9294989],[-5.9495044,39.9295071],[-5.9495205,39.9295318],[-5.9495124,39.929538],[-5.9495017,39.9295338],[-5.9494802,39.9295462],[-5.9494722,39.92954],[-5.9494776,39.9295359],[-5.9494454,39.9295153],[-5.9494695,39.9294927]]],"type":"Polygon"},"id":809,"properties":{"area_m2":21.179,"centroid_lonlat":[-5.9494836,39.9295171],"centroid_px":[431.366,511.574],"confidence":0.6591,"confidence_bucket":"medium","detector_score":null,"eccentricity":0.5972,"equivalent_diameter_m":5.193,"height_m":null,"height_reason":"unavailable","id":809,"low_confidence_reason":null,"perimeter_m":20.011,"shadow_length_m":null,"signals":{"separation":0.5577,"shadow":0.0,"shape":0.6647,"size":0.7538},"solidity":0.7594,"touches_edge":false},"type":"Feature"},{"geometry":{"coordinates":[[[-5.9507141,39.9294927],[-5.9507436,39.929503],[-5.9507194,39.9295256],[-5.9507087,39.9295256],[-5.9506953,39.9295112],[-5.9507141,39.9294927]]],"type":"Polygon"},"id":810,"properties":{"area_m2":9.017,"centroid_lonlat":[-5.9507175,39.9295085],"centroid_px":[201.349,513.651],"confidence":0.8503,"confidence_bucket":"high","detector_score":null,"eccentricity":0.6131,"equivalent_diameter_m":3.388,"height_m":null,"height_reason":"unavailable","id":810,"low_confidence_reason":null,"perimeter_m":10.787,"shadow_length_m":null,"signals":{"separation":0.6044,"shadow":0.0,"shape":0.9738,"size":0.9481},"solidity":0.9149,"touches_edge":false},"type":"Feature"},{"geometry":{"coordinates":[[[-5.9501508,39.9294927],[-5.9501722,39.9294927],[-5.9501857,39.929503],[-5.9501857,39.9295194],[-5.9501722,39.9295297],[-5.9501615,39.9295297],[-5.9501427,39.9295153],[-5.9501427,39.9294989],[-5.9501508,39.9294927]]],"type":"Polygon"},"id":811,"properties":{"area_m2":12.372,"centroid_lonlat":[-5.9501643,39.9295101],"centroid_px":[304.475,513.271],"confidence":0.8625,"confidence_bucket":"high","detector_score":null,"eccentricity":0.5489,"equivalent_diameter_m":3.969,"height_m":null,"height_reason":"unavailable","id":811,"low_confidence_reason":null,"perimeter_m":11.592,"shadow_length_m":null,"signals":{"separation":0.6923,"shadow":0.0,"shape":1.0,"size":0.8678},"solidity":1.0,"touches_edge":false},"type":"Feature"},{"geometry":{"coordinates":[[[-5.9489277,39.9294845],[-5.9489384,39.9294927],[-5.9489545,39.9294845],[-5.948976,39.9294845],[-5.9489894,39.9294948],[-5.9489948,39.9295194],[-5.9489706,39.9295421],[-5.9489545,39.9295421],[-5.9489384,39.9295215],[-5.948917,39.9295297],[-5.9489089,39.9295236],[-5.9489089,39.9294989],[-5.9489277,39.9294845]]],"type":"Polygon"},"id":812,"properties":{"area_m2":33.551,"centroid_lonlat":[-5.9489529,39.9295108],"centroid_px":[530.294,513.106],"confidence":0.4252,"confidence_bucket":"low","detector_score":null,"eccentricity":0.6272,"equivalent_diameter_m":6.536,"height_m":null,"height_reason":"unavailable","id":812,"low_confidence_reason":"Low confidence: this crown is far larger or smaller than its neighbours, so it is likely merged with, or split from, another crown.","perimeter_m":24.322,"shadow_length_m":null,"signals":{"separation":0.5052,"shadow":0.0,"shape":0.7127,"size":0.0},"solidity":0.8696,"touches_edge":false},"type":"Feature"},{"geometry":{"coordinates":[[[-5.951567,39.9294968],[-5.951575,39.9295071],[-5.9515616,39.9295133],[-5.9515536,39.9295071],[-5.951567,39.9294968]]],"type":"Polygon"},"id":813,"properties":{"area_m2":2.097,"centroid_lonlat":[-5.9515654,39.9295059],"centroid_px":[43.3,514.3],"confidence":0.72,"confidence_bucket":"high","detector_score":null,"eccentricity":0.6164,"equivalent_diameter_m":1.634,"height_m":null,"height_reason":"unavailable","id":813,"low_confidence_reason":null,"perimeter_m":4.154,"shadow_length_m":null,"signals":{"separation":0.5605,"shadow":0.0,"shape":1.0,"size":0.5434},"solidity":1.0,"touches_edge":false},"type":"Feature"},{"geometry":{"coordinates":[[[-5.9502098,39.9294598],[-5.9502152,39.9294721],[-5.950242,39.929468],[-5.9502554,39.9294783],[-5.95025,39.9294865],[-5.9502608,39.9295112],[-5.95025,39.9295277],[-5.9502313,39.929538],[-5.9502098,39.9295338],[-5.9501857,39.9295112],[-5.9501857,39.9294948],[-5.9502098,39.9294598]]],"type":"Polygon"},"id":814,"properties":{"area_m2":37.955,"centroid_lonlat":[-5.9502232,39.9295007],"centroid_px":[293.503,515.552],"confidence":0.511,"confidence_bucket":"medium","detector_score":null,"eccentricity":0.6322,"equivalent_diameter_m":6.952,"height_m":null,"height_reason":"unavailable","id":814,"low_confidence_reason":null,"perimeter_m":24.21,"shadow_length_m":null,"signals":{"separation":0.6587,"shadow":0.0,"shape":0.8137,"size":0.0},"solidity":0.896,"touches_edge":false},"type":"Feature"},{"geometry":{"coordinates":[[[-5.9490028,39.9294845],[-5.9490243,39.9294845],[-5.9490377,39.9294948],[-5.9490377,39.9295112],[-5.9490243,39.9295215],[-5.9489894,39.9295112],[-5.9489894,39.9294948],[-5.9490028,39.9294845]]],"type":"Polygon"},"id":815,"properties":{"area_m2":13.211,"centroid_lonlat":[-5.949014,39.9295015],"centroid_px":[518.921,515.349],"confidence":0.8358,"confidence_bucket":"high","detector_score":null,"eccentricity":0.4851,"equivalent_diameter_m":4.101,"height_m":null,"height_reason":"unavailable","id":815,"low_confidence_reason":null,"perimeter_m":12.887,"shadow_length_m":null,"signals":{"separation":0.4993,"shadow":0.0,"shape":0.9996,"size":0.9757},"solidity":0.9403,"touches_edge":false},"type":"Feature"},{"geometry":{"coordinates":[[[-5.9499255,39.9294433],[-5.9499469,39.9294598],[-5.9499523,39.9294557],[-5.949963,39.9294639],[-5.9499791,39.9294639],[-5.9499925,39.9294742],[-5.9499925,39.9294906],[-5.9500033,39.9294989],[-5.9500033,39.9295277],[-5.9499684,39.9295544],[-5.9499362,39.9295503],[-5.9499094,39.9295338],[-5.9498772,39.9295338],[-5.9498477,39.9295194],[-5.9498638,39.9294824],[-5.9498852,39.9294701],[-5.9498799,39.9294618],[-5.9498933,39.9294516],[-5.9499094,39.9294557],[-5.9499255,39.9294433]]],"type":"Polygon"},"id":816,"properties":{"area_m2":106.734,"centroid_lonlat":[-5.9499313,39.9295013],"centroid_px":[347.916,515.407],"confidence":0.4602,"confidence_bucket":"medium","detector_score":null,"eccentricity":0.5739,"equivalent_diameter_m":11.658,"height_m":null,"height_reason":"unavailable","id":816,"low_confidence_reason":null,"perimeter_m":43.796,"shadow_length_m":null,"signals":{"separation":0.6334,"shadow":0.0,"shape":0.6993,"size":0.0},"solidity":0.9009,"touches_edge":false},"type":"Feature"},{"geometry":{"coordinates":[[[-5.9508106,39.929468],[-5.9508267,39.9294804],[-5.9508374,39.9294721],[-5.9508535,39.9294762],[-5.9508723,39.9294989],[-5.9508589,39.9295092],[-5.9508374,39.9295092],[-5.9508213,39.9294886],[-5.9508106,39.9294968],[-5.9508026,39.9294906],[-5.9508106,39.929468]]],"type":"Polygon"},"id":817,"properties":{"area_m2":15.727,"centroid_lonlat":[-5.9508374,39.9294901],"centroid_px":[179.013,518.133],"confidence":0.482,"confidence_bucket":"medium","detector_score":null,"eccentricity":0.8211,"equivalent_diameter_m":4.475,"height_m":null,"height_reason":"unavailable","id":817,"low_confidence_reason":null,"perimeter_m":16.773,"shadow_length_m":null,"signals":{"separation":0.4093,"shadow":0.0,"shape":0.7025,"size":0.29},"solidity":0.8065,"touches_edge":false},"type":"Feature"},{"geometry":{"coordinates":[[[-5.9488204,39.9294845],[-5.9488338,39.9294906],[-5.9488258,39.9295009],[-5.9488124,39.9294906],[-5.9488204,39.9294845]]],"type":"Polygon"},"id":818,"properties":{"area_m2":2.097,"centroid_lonlat":[-5.9488242,39.9294919],"centroid_px":[554.3,517.7],"confidence":0.5515,"confidence_bucket":"medium","detector_score":null,"eccentricity":0.6164,"equivalent_diameter_m":1.634,"height_m":null,"height_reason":"unavailable","id":818,"low_confidence_reason":null,"perimeter_m":4.154,"shadow_length_m":null,"signals":{"separation":0.5605,"shadow":0.0,"shape":1.0,"size":0.0044},"solidity":1.0,"touches_edge":false},"type":"Feature"},{"geometry":{"coordinates":[[[-5.9503761,39.9294639],[-5.9503922,39.9294762],[-5.9504029,39.929468],[-5.9504244,39.929468],[-5.9504378,39.9294948],[-5.9504244,39.929505],[-5.9504029,39.929505],[-5.9503868,39.9294927],[-5.9503761,39.9295009],[-5.950368,39.9294783],[-5.9503761,39.9294639]]],"type":"Polygon"},"id":819,"properties":{"area_m2":18.453,"centroid_lonlat":[-5.9504033,39.9294854],"centroid_px":[259.932,519.273],"confidence":0.4083,"confidence_bucket":"low","detector_score":null,"eccentricity":0.7561,"equivalent_diameter_m":4.847,"height_m":null,"height_reason":"unavailable","id":819,"low_confidence_reason":"Low confidence: this crown is far larger or smaller than its neighbours, so it is likely merged with, or split from, another crown.","perimeter_m":18.984,"shadow_length_m":null,"signals":{"separation":0.5344,"shadow":0.0,"shape":0.6435,"size":0.0},"solidity":0.8224,"touches_edge":false},"type":"Feature"},{"geometry":{"coordinates":[[[-5.9515455,39.9294639],[-5.951567,39.9294639],[-5.9515804,39.9294742],[-5.9515804,39.9294824],[-5.9515563,39.929505],[-5.9515321,39.9294906],[-5.9515429,39.9294824],[-5.9515375,39.9294701],[-5.9515455,39.9294639]]],"type":"Polygon"},"id":820,"properties":{"area_m2":12.791,"centroid_lonlat":[-5.9515564,39.9294824],"centroid_px":[44.967,520.0],"confidence":0.6531,"confidence_bucket":"medium","detector_score":null,"eccentricity":0.6442,"equivalent_diameter_m":4.036,"height_m":null,"height_reason":"unavailable","id":820,"low_confidence_reason":null,"perimeter_m":12.998,"shadow_length_m":null,"signals":{"separation":0.4539,"shadow":0.0,"shape":0.9514,"size":0.4942},"solidity":0.9385,"touches_edge":false},"type":"Feature"},{"geometry":{"coordinates":[[[-5.9507355,39.9294639],[-5.950757,39.9294639],[-5.9507704,39.9294742],[-5.950757,39.9295009],[-5.9507221,39.9294948],[-5.9507221,39.9294742],[-5.9507355,39.9294639]]],"type":"Polygon"},"id":821,"properties":{"area_m2":13.63,"centroid_lonlat":[-5.9507449,39.9294818],"centroid_px":[196.246,520.138],"confidence":0.7413,"confidence_bucket":"high","detector_score":null,"eccentricity":0.4261,"equivalent_diameter_m":4.166,"height_m":null,"height_reason":"unavailable","id":821,"low_confidence_reason":null,"perimeter_m":12.776,"shadow_length_m":null,"signals":{"separation":0.6218,"shadow":0.0,"shape":1.0,"size":0.5503},"solidity":0.942,"touches_edge":false},"type":"Feature"},{"geometry":{"coordinates":[[[-5.95036,39.9294721],[-5.9503734,39.9294824],[-5.9503707,39.9294968],[-5.950352,39.9294906],[-5.95036,39.9294721]]],"type":"Polygon"},"id":822,"properties":{"area_m2":4.194,"centroid_lonlat":[-5.9503627,39.9294853],"centroid_px":[267.5,519.3],"confidence":0.74,"confidence_bucket":"high","detector_score":null,"eccentricity":0.7753,"equivalent_diameter_m":2.311,"height_m":null,"height_reason":"unavailable","id":822,"low_confidence_reason":null,"perimeter_m":6.522,"shadow_length_m":null,"signals":{"separation":0.3963,"shadow":0.0,"shape":1.0,"size":0.7715},"solidity":0.9524,"touches_edge":false},"type":"Feature"},{"geometry":{"coordinates":[[[-5.9507892,39.9294598],[-5.9508079,39.929466],[-5.9507999,39.9294886],[-5.9507757,39.9294824],[-5.9507757,39.9294701],[-5.9507892,39.9294598]]],"type":"Polygon"},"id":823,"properties":{"area_m2":6.71,"centroid_lonlat":[-5.950792,39.929475],"centroid_px":[187.469,521.812],"confidence":0.834,"confidence_bucket":"high","detector_score":null,"eccentricity":0.3716,"equivalent_diameter_m":2.923,"height_m":null,"height_reason":"unavailable","id":823,"low_confidence_reason":null,"perimeter_m":8.733,"shadow_length_m":null,"signals":{"separation":0.6267,"shadow":0.0,"shape":1.0,"size":0.842},"solidity":0.9143,"touches_edge":false},"type":"Feature"},{"geometry":{"coordinates":[[[-5.9505692,39.9294639],[-5.9505826,39.9294783],[-5.9505746,39.9294886],[-5.9505558,39.9294742],[-5.9505692,39.9294639]]],"type":"Polygon"},"id":824,"properties":{"area_m2":3.355,"centroid_lonlat":[-5.9505706,39.9294762],"centroid_px":[228.75,521.5],"confidence":0.6933,"confidence_bucket":"medium","detector_score":null,"eccentricity":0.7744,"equivalent_diameter_m":2.067,"height_m":null,"height_reason":"unavailable","id":824,"low_confidence_reason":null,"perimeter_m":6.097,"shadow_length_m":null,"signals":{"separation":0.4431,"shadow":0.0,"shape":1.0,"size":0.5753},"solidity":0.9412,"touches_edge":false},"type":"Feature"},{"geometry":{"coordinates":[[[-5.9505209,39.9294639],[-5.9505451,39.9294701],[-5.9505156,39.9294845],[-5.9505075,39.9294742],[-5.9505209,39.9294639]]],"type":"Polygon"},"id":825,"properties":{"area_m2":4.194,"centroid_lonlat":[-5.9505236,39.9294738],"centroid_px":[237.5,522.1],"confidence":0.7969,"confidence_bucket":"high","detector_score":null,"eccentricity":0.814,"equivalent_diameter_m":2.311,"height_m":null,"height_reason":"unavailable","id":825,"low_confidence_reason":null,"perimeter_m":6.996,"shadow_length_m":null,"signals":{"separation":0.5605,"shadow":0.0,"shape":1.0,"size":0.7897},"solidity":0.9091,"touches_edge":false},"type":"Feature"},{"geometry":{"coordinates":[[[-5.94933,39.929468],[-5.9493595,39.9294783],[-5.9493461,39.9294927],[-5.949322,39.9294865],[-5.94933,39.929468]]],"type":"Polygon"},"id":826,"properties":{"area_m2":6.081,"centroid_lonlat":[-5.9493385,39.9294807],"centroid_px":[458.414,520.414],"confidence":0.7082,"confidence_bucket":"high","detector_score":null,"eccentricity":0.4433,"equivalent_diameter_m":2.783,"height_m":null,"height_reason":"unavailable","id":826,"low_confidence_reason":null,"perimeter_m":8.655,"shadow_length_m":null,"signals":{"separation":0.4655,"shadow":0.0,"shape":1.0,"size":0.6008},"solidity":0.8788,"touches_edge":false},"type":"Feature"},{"geometry":{"coordinates":[[[-5.9501722,39.9294557],[-5.9501937,39.9294557],[-5.9502017,39.9294618],[-5.9501937,39.9294886],[-5.9501776,39.9294886],[-5.9501642,39.9294783],[-5.9501722,39.9294557]]],"type":"Polygon"},"id":827,"properties":{"area_m2":9.227,"centroid_lonlat":[-5.9501843,39.9294716],"centroid_px":[300.75,522.636],"confidence":0.8495,"confidence_bucket":"high","detector_score":null,"eccentricity":0.6613,"equivalent_diameter_m":3.427,"height_m":null,"height_reason":"unavailable","id":827,"low_confidence_reason":null,"perimeter_m":10.565,"shadow_length_m":null,"signals":{"separation":0.5344,"shadow":0.0,"shape":1.0,"size":0.9839},"solidity":0.9362,"touches_edge":false},"type":"Feature"},{"geometry":{"coordinates":[[[-5.9511915,39.9294516],[-5.9511995,39.9294618],[-5.9511647,39.9294804],[-5.9511566,39.9294701],[-5.9511915,39.9294516]]],"type":"Polygon"},"id":828,"properties":{"area_m2":5.871,"centroid_lonlat":[-5.9511779,39.9294671],"centroid_px":[115.536,523.714],"confidence":0.4269,"confidence_bucket":"low","detector_score":null,"eccentricity":0.9122,"equivalent_diameter_m":2.734,"height_m":null,"height_reason":"unavailable","id":828,"low_confidence_reason":"Low confidence: this region is likely two or more merged crowns.","perimeter_m":9.603,"shadow_length_m":null,"signals":{"separation":0.0,"shadow":0.0,"shape":0.8001,"size":0.4059},"solidity":0.8485,"touches_edge":false},"type":"Feature"},{"geometry":{"coordinates":[[[-5.9501669,39.9294516],[-5.9501642,39.9294824],[-5.9501401,39.9294845],[-5.9501266,39.929466],[-5.9501347,39.929468],[-5.9501669,39.9294516]]],"type":"Polygon"},"id":829,"properties":{"area_m2":9.227,"centroid_lonlat":[-5.950151,39.9294703],"centroid_px":[306.955,522.955],"confidence":0.8122,"confidence_bucket":"high","detector_score":null,"eccentricity":0.6798,"equivalent_diameter_m":3.427,"height_m":null,"height_reason":"unavailable","id":829,"low_confidence_reason":null,"perimeter_m":11.497,"shadow_length_m":null,"signals":{"separation":0.5975,"shadow":0.0,"shape":0.8772,"size":0.9489},"solidity":0.88,"touches_edge":false},"type":"Feature"},{"geometry":{"coordinates":[[[-5.9516045,39.9294392],[-5.9516233,39.9294454],[-5.951618,39.9294495],[-5.9516287,39.9294577],[-5.9516394,39.9294948],[-5.9516206,39.929505],[-5.9515938,39.9295009],[-5.9515885,39.9295092],[-5.9515804,39.929503],[-5.9515858,39.9294701],[-5.9515911,39.9294495],[-5.9516045,39.9294392]]],"type":"Polygon"},"id":830,"properties":{"area_m2":24.954,"centroid_lonlat":[-5.951609,39.9294764],"centroid_px":[35.168,521.471],"confidence":0.2562,"confidence_bucket":"low","detector_score":null,"eccentricity":0.829,"equivalent_diameter_m":5.637,"height_m":null,"height_reason":"unavailable","id":830,"low_confidence_reason":"Low confidence: this crown is far larger or smaller than its neighbours, so it is likely merged with, or split from, another crown.","perimeter_m":23.926,"shadow_length_m":null,"signals":{"separation":0.1625,"shadow":0.0,"shape":0.5478,"size":0.0},"solidity":0.8623,"touches_edge":false},"type":"Feature"},{"geometry":{"coordinates":[[[-5.9493515,39.9294351],[-5.9493622,39.9294351],[-5.949381,39.9294495],[-5.9493703,39.9294701],[-5.9493569,39.9294762],[-5.9493381,39.929466],[-5.9493515,39.9294351]]],"type":"Polygon"},"id":831,"properties":{"area_m2":11.533,"centroid_lonlat":[-5.9493587,39.9294556],"centroid_px":[454.655,526.509],"confidence":0.7646,"confidence_bucket":"high","detector_score":null,"eccentricity":0.6726,"equivalent_diameter_m":3.832,"height_m":null,"height_reason":"unavailable","id":831,"low_confidence_reason":null,"perimeter_m":11.971,"shadow_length_m":null,"signals":{"separation":0.478,"shadow":0.0,"shape":1.0,"size":0.7688},"solidity":0.9322,"touches_edge":false},"type":"Feature"},{"geometry":{"coordinates":[[[-5.951229,39.929431],[-5.9512639,39.9294372],[-5.9512693,39.9294536],[-5.9512585,39.9294618],[-5.9512612,39.929468],[-5.9512317,39.9294618],[-5.951229,39.929431]]],"type":"Polygon"},"id":832,"properties":{"area_m2":10.694,"centroid_lonlat":[-5.9512463,39.9294495],"centroid_px":[102.784,528.0],"confidence":0.764,"confidence_bucket":"high","detector_score":null,"eccentricity":0.6068,"equivalent_diameter_m":3.69,"height_m":null,"height_reason":"unavailable","id":832,"low_confidence_reason":null,"perimeter_m":12.776,"shadow_length_m":null,"signals":{"separation":0.702,"shadow":0.0,"shape":0.8234,"size":0.7548},"solidity":0.85,"touches_edge":false},"type":"Feature"},{"geometry":{"coordinates":[[[-5.9507838,39.9294433],[-5.9507945,39.9294516],[-5.9508052,39.9294433],[-5.9508187,39.9294536],[-5.9508133,39.9294618],[-5.9507838,39.9294598],[-5.9507838,39.9294433]]],"type":"Polygon"},"id":833,"properties":{"area_m2":5.033,"centroid_lonlat":[-5.9507988,39.9294545],"centroid_px":[186.208,526.792],"confidence":0.6667,"confidence_bucket":"medium","detector_score":null,"eccentricity":0.7741,"equivalent_diameter_m":2.531,"height_m":null,"height_reason":"unavailable","id":833,"low_confidence_reason":null,"perimeter_m":8.291,"shadow_length_m":null,"signals":{"separation":0.3618,"shadow":0.0,"shape":0.9199,"size":0.6677},"solidity":0.8,"touches_edge":false},"type":"Feature"},{"geometry":{"coordinates":[[[-5.9492871,39.9294187],[-5.9493139,39.9294187],[-5.94933,39.929431],[-5.9493408,39.9294269],[-5.9493488,39.9294331],[-5.9493381,39.929466],[-5.9493139,39.9294886],[-5.9492978,39.9294804],[-5.9492871,39.9294845],[-5.9492576,39.9294536],[-5.949263,39.9294289],[-5.9492871,39.9294187]]],"type":"Polygon"},"id":834,"properties":{"area_m2":41.939,"centroid_lonlat":[-5.9493018,39.9294505],"centroid_px":[465.255,527.765],"confidence":0.5332,"confidence_bucket":"medium","detector_score":null,"eccentricity":0.1504,"equivalent_diameter_m":7.307,"height_m":null,"height_reason":"unavailable","id":834,"low_confidence_reason":null,"perimeter_m":25.885,"shadow_length_m":null,"signals":{"separation":0.7624,"shadow":0.0,"shape":0.7866,"size":0.0},"solidity":0.9132,"touches_edge":false},"type":"Feature"},{"geometry":{"coordinates":[[[-5.9490189,39.9294433],[-5.949035,39.9294433],[-5.9490538,39.9294495],[-5.9490296,39.9294557],[-5.9490189,39.9294433]]],"type":"Polygon"},"id":835,"properties":{"area_m2":2.726,"centroid_lonlat":[-5.9490346,39.9294492],"centroid_px":[515.077,528.077],"confidence":0.3831,"confidence_bucket":"low","detector_score":null,"eccentricity":0.9358,"equivalent_diameter_m":1.863,"height_m":null,"height_reason":"unavailable","id":835,"low_confidence_reason":"Low confidence: this region is likely two or more merged crowns.","perimeter_m":5.606,"shadow_length_m":null,"signals":{"separation":0.0,"shadow":0.0,"shape":1.0,"size":0.0258},"solidity":0.8667,"touches_edge":false},"type":"Feature"},{"geometry":{"coordinates":[[[-5.950655,39.9294228],[-5.9506845,39.9294289],[-5.9506899,39.9294454],[-5.9506765,39.9294639],[-5.950647,39.9294536],[-5.950655,39.9294228]]],"type":"Polygon"},"id":836,"properties":{"area_m2":11.533,"centroid_lonlat":[-5.9506683,39.9294432],"centroid_px":[210.527,529.545],"confidence":0.7645,"confidence_bucket":"high","detector_score":null,"eccentricity":0.621,"equivalent_diameter_m":3.832,"height_m":null,"height_reason":"unavailable","id":836,"low_confidence_reason":null,"perimeter_m":12.776,"shadow_length_m":null,"signals":{"separation":0.478,"shadow":0.0,"shape":0.8879,"size":0.9028},"solidity":0.8594,"touches_edge":false},"type":"Feature"},{"geometry":{"coordinates":[[[-5.9491369,39.9294145],[-5.9491637,39.9294228],[-5.9491771,39.9294413],[-5.949153,39.9294598],[-5.9491342,39.9294495],[-5.9491396,39.9294289],[-5.9491235,39.9294248],[-5.9491369,39.9294145]]],"type":"Polygon"},"id":837,"properties":{"area_m2":12.372,"centroid_lonlat":[-5.9491514,39.9294368],"centroid_px":[493.305,531.085],"confidence":0.7305,"confidence_bucket":"high","detector_score":null,"eccentricity":0.7057,"equivalent_diameter_m":3.969,"height_m":null,"height_reason":"unavailable","id":837,"low_confidence_reason":null,"perimeter_m":15.036,"shadow_length_m":null,"signals":{"separation":0.516,"shadow":0.0,"shape":0.6877,"size":0.9962},"solidity":0.8429,"touches_edge":false},"type":"Feature"},{"geometry":{"coordinates":[[[-5.9486273,39.929431],[-5.9486461,39.9294454],[-5.9486327,39.9294557],[-5.9486192,39.9294495],[-5.9486273,39.929431]]],"type":"Polygon"},"id":838,"properties":{"area_m2":4.194,"centroid_lonlat":[-5.948631,39.9294433],"centroid_px":[590.3,529.5],"confidence":0.7623,"confidence_bucket":"high","detector_score":null,"eccentricity":0.6846,"equivalent_diameter_m":2.311,"height_m":null,"height_reason":"unavailable","id":838,"low_confidence_reason":null,"perimeter_m":7.012,"shadow_length_m":null,"signals":{"separation":0.3963,"shadow":0.0,"shape":1.0,"size":0.8432},"solidity":0.9091,"touches_edge":false},"type":"Feature"},{"geometry":{"coordinates":[[[-5.9494534,39.9293857],[-5.9494641,39.929394],[-5.9494749,39.9293857],[-5.9494963,39.9294063],[-5.9495124,39.9294022],[-5.9495258,39.9294125],[-5.9495205,39.9294495],[-5.9494936,39.9294618],[-5.949499,39.9294701],[-5.9494829,39.9294824],[-5.9494883,39.9294906],[-5.9494802,39.9294968],[-5.9494373,39.9294804],[-5.9494078,39.9294454],[-5.9494132,39.9294166],[-5.9494534,39.9293857]]],"type":"Polygon"},"id":839,"properties":{"area_m2":80.313,"centroid_lonlat":[-5.9494655,39.9294375],"centroid_px":[434.752,530.922],"confidence":0.4769,"confidence_bucket":"medium","detector_score":null,"eccentricity":0.525,"equivalent_diameter_m":10.112,"height_m":null,"height_reason":"unavailable","id":839,"low_confidence_reason":null,"perimeter_m":38.458,"shadow_length_m":null,"signals":{"separation":0.7074,"shadow":0.0,"shape":0.6824,"size":0.0},"solidity":0.8949,"touches_edge":false},"type":"Feature"},{"geometry":{"coordinates":[[[-5.9506229,39.9294104],[-5.9506577,39.9294207],[-5.9506443,39.9294516],[-5.9506094,39.9294372],[-5.9506094,39.9294207],[-5.9506229,39.9294104]]],"type":"Polygon"},"id":840,"properties":{"area_m2":13.001,"centroid_lonlat":[-5.9506328,39.9294306],"centroid_px":[217.145,532.597],"confidence":0.8111,"confidence_bucket":"high","detector_score":null,"eccentricity":0.4807,"equivalent_diameter_m":4.069,"height_m":null,"height_reason":"unavailable","id":840,"low_confidence_reason":null,"perimeter_m":13.535,"shadow_length_m":null,"signals":{"separation":0.6753,"shadow":0.0,"shape":0.8919,"size":0.8501},"solidity":0.8986,"touches_edge":false},"type":"Feature"},{"geometry":{"coordinates":[[[-5.9497324,39.9294269],[-5.9497458,39.9294331],[-5.9497324,39.9294475],[-5.9497243,39.9294413],[-5.9497324,39.9294269]]],"type":"Polygon"},"id":841,"properties":{"area_m2":2.516,"centroid_lonlat":[-5.9497342,39.9294361],"centroid_px":[384.667,531.25],"confidence":0.5298,"confidence_bucket":"medium","detector_score":null,"eccentricity":0.7692,"equivalent_diameter_m":1.79,"height_m":null,"height_reason":"unavailable","id":841,"low_confidence_reason":null,"perimeter_m":5.354,"shadow_length_m":null,"signals":{"separation":0.0,"shadow":0.0,"shape":1.0,"size":0.4954},"solidity":0.8571,"touches_edge":false},"type":"Feature"},{"geometry":{"coordinates":[[[-5.9490243,39.9294063],[-5.9490538,39.9294084],[-5.9490645,39.9294248],[-5.9490564,39.9294475],[-5.9490108,39.9294413],[-5.9490108,39.9294166],[-5.9490243,39.9294063]]],"type":"Polygon"},"id":842,"properties":{"area_m2":17.405,"centroid_lonlat":[-5.9490369,39.9294271],"centroid_px":[514.651,533.446],"confidence":0.8103,"confidence_bucket":"high","detector_score":null,"eccentricity":0.4391,"equivalent_diameter_m":4.707,"height_m":null,"height_reason":"unavailable","id":842,"low_confidence_reason":null,"perimeter_m":14.876,"shadow_length_m":null,"signals":{"separation":0.5837,"shadow":0.0,"shape":0.9884,"size":0.8233},"solidity":0.9326,"touches_edge":false},"type":"Feature"},{"geometry":{"coordinates":[[[-5.9488311,39.9294104],[-5.9488446,39.9294248],[-5.9488446,39.9294413],[-5.9488365,39.9294475],[-5.9488124,39.9294289],[-5.9488311,39.9294104]]],"type":"Polygon"},"id":843,"properties":{"area_m2":6.5,"centroid_lonlat":[-5.9488301,39.92943],"centroid_px":[553.194,532.742],"confidence":0.717,"confidence_bucket":"high","detector_score":null,"eccentricity":0.8257,"equivalent_diameter_m":2.877,"height_m":null,"height_reason":"unavailable","id":843,"low_confidence_reason":null,"perimeter_m":9.871,"shadow_length_m":null,"signals":{"separation":0.3183,"shadow":0.0,"shape":0.8383,"size":0.97},"solidity":0.8378,"touches_edge":false},"type":"Feature"},{"geometry":{"coordinates":[[[-5.9507516,39.9294063],[-5.950765,39.9294166],[-5.9507704,39.9294331],[-5.950757,39.9294433],[-5.9507355,39.9294433],[-5.9507275,39.9294248],[-5.9507516,39.9294063]]],"type":"Polygon"},"id":844,"properties":{"area_m2":10.694,"centroid_lonlat":[-5.9507483,39.9294271],"centroid_px":[195.608,533.451],"confidence":0.7922,"confidence_bucket":"high","detector_score":null,"eccentricity":0.5028,"equivalent_diameter_m":3.69,"height_m":null,"height_reason":"unavailable","id":844,"low_confidence_reason":null,"perimeter_m":11.323,"shadow_length_m":null,"signals":{"separation":0.702,"shadow":0.0,"shape":1.0,"size":0.6332},"solidity":0.9273,"touches_edge":false},"type":"Feature"},{"geometry":{"coordinates":[[[-5.9489706,39.9294063],[-5.9489921,39.9294063],[-5.9490055,39.9294166],[-5.9490055,39.9294331],[-5.9489921,39.9294433],[-5.9489706,39.9294433],[-5.9489572,39.9294331],[-5.9489572,39.9294166],[-5.9489706,39.9294063]]],"type":"Polygon"},"id":845,"properties":{"area_m2":14.469,"centroid_lonlat":[-5.9489813,39.9294248],"centroid_px":[525.0,534.0],"confidence":0.9088,"confidence_bucket":"high","detector_score":null,"eccentricity":0.0,"equivalent_diameter_m":4.292,"height_m":null,"height_reason":"unavailable","id":845,"low_confidence_reason":null,"perimeter_m":12.508,"shadow_length_m":null,"signals":{"separation":0.8535,"shadow":0.0,"shape":1.0,"size":0.8545},"solidity":1.0,"touches_edge":false},"type":"Feature"},{"geometry":{"coordinates":[[[-5.9505585,39.9293816],[-5.9505692,39.9293899],[-5.9506121,39.9293899],[-5.9506202,39.9294125],[-5.9505853,39.929431],[-5.9505746,39.9294475],[-5.9505585,39.9294557],[-5.9505478,39.9294516],[-5.9505317,39.929468],[-5.9504807,39.9294289],[-5.9504968,39.9294084],[-5.9504914,39.9294001],[-5.9505102,39.9293857],[-5.9505424,39.929394],[-5.9505585,39.9293816]]],"type":"Polygon"},"id":846,"properties":{"area_m2":67.521,"centroid_lonlat":[-5.9505487,39.9294189],"centroid_px":[232.832,535.444],"confidence":0.4122,"confidence_bucket":"low","detector_score":null,"eccentricity":0.7392,"equivalent_diameter_m":9.272,"height_m":null,"height_reason":"unavailable","id":846,"low_confidence_reason":"Low confidence: this crown is far larger or smaller than its neighbours, so it is likely merged with, or split from, another crown.","perimeter_m":37.653,"shadow_length_m":null,"signals":{"separation":0.6008,"shadow":0.0,"shape":0.5985,"size":0.0},"solidity":0.8822,"touches_edge":false},"type":"Feature"},{"geometry":{"coordinates":[[[-5.9512398,39.9294022],[-5.9512639,39.9294166],[-5.9512612,39.9294351],[-5.9512398,39.9294351],[-5.9512156,39.9294248],[-5.9512156,39.9294166],[-5.9512398,39.9294022]]],"type":"Polygon"},"id":847,"properties":{"area_m2":10.485,"centroid_lonlat":[-5.9512403,39.9294208],"centroid_px":[103.9,534.98],"confidence":0.7284,"confidence_bucket":"high","detector_score":null,"eccentricity":0.6757,"equivalent_diameter_m":3.654,"height_m":null,"height_reason":"unavailable","id":847,"low_confidence_reason":null,"perimeter_m":11.971,"shadow_length_m":null,"signals":{"separation":0.5605,"shadow":0.0,"shape":0.9194,"size":0.6672},"solidity":0.9091,"touches_edge":false},"type":"Feature"},{"geometry":{"coordinates":[[[-5.9511539,39.9294022],[-5.9511808,39.9294022],[-5.9511888,39.9294084],[-5.9511942,39.9294248],[-5.9511808,39.9294351],[-5.9511593,39.9294351],[-5.9511513,39.9294289],[-5.9511566,39.9294166],[-5.9511459,39.9294084],[-5.9511539,39.9294022]]],"type":"Polygon"},"id":848,"properties":{"area_m2":10.904,"centroid_lonlat":[-5.9511718,39.9294187],"centroid_px":[116.673,535.481],"confidence":0.8095,"confidence_bucket":"high","detector_score":null,"eccentricity":0.4135,"equivalent_diameter_m":3.726,"height_m":null,"height_reason":"unavailable","id":848,"low_confidence_reason":null,"perimeter_m":11.971,"shadow_length_m":null,"signals":{"separation":0.4916,"shadow":0.0,"shape":0.9562,"size":0.9514},"solidity":0.8667,"touches_edge":false},"type":"Feature"},{"geometry":{"coordinates":[[[-5.950816,39.9293981],[-5.9508374,39.9293981],[-5.9508455,39.9294125],[-5.9508267,39.9294187],[-5.9508079,39.9294043],[-5.950816,39.9293981]]],"type":"Polygon"},"id":849,"properties":{"area_m2":4.823,"centroid_lonlat":[-5.9508286,39.9294073],"centroid_px":[180.652,538.261],"confidence":0.7858,"confidence_bucket":"high","detector_score":null,"eccentricity":0.719,"equivalent_diameter_m":2.478,"height_m":null,"height_reason":"unavailable","id":849,"low_confidence_reason":null,"perimeter_m":6.097,"shadow_length_m":null,"signals":{"separation":0.5227,"shadow":0.0,"shape":1.0,"size":0.7918},"solidity":0.8846,"touches_edge":false},"type":"Feature"},{"geometry":{"coordinates":[[[-5.9515777,39.9293899],[-5.9515885,39.9293899],[-5.9516072,39.9294043],[-5.9515938,39.9294228],[-5.9515724,39.9294228],[-5.9515643,39.9294166],[-5.9515643,39.9294043],[-5.9515777,39.9293899]]],"type":"Polygon"},"id":850,"properties":{"area_m2":9.856,"centroid_lonlat":[-5.9515851,39.9294072],"centroid_px":[39.617,538.277],"confidence":0.8321,"confidence_bucket":"high","detector_score":null,"eccentricity":0.289,"equivalent_diameter_m":3.542,"height_m":null,"height_reason":"unavailable","id":850,"low_confidence_reason":null,"perimeter_m":11.055,"shadow_length_m":null,"signals":{"separation":0.5171,"shadow":0.0,"shape":1.0,"size":0.9458},"solidity":0.94,"touches_edge":false},"type":"Feature"},{"geometry":{"coordinates":[[[-5.9491423,39.9294022],[-5.9491503,39.9294084],[-5.949153,39.9294187],[-5.9491396,39.9294166],[-5.9491342,39.9294084],[-5.9491423,39.9294022]]],"type":"Polygon"},"id":851,"properties":{"area_m2":1.887,"centroid_lonlat":[-5.9491447,39.9294116],"centroid_px":[494.556,537.222],"confidence":0.375,"confidence_bucket":"low","detector_score":null,"eccentricity":0.8356,"equivalent_diameter_m":1.55,"height_m":null,"height_reason":"unavailable","id":851,"low_confidence_reason":"Low confidence: this region is likely two or more merged crowns.","perimeter_m":3.774,"shadow_length_m":null,"signals":{"separation":0.0,"shadow":0.0,"shape":1.0,"size":0.0},"solidity":0.8182,"touches_edge":false},"type":"Feature"},{"geometry":{"coordinates":[[[-5.9496573,39.9293857],[-5.949676,39.9293919],[-5.949676,39.9294125],[-5.949668,39.9294187],[-5.9496439,39.9294043],[-5.9496573,39.9293857]]],"type":"Polygon"},"id":852,"properties":{"area_m2":7.13,"centroid_lonlat":[-5.9496626,39.9294011],"centroid_px":[398.0,539.765],"confidence":0.8105,"confidence_bucket":"high","detector_score":null,"eccentricity":0.6919,"equivalent_diameter_m":3.013,"height_m":null,"height_reason":"unavailable","id":852,"low_confidence_reason":null,"perimeter_m":9.112,"shadow_length_m":null,"signals":{"separation":0.6079,"shadow":0.0,"shape":1.0,"size":0.7856},"solidity":0.9444,"touches_edge":false},"type":"Feature"},{"geometry":{"coordinates":[[[-5.950757,39.9293857],[-5.9507677,39.9293857],[-5.9507811,39.9294043],[-5.9507677,39.9294145],[-5.9507489,39.9294001],[-5.950757,39.9293857]]],"type":"Polygon"},"id":853,"properties":{"area_m2":5.871,"centroid_lonlat":[-5.9507642,39.9293997],"centroid_px":[192.643,540.107],"confidence":0.7979,"confidence_bucket":"high","detector_score":null,"eccentricity":0.7058,"equivalent_diameter_m":2.734,"height_m":null,"height_reason":"unavailable","id":853,"low_confidence_reason":null,"perimeter_m":8.197,"shadow_length_m":null,"signals":{"separation":0.4737,"shadow":0.0,"shape":1.0,"size":0.8795},"solidity":0.9032,"touches_edge":false},"type":"Feature"},{"geometry":{"coordinates":[[[-5.9515026,39.9293693],[-5.9515187,39.9293693],[-5.9515321,39.9293796],[-5.9515241,39.9293981],[-5.9515134,39.9293899],[-5.9515026,39.929394],[-5.9514838,39.9293796],[-5.9515026,39.9293693]]],"type":"Polygon"},"id":854,"properties":{"area_m2":8.388,"centroid_lonlat":[-5.9515112,39.9293819],"centroid_px":[53.4,544.425],"confidence":0.6799,"confidence_bucket":"medium","detector_score":null,"eccentricity":0.7675,"equivalent_diameter_m":3.268,"height_m":null,"height_reason":"unavailable","id":854,"low_confidence_reason":null,"perimeter_m":10.787,"shadow_length_m":null,"signals":{"separation":0.2802,"shadow":0.0,"shape":0.9058,"size":0.8085},"solidity":0.8889,"touches_edge":false},"type":"Feature"},{"geometry":{"coordinates":[[[-5.9507892,39.9293693],[-5.9508079,39.9293796],[-5.9507945,39.9293981],[-5.9507838,39.9293899],[-5.9507784,39.929394],[-5.9507489,39.9293837],[-5.9507892,39.9293693]]],"type":"Polygon"},"id":855,"properties":{"area_m2":8.178,"centroid_lonlat":[-5.9507843,39.9293826],"centroid_px":[188.897,544.256],"confidence":0.6312,"confidence_bucket":"medium","detector_score":null,"eccentricity":0.8279,"equivalent_diameter_m":3.227,"height_m":null,"height_reason":"unavailable","id":855,"low_confidence_reason":null,"perimeter_m":11.798,"shadow_length_m":null,"signals":{"separation":0.2838,"shadow":0.0,"shape":0.7384,"size":0.8501},"solidity":0.8125,"touches_edge":false},"type":"Feature"},{"geometry":{"coordinates":[[[-5.9484985,39.9293611],[-5.9485254,39.9293611],[-5.9485334,39.9293755],[-5.9485254,39.9293734],[-5.9484985,39.9293899],[-5.9484878,39.9293857],[-5.9484851,39.9293755],[-5.9484985,39.9293611]]],"type":"Polygon"},"id":856,"properties":{"area_m2":8.178,"centroid_lonlat":[-5.9485079,39.9293739],"centroid_px":[613.256,546.385],"confidence":0.5814,"confidence_bucket":"medium","detector_score":null,"eccentricity":0.8418,"equivalent_diameter_m":3.227,"height_m":null,"height_reason":"unavailable","id":856,"low_confidence_reason":null,"perimeter_m":11.893,"shadow_length_m":null,"signals":{"separation":0.4014,"shadow":0.0,"shape":0.7266,"size":0.587},"solidity":0.8125,"touches_edge":false},"type":"Feature"},{"geometry":{"coordinates":[[[-5.949389,39.9293528],[-5.9494105,39.9293528],[-5.9494239,39.9293631],[-5.9494293,39.9293713],[-5.9494212,39.9293816],[-5.949389,39.9293816],[-5.949381,39.9293755],[-5.9493864,39.9293713],[-5.9493756,39.9293631],[-5.949389,39.9293528]]],"type":"Polygon"},"id":857,"properties":{"area_m2":10.904,"centroid_lonlat":[-5.9494026,39.9293678],"centroid_px":[446.481,547.865],"confidence":0.8698,"confidence_bucket":"high","detector_score":null,"eccentricity":0.6299,"equivalent_diameter_m":3.726,"height_m":null,"height_reason":"unavailable","id":857,"low_confidence_reason":null,"perimeter_m":11.971,"shadow_length_m":null,"signals":{"separation":0.6952,"shadow":0.0,"shape":0.9562,"size":0.9408},"solidity":0.9286,"touches_edge":false},"type":"Feature"},{"geometry":{"coordinates":[[[-5.9484664,39.929357],[-5.9484959,39.9293631],[-5.9484771,39.9293899],[-5.9484556,39.9293899],[-5.9484476,39.9293837],[-5.9484529,39.9293713],[-5.9484422,39.9293631],[-5.9484664,39.929357]]],"type":"Polygon"},"id":858,"properties":{"area_m2":11.743,"centroid_lonlat":[-5.9484689,39.9293729],"centroid_px":[620.518,546.625],"confidence":0.7649,"confidence_bucket":"high","detector_score":null,"eccentricity":0.556,"equivalent_diameter_m":3.867,"height_m":null,"height_reason":"unavailable","id":858,"low_confidence_reason":null,"perimeter_m":13.155,"shadow_length_m":null,"signals":{"separation":0.4737,"shadow":0.0,"shape":0.8527,"size":0.9506},"solidity":0.8615,"touches_edge":false},"type":"Feature"},{"geometry":{"coordinates":[[[-5.9503546,39.9293528],[-5.9503734,39.9293672],[-5.95036,39.9293775],[-5.9503439,39.9293775],[-5.9503359,39.9293713],[-5.9503546,39.9293528]]],"type":"Polygon"},"id":859,"properties":{"area_m2":5.871,"centroid_lonlat":[-5.9503554,39.9293664],"centroid_px":[268.857,548.214],"confidence":0.857,"confidence_bucket":"high","detector_score":null,"eccentricity":0.6394,"equivalent_diameter_m":2.734,"height_m":null,"height_reason":"unavailable","id":859,"low_confidence_reason":null,"perimeter_m":7.928,"shadow_length_m":null,"signals":{"separation":0.6699,"shadow":0.0,"shape":1.0,"size":0.8724},"solidity":0.9655,"touches_edge":false},"type":"Feature"},{"geometry":{"coordinates":[[[-5.951567,39.9293446],[-5.9515911,39.929359],[-5.9515885,39.9293775],[-5.951567,39.9293775],[-5.9515536,39.9293672],[-5.9515536,39.9293508],[-5.951567,39.9293446]]],"type":"Polygon"},"id":860,"properties":{"area_m2":9.436,"centroid_lonlat":[-5.9515722,39.9293624],"centroid_px":[42.022,549.178],"confidence":0.8895,"confidence_bucket":"high","detector_score":null,"eccentricity":0.6678,"equivalent_diameter_m":3.466,"height_m":null,"height_reason":"unavailable","id":860,"low_confidence_reason":null,"perimeter_m":10.297,"shadow_length_m":null,"signals":{"separation":0.7473,"shadow":0.0,"shape":1.0,"size":0.8992},"solidity":0.9783,"touches_edge":false},"type":"Feature"},{"geometry":{"coordinates":[[[-5.9511915,39.9293405],[-5.9512103,39.9293508],[-5.9512103,39.9293631],[-5.9511915,39.9293734],[-5.9511834,39.9293672],[-5.9511834,39.9293467],[-5.9511915,39.9293405]]],"type":"Polygon"},"id":861,"properties":{"area_m2":6.5,"centroid_lonlat":[-5.9511958,39.9293565],"centroid_px":[112.194,550.613],"confidence":0.8459,"confidence_bucket":"high","detector_score":null,"eccentricity":0.725,"equivalent_diameter_m":2.877,"height_m":null,"height_reason":"unavailable","id":861,"low_confidence_reason":null,"perimeter_m":8.465,"shadow_length_m":null,"signals":{"separation":0.6367,"shadow":0.0,"shape":1.0,"size":0.8703},"solidity":0.9688,"touches_edge":false},"type":"Feature"},{"geometry":{"coordinates":[[[-5.9489384,39.9293528],[-5.9489572,39.929359],[-5.9489384,39.9293693],[-5.9489304,39.9293631],[-5.9489384,39.9293528]]],"type":"Polygon"},"id":862,"properties":{"area_m2":2.726,"centroid_lonlat":[-5.9489426,39.92936],"centroid_px":[532.231,549.769],"confidence":0.7199,"confidence_bucket":"high","detector_score":null,"eccentricity":0.7297,"equivalent_diameter_m":1.863,"height_m":null,"height_reason":"unavailable","id":862,"low_confidence_reason":null,"perimeter_m":5.07,"shadow_length_m":null,"signals":{"separation":0.4916,"shadow":0.0,"shape":1.0,"size":0.612},"solidity":0.9286,"touches_edge":false},"type":"Feature"},{"geometry":{"coordinates":[[[-5.9494212,39.929324],[-5.9494373,39.929324],[-5.9494561,39.9293384],[-5.9494561,39.929359],[-5.949432,39.9293734],[-5.9494132,39.9293549],[-5.9494239,39.9293384],[-5.9494212,39.929324]]],"type":"Polygon"},"id":863,"properties":{"area_m2":14.049,"centroid_lonlat":[-5.9494354,39.9293474],"centroid_px":[440.358,552.821],"confidence":0.8009,"confidence_bucket":"high","detector_score":null,"eccentricity":0.7346,"equivalent_diameter_m":4.229,"height_m":null,"height_reason":"unavailable","id":863,"low_confidence_reason":null,"perimeter_m":14.182,"shadow_length_m":null,"signals":{"separation":0.6125,"shadow":0.0,"shape":0.8778,"size":0.8971},"solidity":0.9178,"touches_edge":false},"type":"Feature"},{"geometry":{"coordinates":[[[-5.9517923,39.9293364],[-5.9518003,39.9293384],[-5.9517977,39.9293652],[-5.9517869,39.9293652],[-5.9517735,39.9293508],[-5.9517923,39.9293364]]],"type":"Polygon"},"id":864,"properties":{"area_m2":5.242,"centroid_lonlat":[-5.9517902,39.9293516],"centroid_px":[1.4,551.8],"confidence":0.8676,"confidence_bucket":"high","detector_score":null,"eccentricity":0.7645,"equivalent_diameter_m":2.584,"height_m":null,"height_reason":"unavailable","id":864,"low_confidence_reason":null,"perimeter_m":7.817,"shadow_length_m":null,"signals":{"separation":0.7927,"shadow":0.0,"shape":1.0,"size":0.7838},"solidity":0.9615,"touches_edge":true},"type":"Feature"},{"geometry":{"coordinates":[[[-5.9495983,39.9293323],[-5.9496224,39.9293384],[-5.949617,39.9293426],[-5.9496331,39.9293549],[-5.9496251,39.9293652],[-5.949609,39.9293652],[-5.9495848,39.9293508],[-5.9495983,39.9293323]]],"type":"Polygon"},"id":865,"properties":{"area_m2":10.275,"centroid_lonlat":[-5.9496083,39.929349],"centroid_px":[408.122,552.429],"confidence":0.8238,"confidence_bucket":"high","detector_score":null,"eccentricity":0.735,"equivalent_diameter_m":3.617,"height_m":null,"height_reason":"unavailable","id":865,"low_confidence_reason":null,"perimeter_m":11.703,"shadow_length_m":null,"signals":{"separation":0.5662,"shadow":0.0,"shape":0.9428,"size":0.9387},"solidity":0.9074,"touches_edge":false},"type":"Feature"},{"geometry":{"coordinates":[[[-5.948461,39.9293323],[-5.9484744,39.9293549],[-5.9484395,39.9293611],[-5.9484476,39.9293467],[-5.9484369,39.9293384],[-5.948461,39.9293323]]],"type":"Polygon"},"id":866,"properties":{"area_m2":6.081,"centroid_lonlat":[-5.9484549,39.9293485],"centroid_px":[623.138,552.552],"confidence":0.464,"confidence_bucket":"medium","detector_score":null,"eccentricity":0.5787,"equivalent_diameter_m":2.783,"height_m":null,"height_reason":"unavailable","id":866,"low_confidence_reason":null,"perimeter_m":10.676,"shadow_length_m":null,"signals":{"separation":0.3291,"shadow":0.0,"shape":0.6705,"size":0.351},"solidity":0.7073,"touches_edge":false},"type":"Feature"},{"geometry":{"coordinates":[[[-5.9499362,39.9293076],[-5.9499523,39.9293076],[-5.949963,39.9293158],[-5.9499791,39.9293076],[-5.9500006,39.9293158],[-5.9500194,39.9293343],[-5.950014,39.9293384],[-5.9500301,39.9293631],[-5.9499845,39.9293981],[-5.9499416,39.9293775],[-5.9499282,39.9293672],[-5.9499335,39.929359],[-5.9499255,39.9293528],[-5.9499148,39.929357],[-5.9499067,39.9293508],[-5.9499174,39.9293179],[-5.9499362,39.9293076]]],"type":"Polygon"},"id":867,"properties":{"area_m2":68.779,"centroid_lonlat":[-5.9499684,39.9293482],"centroid_px":[340.991,552.637],"confidence":0.4806,"confidence_bucket":"medium","detector_score":null,"eccentricity":0.6228,"equivalent_diameter_m":9.358,"height_m":null,"height_reason":"unavailable","id":867,"low_confidence_reason":null,"perimeter_m":34.304,"shadow_length_m":null,"signals":{"separation":0.6565,"shadow":0.0,"shape":0.7345,"size":0.0},"solidity":0.9266,"touches_edge":false},"type":"Feature"},{"geometry":{"coordinates":[[[-5.9506872,39.9293364],[-5.9506953,39.9293467],[-5.9506819,39.9293528],[-5.9506738,39.9293467],[-5.9506872,39.9293364]]],"type":"Polygon"},"id":868,"properties":{"area_m2":2.097,"centroid_lonlat":[-5.9506856,39.9293454],"centroid_px":[207.3,553.3],"confidence":0.5502,"confidence_bucket":"medium","detector_score":null,"eccentricity":0.6164,"equivalent_diameter_m":1.634,"height_m":null,"height_reason":"unavailable","id":868,"low_confidence_reason":null,"perimeter_m":4.154,"shadow_length_m":null,"signals":{"separation":0.5605,"shadow":0.0,"shape":1.0,"size":0.0},"solidity":1.0,"touches_edge":false},"type":"Feature"},{"geometry":{"coordinates":[[[-5.9493622,39.9293117],[-5.9493837,39.929324],[-5.9493998,39.929324],[-5.9494051,39.9293158],[-5.9494078,39.9293302],[-5.9493864,39.9293426],[-5.9493729,39.9293611],[-5.9493461,39.9293611],[-5.9493273,39.9293467],[-5.9493273,39.9293261],[-5.9493408,39.9293158],[-5.9493622,39.9293117]]],"type":"Polygon"},"id":869,"properties":{"area_m2":25.583,"centroid_lonlat":[-5.9493623,39.9293367],"centroid_px":[453.984,555.418],"confidence":0.584,"confidence_bucket":"medium","detector_score":null,"eccentricity":0.6405,"equivalent_diameter_m":5.707,"height_m":null,"height_reason":"unavailable","id":869,"low_confidence_reason":null,"perimeter_m":19.867,"shadow_length_m":null,"signals":{"separation":0.6616,"shadow":0.0,"shape":0.8145,"size":0.2299},"solidity":0.8714,"touches_edge":false},"type":"Feature"},{"geometry":{"coordinates":[[[-5.9517226,39.9293199],[-5.9517413,39.9293302],[-5.9517279,39.9293446],[-5.9517092,39.9293343],[-5.9517226,39.9293199]]],"type":"Polygon"},"id":870,"properties":{"area_m2":4.613,"centroid_lonlat":[-5.9517248,39.9293317],"centroid_px":[13.591,556.636],"confidence":0.7659,"confidence_bucket":"high","detector_score":null,"eccentricity":0.1223,"equivalent_diameter_m":2.424,"height_m":null,"height_reason":"unavailable","id":870,"low_confidence_reason":null,"perimeter_m":7.012,"shadow_length_m":null,"signals":{"separation":0.5344,"shadow":0.0,"shape":1.0,"size":0.7165},"solidity":0.9167,"touches_edge":false},"type":"Feature"},{"geometry":{"coordinates":[[[-5.9485415,39.9293076],[-5.9485629,39.9293117],[-5.9485763,39.929322],[-5.9485576,39.9293487],[-5.9485415,39.9293487],[-5.9485281,39.9293384],[-5.9485281,39.929322],[-5.9485415,39.9293076]]],"type":"Polygon"},"id":871,"properties":{"area_m2":13.211,"centroid_lonlat":[-5.94855,39.9293292],"centroid_px":[605.413,557.254],"confidence":0.7731,"confidence_bucket":"high","detector_score":null,"eccentricity":0.5092,"equivalent_diameter_m":4.101,"height_m":null,"height_reason":"unavailable","id":871,"low_confidence_reason":null,"perimeter_m":12.697,"shadow_length_m":null,"signals":{"separation":0.6316,"shadow":0.0,"shape":1.0,"size":0.6423},"solidity":0.9265,"touches_edge":false},"type":"Feature"},{"geometry":{"coordinates":[[[-5.9503117,39.9293076],[-5.9503359,39.9293138],[-5.9503412,39.9293343],[-5.9503332,39.9293405],[-5.9503117,39.9293364],[-5.9502983,39.9293261],[-5.9503117,39.9293076]]],"type":"Polygon"},"id":872,"properties":{"area_m2":9.856,"centroid_lonlat":[-5.9503207,39.9293231],"centroid_px":[275.319,558.723],"confidence":0.8391,"confidence_bucket":"high","detector_score":null,"eccentricity":0.5894,"equivalent_diameter_m":3.542,"height_m":null,"height_reason":"unavailable","id":872,"low_confidence_reason":null,"perimeter_m":10.676,"shadow_length_m":null,"signals":{"separation":0.5781,"shadow":0.0,"shape":1.0,"size":0.907},"solidity":0.94,"touches_edge":false},"type":"Feature"},{"geometry":{"coordinates":[[[-5.9494373,39.9293076],[-5.9494668,39.9293261],[-5.9494588,39.9293364],[-5.9494239,39.929322],[-5.9494373,39.9293076]]],"type":"Polygon"},"id":873,"properties":{"area_m2":5.662,"centroid_lonlat":[-5.9494469,39.9293227],"centroid_px":[438.222,558.815],"confidence":0.6507,"confidence_bucket":"medium","detector_score":null,"eccentricity":0.8866,"equivalent_diameter_m":2.685,"height_m":null,"height_reason":"unavailable","id":873,"low_confidence_reason":null,"perimeter_m":9.129,"shadow_length_m":null,"signals":{"separation":0.3411,"shadow":0.0,"shape":0.8538,"size":0.7165},"solidity":0.8438,"touches_edge":false},"type":"Feature"},{"geometry":{"coordinates":[[[-5.9493837,39.9293035],[-5.9494025,39.9293138],[-5.9493998,39.929324],[-5.9493703,39.9293179],[-5.9493837,39.9293035]]],"type":"Polygon"},"id":874,"properties":{"area_m2":4.404,"centroid_lonlat":[-5.9493873,39.9293153],"centroid_px":[449.333,560.619],"confidence":0.6854,"confidence_bucket":"medium","detector_score":null,"eccentricity":0.7212,"equivalent_diameter_m":2.368,"height_m":null,"height_reason":"unavailable","id":874,"low_confidence_reason":null,"perimeter_m":6.901,"shadow_length_m":null,"signals":{"separation":0.3868,"shadow":0.0,"shape":1.0,"size":0.6065},"solidity":0.913,"touches_edge":false},"type":"Feature"},{"geometry":{"coordinates":[[[-5.948402,39.9293035],[-5.9484315,39.9293055],[-5.9484261,39.9293138],[-5.9484369,39.9293302],[-5.9484234,39.9293405],[-5.948402,39.9293405],[-5.9483886,39.9293261],[-5.9483886,39.9293138],[-5.948402,39.9293035]]],"type":"Polygon"},"id":875,"properties":{"area_m2":13.001,"centroid_lonlat":[-5.9484119,39.9293216],"centroid_px":[631.161,559.097],"confidence":0.7878,"confidence_bucket":"high","detector_score":null,"eccentricity":0.4267,"equivalent_diameter_m":4.069,"height_m":null,"height_reason":"unavailable","id":875,"low_confidence_reason":null,"perimeter_m":13.44,"shadow_length_m":null,"signals":{"separation":0.6367,"shadow":0.0,"shape":0.9045,"size":0.7988},"solidity":0.8986,"touches_edge":false},"type":"Feature"},{"geometry":{"coordinates":[[[-5.9517387,39.9292994],[-5.9517574,39.9293138],[-5.9517494,39.9293282],[-5.9517252,39.9293179],[-5.9517387,39.9292994]]],"type":"Polygon"},"id":876,"properties":{"area_m2":5.871,"centroid_lonlat":[-5.9517417,39.9293154],"centroid_px":[10.429,560.607],"confidence":0.7928,"confidence_bucket":"high","detector_score":null,"eccentricity":0.6565,"equivalent_diameter_m":2.734,"height_m":null,"height_reason":"unavailable","id":876,"low_confidence_reason":null,"perimeter_m":8.308,"shadow_length_m":null,"signals":{"separation":0.4737,"shadow":0.0,"shape":1.0,"size":0.8631},"solidity":0.9655,"touches_edge":false},"type":"Feature"},{"geometry":{"coordinates":[[[-5.9484932,39.9292952],[-5.9485093,39.9292952],[-5.9485281,39.9293138],[-5.9485146,39.9293323],[-5.9484985,39.9293323],[-5.9484851,39.929322],[-5.9484905,39.9293179],[-5.9484798,39.9293055],[-5.9484932,39.9292952]]],"type":"Polygon"},"id":877,"properties":{"area_m2":11.953,"centroid_lonlat":[-5.9485041,39.929314],"centroid_px":[613.965,560.93],"confidence":0.8185,"confidence_bucket":"high","detector_score":null,"eccentricity":0.6638,"equivalent_diameter_m":3.901,"height_m":null,"height_reason":"unavailable","id":877,"low_confidence_reason":null,"perimeter_m":12.35,"shadow_length_m":null,"signals":{"separation":0.525,"shadow":0.0,"shape":0.9847,"size":0.9127},"solidity":0.9344,"touches_edge":false},"type":"Feature"},{"geometry":{"coordinates":[[[-5.9484395,39.9292952],[-5.948461,39.9292952],[-5.9484744,39.9293055],[-5.9484583,39.929322],[-5.9484556,39.9293364],[-5.9484449,39.9293364],[-5.9484261,39.9293138],[-5.9484395,39.9292952]]],"type":"Polygon"},"id":878,"properties":{"area_m2":12.372,"centroid_lonlat":[-5.9484492,39.9293133],"centroid_px":[624.203,561.119],"confidence":0.782,"confidence_bucket":"high","detector_score":null,"eccentricity":0.6565,"equivalent_diameter_m":3.969,"height_m":null,"height_reason":"unavailable","id":878,"low_confidence_reason":null,"perimeter_m":12.887,"shadow_length_m":null,"signals":{"separation":0.516,"shadow":0.0,"shape":0.9362,"size":0.8629},"solidity":0.8676,"touches_edge":false},"type":"Feature"},{"geometry":{"coordinates":[[[-5.9516528,39.9292911],[-5.951677,39.9292973],[-5.9516823,39.9293179],[-5.9516689,39.9293282],[-5.9516528,39.9293282],[-5.9516394,39.9293179],[-5.9516394,39.9293014],[-5.9516528,39.9292911]]],"type":"Polygon"},"id":879,"properties":{"area_m2":11.743,"centroid_lonlat":[-5.9516595,39.9293098],"centroid_px":[25.75,561.964],"confidence":0.5971,"confidence_bucket":"medium","detector_score":null,"eccentricity":0.5911,"equivalent_diameter_m":3.867,"height_m":null,"height_reason":"unavailable","id":879,"low_confidence_reason":null,"perimeter_m":11.592,"shadow_length_m":null,"signals":{"separation":0.7106,"shadow":0.0,"shape":1.0,"size":0.0},"solidity":0.9655,"touches_edge":false},"type":"Feature"},{"geometry":{"coordinates":[[[-5.9490672,39.9292335],[-5.949102,39.9292356],[-5.9491128,39.9292521],[-5.9490967,39.9292644],[-5.949145,39.9293055],[-5.9491262,39.9293405],[-5.9490994,39.9293282],[-5.9490833,39.9293364],[-5.9490725,39.9293282],[-5.9490645,39.9293343],[-5.9490699,39.9293467],[-5.9490564,39.929357],[-5.9490484,39.9293508],[-5.9490538,39.9293426],[-5.9490028,39.9293076],[-5.9489948,39.9293096],[-5.9489948,39.9292932],[-5.9490108,39.9292767],[-5.9490108,39.9292562],[-5.949035,39.9292418],[-5.9490564,39.92925],[-5.9490672,39.9292335]]],"type":"Polygon"},"id":880,"properties":{"area_m2":101.492,"centroid_lonlat":[-5.949068,39.9292918],"centroid_px":[508.845,566.349],"confidence":0.1982,"confidence_bucket":"low","detector_score":null,"eccentricity":0.4977,"equivalent_diameter_m":11.368,"height_m":null,"height_reason":"unavailable","id":880,"low_confidence_reason":"Low confidence: this crown is far larger or smaller than its neighbours, so it is likely merged with, or split from, another crown.","perimeter_m":52.577,"shadow_length_m":null,"signals":{"separation":0.0806,"shadow":0.0,"shape":0.4614,"size":0.0},"solidity":0.7987,"touches_edge":false},"type":"Feature"},{"geometry":{"coordinates":[[[-5.9488285,39.9293014],[-5.9488526,39.9292911],[-5.9488714,39.9293055],[-5.948858,39.929324],[-5.9488419,39.929324],[-5.9488285,39.9293138],[-5.9488285,39.9293014]]],"type":"Polygon"},"id":881,"properties":{"area_m2":10.065,"centroid_lonlat":[-5.9488487,39.9293081],"centroid_px":[549.729,562.375],"confidence":0.8718,"confidence_bucket":"high","detector_score":null,"eccentricity":0.3786,"equivalent_diameter_m":3.58,"height_m":null,"height_reason":"unavailable","id":881,"low_confidence_reason":null,"perimeter_m":10.408,"shadow_length_m":null,"signals":{"separation":0.7236,"shadow":0.0,"shape":1.0,"size":0.8663},"solidity":0.9796,"touches_edge":false},"type":"Feature"},{"geometry":{"coordinates":[[[-5.9517869,39.9292829],[-5.9518003,39.929285],[-5.9517977,39.9293158],[-5.9517789,39.9293096],[-5.9517869,39.9292829]]],"type":"Polygon"},"id":882,"properties":{"area_m2":5.242,"centroid_lonlat":[-5.9517917,39.9293003],"centroid_px":[1.12,564.28],"confidence":0.7255,"confidence_bucket":"high","detector_score":null,"eccentricity":0.908,"equivalent_diameter_m":2.584,"height_m":null,"height_reason":"unavailable","id":882,"low_confidence_reason":null,"perimeter_m":8.733,"shadow_length_m":null,"signals":{"separation":0.5013,"shadow":0.0,"shape":0.8638,"size":0.7838},"solidity":0.8621,"touches_edge":true},"type":"Feature"},{"geometry":{"coordinates":[[[-5.9515992,39.9292829],[-5.9516206,39.9292829],[-5.951634,39.9292932],[-5.951634,39.9293096],[-5.9516206,39.9293199],[-5.9515992,39.9293199],[-5.9515858,39.9293096],[-5.9515858,39.9292932],[-5.9515992,39.9292829]]],"type":"Polygon"},"id":883,"properties":{"area_m2":14.469,"centroid_lonlat":[-5.9516099,39.9293014],"centroid_px":[35.0,564.0],"confidence":0.7648,"confidence_bucket":"high","detector_score":null,"eccentricity":0.0,"equivalent_diameter_m":4.292,"height_m":null,"height_reason":"unavailable","id":883,"low_confidence_reason":null,"perimeter_m":12.508,"shadow_length_m":null,"signals":{"separation":0.8535,"shadow":0.0,"shape":1.0,"size":0.3939},"solidity":1.0,"touches_edge":false},"type":"Feature"},{"geometry":{"coordinates":[[[-5.9503654,39.929287],[-5.9503788,39.9292973],[-5.9503734,39.9293096],[-5.9503546,39.9293199],[-5.9503466,39.9293138],[-5.9503466,39.9292973],[-5.9503654,39.929287]]],"type":"Polygon"},"id":884,"properties":{"area_m2":6.081,"centroid_lonlat":[-5.9503617,39.9293035],"centroid_px":[267.69,563.483],"confidence":0.6481,"confidence_bucket":"medium","detector_score":null,"eccentricity":0.7935,"equivalent_diameter_m":2.783,"height_m":null,"height_reason":"unavailable","id":884,"low_confidence_reason":null,"perimeter_m":9.224,"shadow_length_m":null,"signals":{"separation":0.3291,"shadow":0.0,"shape":0.8982,"size":0.6669},"solidity":0.8529,"touches_edge":false},"type":"Feature"},{"geometry":{"coordinates":[[[-5.9496626,39.92925],[-5.9496868,39.9292521],[-5.9497002,39.929287],[-5.949727,39.9292747],[-5.949735,39.9292808],[-5.9497404,39.9293096],[-5.9497163,39.9293446],[-5.9496948,39.9293487],[-5.9496841,39.9293405],[-5.949668,39.9293528],[-5.9496519,39.9293364],[-5.9496412,39.9293446],[-5.9496197,39.9293364],[-5.9496063,39.9293179],[-5.9496224,39.9292932],[-5.9496492,39.9292767],[-5.9496439,39.9292685],[-5.9496626,39.92925]]],"type":"Polygon"},"id":885,"properties":{"area_m2":79.474,"centroid_lonlat":[-5.949676,39.929306],"centroid_px":[395.512,562.897],"confidence":0.4009,"confidence_bucket":"low","detector_score":null,"eccentricity":0.3395,"equivalent_diameter_m":10.059,"height_m":null,"height_reason":"unavailable","id":885,"low_confidence_reason":"Low confidence: this crown is far larger or smaller than its neighbours, so it is likely merged with, or split from, another crown.","perimeter_m":41.379,"shadow_length_m":null,"signals":{"separation":0.583,"shadow":0.0,"shape":0.5833,"size":0.0},"solidity":0.8498,"touches_edge":false},"type":"Feature"},{"geometry":{"coordinates":[[[-5.9494856,39.9292829],[-5.9495205,39.929285],[-5.9495205,39.9293055],[-5.9495071,39.9293158],[-5.949491,39.9293158],[-5.9494776,39.9293055],[-5.9494776,39.9292891],[-5.9494856,39.9292829]]],"type":"Polygon"},"id":886,"properties":{"area_m2":11.953,"centroid_lonlat":[-5.9494993,39.9292982],"centroid_px":[428.439,564.772],"confidence":0.8847,"confidence_bucket":"high","detector_score":null,"eccentricity":0.2907,"equivalent_diameter_m":3.901,"height_m":null,"height_reason":"unavailable","id":886,"low_confidence_reason":null,"perimeter_m":11.481,"shadow_length_m":null,"signals":{"separation":0.7043,"shadow":0.0,"shape":1.0,"size":0.9269},"solidity":1.0,"touches_edge":false},"type":"Feature"},{"geometry":{"coordinates":[[[-5.94852,39.9292788],[-5.9485307,39.929287],[-5.9485468,39.9292788],[-5.9485549,39.929285],[-5.9485549,39.9293014],[-5.9485468,39.9293076],[-5.9485254,39.9293117],[-5.948512,39.9293014],[-5.9485066,39.929285],[-5.94852,39.9292788]]],"type":"Polygon"},"id":887,"properties":{"area_m2":10.694,"centroid_lonlat":[-5.948532,39.9292952],"centroid_px":[608.765,565.51],"confidence":0.6895,"confidence_bucket":"medium","detector_score":null,"eccentricity":0.5589,"equivalent_diameter_m":3.69,"height_m":null,"height_reason":"unavailable","id":887,"low_confidence_reason":null,"perimeter_m":12.54,"shadow_length_m":null,"signals":{"separation":0.2482,"shadow":0.0,"shape":0.8546,"size":0.9326},"solidity":0.8361,"touches_edge":false},"type":"Feature"},{"geometry":{"coordinates":[[[-5.9502634,39.9292706],[-5.9502849,39.9292706],[-5.9502983,39.9292808],[-5.9502983,39.9292973],[-5.9502849,39.9293076],[-5.9502634,39.9293076],[-5.95025,39.9292973],[-5.95025,39.9292808],[-5.9502634,39.9292706]]],"type":"Polygon"},"id":888,"properties":{"area_m2":14.469,"centroid_lonlat":[-5.9502742,39.9292891],"centroid_px":[284.0,567.0],"confidence":0.7502,"confidence_bucket":"high","detector_score":null,"eccentricity":0.0,"equivalent_diameter_m":4.292,"height_m":null,"height_reason":"unavailable","id":888,"low_confidence_reason":null,"perimeter_m":12.508,"shadow_length_m":null,"signals":{"separation":0.8535,"shadow":0.0,"shape":1.0,"size":0.3472},"solidity":1.0,"touches_edge":false},"type":"Feature"},{"geometry":{"coordinates":[[[-5.9513739,39.9292706],[-5.951398,39.9292891],[-5.9513792,39.9292994],[-5.9513658,39.9292808],[-5.9513739,39.9292706]]],"type":"Polygon"},"id":889,"properties":{"area_m2":4.404,"centroid_lonlat":[-5.9513803,39.9292854],"centroid_px":[77.81,567.905],"confidence":0.5779,"confidence_bucket":"medium","detector_score":null,"eccentricity":0.81,"equivalent_diameter_m":2.368,"height_m":null,"height_reason":"unavailable","id":889,"low_confidence_reason":null,"perimeter_m":7.392,"shadow_length_m":null,"signals":{"separation":0.3868,"shadow":0.0,"shape":1.0,"size":0.2625},"solidity":0.875,"touches_edge":false},"type":"Feature"},{"geometry":{"coordinates":[[[-5.9489921,39.9292623],[-5.9490108,39.9292767],[-5.9489948,39.9292932],[-5.9489948,39.9293096],[-5.9489813,39.9293117],[-5.9489572,39.9292973],[-5.9489518,39.9292767],[-5.9489653,39.9292665],[-5.9489921,39.9292623]]],"type":"Polygon"},"id":890,"properties":{"area_m2":17.405,"centroid_lonlat":[-5.9489807,39.9292848],"centroid_px":[525.12,568.048],"confidence":0.7236,"confidence_bucket":"high","detector_score":null,"eccentricity":0.5576,"equivalent_diameter_m":4.707,"height_m":null,"height_reason":"unavailable","id":890,"low_confidence_reason":null,"perimeter_m":16.282,"shadow_length_m":null,"signals":{"separation":0.5503,"shadow":0.0,"shape":0.825,"size":0.7752},"solidity":0.8646,"touches_edge":false},"type":"Feature"},{"geometry":{"coordinates":[[[-5.9517387,39.9292706],[-5.9517467,39.9292767],[-5.951744,39.9292994],[-5.9517145,39.9292891],[-5.9517387,39.9292706]]],"type":"Polygon"},"id":891,"properties":{"area_m2":5.242,"centroid_lonlat":[-5.9517337,39.9292864],"centroid_px":[11.92,567.64],"confidence":0.7599,"confidence_bucket":"high","detector_score":null,"eccentricity":0.6548,"equivalent_diameter_m":2.584,"height_m":null,"height_reason":"unavailable","id":891,"low_confidence_reason":null,"perimeter_m":8.481,"shadow_length_m":null,"signals":{"separation":0.5013,"shadow":0.0,"shape":0.9159,"size":0.8314},"solidity":0.8929,"touches_edge":false},"type":"Feature"},{"geometry":{"coordinates":[[[-5.9507892,39.9292541],[-5.9508133,39.9292603],[-5.9508133,39.9292767],[-5.9507999,39.929287],[-5.9507892,39.929287],[-5.9507704,39.9292726],[-5.9507892,39.9292541]]],"type":"Polygon"},"id":892,"properties":{"area_m2":9.646,"centroid_lonlat":[-5.950795,39.9292702],"centroid_px":[186.913,571.587],"confidence":0.7469,"confidence_bucket":"high","detector_score":null,"eccentricity":0.513,"equivalent_diameter_m":3.505,"height_m":null,"height_reason":"unavailable","id":892,"low_confidence_reason":null,"perimeter_m":10.408,"shadow_length_m":null,"signals":{"separation":0.5844,"shadow":0.0,"shape":1.0,"size":0.6057},"solidity":0.9787,"touches_edge":false},"type":"Feature"},{"geometry":{"coordinates":[[[-5.9484878,39.9292623],[-5.948512,39.9292726],[-5.9485093,39.9292911],[-5.9484825,39.9292911],[-5.948469,39.9292808],[-5.9484878,39.9292623]]],"type":"Polygon"},"id":893,"properties":{"area_m2":8.388,"centroid_lonlat":[-5.9484926,39.9292781],"centroid_px":[616.1,569.675],"confidence":0.698,"confidence_bucket":"medium","detector_score":null,"eccentricity":0.2144,"equivalent_diameter_m":3.268,"height_m":null,"height_reason":"unavailable","id":893,"low_confidence_reason":null,"perimeter_m":10.787,"shadow_length_m":null,"signals":{"separation":0.5605,"shadow":0.0,"shape":0.9058,"size":0.5862},"solidity":0.9302,"touches_edge":false},"type":"Feature"},{"geometry":{"coordinates":[[[-5.9500864,39.92925],[-5.9501079,39.92925],[-5.9501213,39.9292603],[-5.9501025,39.9292829],[-5.950073,39.9292726],[-5.950073,39.9292603],[-5.9500864,39.92925]]],"type":"Polygon"},"id":894,"properties":{"area_m2":11.533,"centroid_lonlat":[-5.9500961,39.9292656],"centroid_px":[317.2,572.709],"confidence":0.9079,"confidence_bucket":"high","detector_score":null,"eccentricity":0.4616,"equivalent_diameter_m":3.832,"height_m":null,"height_reason":"unavailable","id":894,"low_confidence_reason":null,"perimeter_m":11.323,"shadow_length_m":null,"signals":{"separation":0.717,"shadow":0.0,"shape":1.0,"size":0.9882},"solidity":0.9649,"touches_edge":false},"type":"Feature"},{"geometry":{"coordinates":[[[-5.9495017,39.9292459],[-5.9495258,39.9292644],[-5.9495124,39.9292829],[-5.949491,39.9292829],[-5.9494829,39.9292767],[-5.9494829,39.9292562],[-5.9495017,39.9292459]]],"type":"Polygon"},"id":895,"properties":{"area_m2":11.533,"centroid_lonlat":[-5.9495025,39.9292663],"centroid_px":[427.855,572.527],"confidence":0.8829,"confidence_bucket":"high","detector_score":null,"eccentricity":0.4555,"equivalent_diameter_m":3.832,"height_m":null,"height_reason":"unavailable","id":895,"low_confidence_reason":null,"perimeter_m":11.592,"shadow_length_m":null,"signals":{"separation":0.676,"shadow":0.0,"shape":1.0,"size":0.9494},"solidity":0.9483,"touches_edge":false},"type":"Feature"},{"geometry":{"coordinates":[[[-5.950757,39.9292459],[-5.9507811,39.9292562],[-5.9507811,39.9292644],[-5.9507623,39.9292788],[-5.9507436,39.9292644],[-5.950757,39.9292459]]],"type":"Polygon"},"id":896,"properties":{"area_m2":7.759,"centroid_lonlat":[-5.9507631,39.9292617],"centroid_px":[192.865,573.649],"confidence":0.8163,"confidence_bucket":"high","detector_score":null,"eccentricity":0.6484,"equivalent_diameter_m":3.143,"height_m":null,"height_reason":"unavailable","id":896,"low_confidence_reason":null,"perimeter_m":9.871,"shadow_length_m":null,"signals":{"separation":0.4121,"shadow":0.0,"shape":1.0,"size":0.9999},"solidity":0.925,"touches_edge":false},"type":"Feature"},{"geometry":{"coordinates":[[[-5.9492013,39.9292047],[-5.9492174,39.9292047],[-5.9492147,39.9292109],[-5.9492415,39.9292233],[-5.9492308,39.9292356],[-5.9492683,39.9292603],[-5.9492683,39.9292767],[-5.9492549,39.929287],[-5.9492442,39.9292829],[-5.9492067,39.9293117],[-5.9491906,39.9293076],[-5.9491396,39.9292685],[-5.9491503,39.9292562],[-5.9491503,39.9292315],[-5.9491745,39.9292212],[-5.9491906,39.9292335],[-5.9491986,39.9292274],[-5.9491825,39.929215],[-5.9492013,39.9292047]]],"type":"Polygon"},"id":897,"properties":{"area_m2":76.538,"centroid_lonlat":[-5.9492025,39.9292595],"centroid_px":[483.775,574.197],"confidence":0.2025,"confidence_bucket":"low","detector_score":null,"eccentricity":0.4377,"equivalent_diameter_m":9.872,"height_m":null,"height_reason":"unavailable","id":897,"low_confidence_reason":"Low confidence: this crown is far larger or smaller than its neighbours, so it is likely merged with, or split from, another crown.","perimeter_m":47.256,"shadow_length_m":null,"signals":{"separation":0.1312,"shadow":0.0,"shape":0.4307,"size":0.0},"solidity":0.8488,"touches_edge":false},"type":"Feature"},{"geometry":{"coordinates":[[[-5.950698,39.9292171],[-5.9507114,39.9292479],[-5.9506872,39.9292665],[-5.9506792,39.9292521],[-5.9506845,39.9292274],[-5.950698,39.9292171]]],"type":"Polygon"},"id":898,"properties":{"area_m2":8.178,"centroid_lonlat":[-5.9506936,39.9292433],"centroid_px":[205.821,578.128],"confidence":0.6592,"confidence_bucket":"medium","detector_score":null,"eccentricity":0.9092,"equivalent_diameter_m":3.227,"height_m":null,"height_reason":"unavailable","id":898,"low_confidence_reason":null,"perimeter_m":11.971,"shadow_length_m":null,"signals":{"separation":0.2838,"shadow":0.0,"shape":0.7171,"size":0.9649},"solidity":0.8667,"touches_edge":false},"type":"Feature"},{"geometry":{"coordinates":[[[-5.9503224,39.9292418],[-5.9503305,39.9292521],[-5.9503198,39.9292603],[-5.9503251,39.9292685],[-5.9503117,39.9292747],[-5.9502983,39.9292644],[-5.9502983,39.9292521],[-5.9503224,39.9292418]]],"type":"Polygon"},"id":899,"properties":{"area_m2":6.291,"centroid_lonlat":[-5.9503135,39.9292582],"centroid_px":[276.667,574.5],"confidence":0.6412,"confidence_bucket":"medium","detector_score":null,"eccentricity":0.7403,"equivalent_diameter_m":2.83,"height_m":null,"height_reason":"unavailable","id":899,"low_confidence_reason":null,"perimeter_m":9.492,"shadow_length_m":null,"signals":{"separation":0.3236,"shadow":0.0,"shape":0.8774,"size":0.6753},"solidity":0.8333,"touches_edge":false},"type":"Feature"},{"geometry":{"coordinates":[[[-5.9498879,39.9292335],[-5.9499094,39.9292335],[-5.9499228,39.9292438],[-5.9499174,39.9292562],[-5.9498987,39.9292665],[-5.9498745,39.9292521],[-5.9498879,39.9292335]]],"type":"Polygon"},"id":900,"properties":{"area_m2":10.694,"centroid_lonlat":[-5.9498982,39.9292482],"centroid_px":[354.078,576.941],"confidence":0.9061,"confidence_bucket":"high","detector_score":null,"eccentricity":0.5056,"equivalent_diameter_m":3.69,"height_m":null,"height_reason":"unavailable","id":900,"low_confidence_reason":null,"perimeter_m":11.055,"shadow_length_m":null,"signals":{"separation":0.7446,"shadow":0.0,"shape":1.0,"size":0.955},"solidity":0.9444,"touches_edge":false},"type":"Feature"},{"geometry":{"coordinates":[[[-5.9497002,39.9292418],[-5.9497243,39.9292479],[-5.9497136,39.9292726],[-5.949719,39.9292767],[-5.9497055,39.929287],[-5.9496975,39.929285],[-5.9496868,39.9292603],[-5.9497002,39.9292418]]],"type":"Polygon"},"id":901,"properties":{"area_m2":10.904,"centroid_lonlat":[-5.9497051,39.9292622],"centroid_px":[390.077,573.538],"confidence":0.7499,"confidence_bucket":"high","detector_score":null,"eccentricity":0.8321,"equivalent_diameter_m":3.726,"height_m":null,"height_reason":"unavailable","id":901,"low_confidence_reason":null,"perimeter_m":13.266,"shadow_length_m":null,"signals":{"separation":0.4916,"shadow":0.0,"shape":0.7786,"size":0.9738},"solidity":0.8667,"touches_edge":false},"type":"Feature"},{"geometry":{"coordinates":[[[-5.9487721,39.9292335],[-5.9487882,39.9292335],[-5.9487963,39.9292479],[-5.9487963,39.9292562],[-5.9487775,39.9292665],[-5.9487668,39.9292665],[-5.9487534,39.9292479],[-5.9487721,39.9292335]]],"type":"Polygon"},"id":902,"properties":{"area_m2":9.646,"centroid_lonlat":[-5.9487762,39.92925],"centroid_px":[563.239,576.5],"confidence":0.8539,"confidence_bucket":"high","detector_score":null,"eccentricity":0.4966,"equivalent_diameter_m":3.505,"height_m":null,"height_reason":"unavailable","id":902,"low_confidence_reason":null,"perimeter_m":10.676,"shadow_length_m":null,"signals":{"separation":0.5844,"shadow":0.0,"shape":1.0,"size":0.9481},"solidity":0.9388,"touches_edge":false},"type":"Feature"},{"geometry":{"coordinates":[[[-5.9513953,39.9292294],[-5.9514168,39.9292294],[-5.9514248,39.9292356],[-5.9514195,39.9292562],[-5.9513953,39.9292665],[-5.9513819,39.9292521],[-5.9513953,39.9292294]]],"type":"Polygon"},"id":903,"properties":{"area_m2":10.275,"centroid_lonlat":[-5.9514035,39.9292463],"centroid_px":[73.469,577.388],"confidence":0.7138,"confidence_bucket":"high","detector_score":null,"eccentricity":0.6618,"equivalent_diameter_m":3.617,"height_m":null,"height_reason":"unavailable","id":903,"low_confidence_reason":null,"perimeter_m":11.971,"shadow_length_m":null,"signals":{"separation":0.5064,"shadow":0.0,"shape":0.901,"size":0.6965},"solidity":0.875,"touches_edge":false},"type":"Feature"},{"geometry":{"coordinates":[[[-5.9501186,39.9292294],[-5.9501508,39.9292294],[-5.9501588,39.9292356],[-5.9501588,39.9292521],[-5.9501454,39.9292623],[-5.950124,39.9292623],[-5.9501159,39.9292562],[-5.9501186,39.9292294]]],"type":"Polygon"},"id":904,"properties":{"area_m2":11.953,"centroid_lonlat":[-5.950137,39.9292451],"centroid_px":[309.579,577.684],"confidence":0.8408,"confidence_bucket":"high","detector_score":null,"eccentricity":0.2703,"equivalent_diameter_m":3.901,"height_m":null,"height_reason":"unavailable","id":904,"low_confidence_reason":null,"perimeter_m":12.508,"shadow_length_m":null,"signals":{"separation":0.664,"shadow":0.0,"shape":0.9601,"size":0.8743},"solidity":0.9661,"touches_edge":false},"type":"Feature"},{"geometry":{"coordinates":[[[-5.9488043,39.9292212],[-5.9488258,39.9292212],[-5.9488338,39.9292274],[-5.9488338,39.9292438],[-5.9488204,39.9292541],[-5.948799,39.9292582],[-5.9487909,39.9292315],[-5.9488043,39.9292212]]],"type":"Polygon"},"id":905,"properties":{"area_m2":11.743,"centroid_lonlat":[-5.9488125,39.9292378],"centroid_px":[556.482,579.464],"confidence":0.8941,"confidence_bucket":"high","detector_score":null,"eccentricity":0.5151,"equivalent_diameter_m":3.867,"height_m":null,"height_reason":"unavailable","id":905,"low_confidence_reason":null,"perimeter_m":11.765,"shadow_length_m":null,"signals":{"separation":0.6699,"shadow":0.0,"shape":1.0,"size":0.9913},"solidity":0.9492,"touches_edge":false},"type":"Feature"},{"geometry":{"coordinates":[[[-5.9507141,39.9292047],[-5.9507275,39.9292315],[-5.9507355,39.9292377],[-5.9507489,39.9292315],[-5.9507489,39.9292397],[-5.9507301,39.92925],[-5.9507087,39.9292459],[-5.9507006,39.9292315],[-5.9507006,39.929215],[-5.9507141,39.9292047]]],"type":"Polygon"},"id":906,"properties":{"area_m2":10.485,"centroid_lonlat":[-5.9507194,39.929231],"centroid_px":[201.0,581.12],"confidence":0.4959,"confidence_bucket":"medium","detector_score":null,"eccentricity":0.8121,"equivalent_diameter_m":3.654,"height_m":null,"height_reason":"unavailable","id":906,"low_confidence_reason":null,"perimeter_m":14.45,"shadow_length_m":null,"signals":{"separation":0.2507,"shadow":0.0,"shape":0.631,"size":0.5789},"solidity":0.7463,"touches_edge":false},"type":"Feature"},{"geometry":{"coordinates":[[[-5.9494427,39.9292253],[-5.9494695,39.9292253],[-5.9494722,39.9292315],[-5.9494534,39.9292418],[-5.9494427,39.9292253]]],"type":"Polygon"},"id":907,"properties":{"area_m2":3.355,"centroid_lonlat":[-5.9494568,39.9292315],"centroid_px":[436.375,581.0],"confidence":0.7261,"confidence_bucket":"high","detector_score":null,"eccentricity":0.7664,"equivalent_diameter_m":2.067,"height_m":null,"height_reason":"unavailable","id":907,"low_confidence_reason":null,"perimeter_m":6.159,"shadow_length_m":null,"signals":{"separation":0.4431,"shadow":0.0,"shape":1.0,"size":0.6805},"solidity":0.8889,"touches_edge":false},"type":"Feature"},{"geometry":{"coordinates":[[[-5.9487292,39.9292171],[-5.9487507,39.9292171],[-5.9487641,39.9292274],[-5.9487641,39.9292397],[-5.9487507,39.9292541],[-5.9487158,39.9292438],[-5.9487158,39.9292274],[-5.9487292,39.9292171]]],"type":"Polygon"},"id":908,"properties":{"area_m2":13.001,"centroid_lonlat":[-5.9487399,39.9292341],"centroid_px":[570.016,580.371],"confidence":0.7725,"confidence_bucket":"high","detector_score":null,"eccentricity":0.3942,"equivalent_diameter_m":4.069,"height_m":null,"height_reason":"unavailable","id":908,"low_confidence_reason":null,"perimeter_m":12.887,"shadow_length_m":null,"signals":{"separation":0.5033,"shadow":0.0,"shape":0.9838,"size":0.7881},"solidity":0.9254,"touches_edge":false},"type":"Feature"},{"geometry":{"coordinates":[[[-5.9485468,39.9292171],[-5.9485602,39.9292233],[-5.9485602,39.9292438],[-5.9485522,39.92925],[-5.9485388,39.9292274],[-5.9485468,39.9292171]]],"type":"Polygon"},"id":909,"properties":{"area_m2":4.404,"centroid_lonlat":[-5.9485509,39.9292319],"centroid_px":[605.238,580.905],"confidence":0.5667,"confidence_bucket":"medium","detector_score":null,"eccentricity":0.9081,"equivalent_diameter_m":2.368,"height_m":null,"height_reason":"unavailable","id":909,"low_confidence_reason":null,"perimeter_m":7.281,"shadow_length_m":null,"signals":{"separation":0.3868,"shadow":0.0,"shape":1.0,"size":0.2267},"solidity":0.84,"touches_edge":false},"type":"Feature"},{"geometry":{"coordinates":[[[-5.9516421,39.9292047],[-5.9516528,39.929213],[-5.9516636,39.9292089],[-5.951677,39.9292191],[-5.951677,39.9292356],[-5.9516689,39.9292418],[-5.9516582,39.9292418],[-5.9516287,39.9292233],[-5.9516421,39.9292047]]],"type":"Polygon"},"id":910,"properties":{"area_m2":10.694,"centroid_lonlat":[-5.9516551,39.929224],"centroid_px":[26.569,582.824],"confidence":0.6923,"confidence_bucket":"medium","detector_score":null,"eccentricity":0.7219,"equivalent_diameter_m":3.69,"height_m":null,"height_reason":"unavailable","id":910,"low_confidence_reason":null,"perimeter_m":12.54,"shadow_length_m":null,"signals":{"separation":0.4964,"shadow":0.0,"shape":0.8546,"size":0.6935},"solidity":0.8793,"touches_edge":false},"type":"Feature"},{"geometry":{"coordinates":[[[-5.9483913,39.9291801],[-5.9484181,39.9292047],[-5.9484503,39.9291965],[-5.9484744,39.9292191],[-5.9484556,39.9292253],[-5.9484476,39.9292397],[-5.9484798,39.9292479],[-5.9484449,39.9292747],[-5.9484234,39.9292747],[-5.9484127,39.9292665],[-5.9483966,39.9292706],[-5.9483886,39.9292644],[-5.9483939,39.9292603],[-5.9483618,39.9292438],[-5.9483671,39.9292397],[-5.9483564,39.9292233],[-5.9483725,39.9292027],[-5.9483671,39.9291945],[-5.9483913,39.9291801]]],"type":"Polygon"},"id":911,"properties":{"area_m2":66.263,"centroid_lonlat":[-5.9484147,39.9292304],"centroid_px":[630.639,581.259],"confidence":0.3772,"confidence_bucket":"low","detector_score":null,"eccentricity":0.6383,"equivalent_diameter_m":9.185,"height_m":null,"height_reason":"unavailable","id":911,"low_confidence_reason":"Low confidence: this crown is far larger or smaller than its neighbours, so it is likely merged with, or split from, another crown.","perimeter_m":40.512,"shadow_length_m":null,"signals":{"separation":0.5982,"shadow":0.0,"shape":0.5074,"size":0.0},"solidity":0.8208,"touches_edge":false},"type":"Feature"},{"geometry":{"coordinates":[[[-5.9510145,39.9292212],[-5.9510279,39.9292274],[-5.9510145,39.9292377],[-5.9510064,39.9292315],[-5.9510145,39.9292212]]],"type":"Polygon"},"id":912,"properties":{"area_m2":2.097,"centroid_lonlat":[-5.9510161,39.9292286],"centroid_px":[145.7,581.7],"confidence":0.5818,"confidence_bucket":"medium","detector_score":null,"eccentricity":0.6164,"equivalent_diameter_m":1.634,"height_m":null,"height_reason":"unavailable","id":912,"low_confidence_reason":null,"perimeter_m":4.154,"shadow_length_m":null,"signals":{"separation":0.5605,"shadow":0.0,"shape":1.0,"size":0.1012},"solidity":1.0,"touches_edge":false},"type":"Feature"},{"geometry":{"coordinates":[[[-5.9501213,39.929215],[-5.9501401,39.9292089],[-5.9501588,39.9292274],[-5.9501079,39.9292294],[-5.9501266,39.9292191],[-5.9501213,39.929215]]],"type":"Polygon"},"id":913,"properties":{"area_m2":5.871,"centroid_lonlat":[-5.9501347,39.9292213],"centroid_px":[310.0,583.464],"confidence":0.6024,"confidence_bucket":"medium","detector_score":null,"eccentricity":0.747,"equivalent_diameter_m":2.734,"height_m":null,"height_reason":"unavailable","id":913,"low_confidence_reason":null,"perimeter_m":9.476,"shadow_length_m":null,"signals":{"separation":0.335,"shadow":0.0,"shape":0.8218,"size":0.6065},"solidity":0.8485,"touches_edge":false},"type":"Feature"},{"geometry":{"coordinates":[[[-5.9500864,39.9292006],[-5.9501106,39.9292233],[-5.9500971,39.9292377],[-5.9500757,39.9292377],[-5.9500623,39.9292274],[-5.9500864,39.9292006]]],"type":"Polygon"},"id":914,"properties":{"area_m2":10.065,"centroid_lonlat":[-5.9500862,39.9292225],"centroid_px":[319.042,583.188],"confidence":0.8758,"confidence_bucket":"high","detector_score":null,"eccentricity":0.4495,"equivalent_diameter_m":3.58,"height_m":null,"height_reason":"unavailable","id":914,"low_confidence_reason":null,"perimeter_m":11.435,"shadow_length_m":null,"signals":{"separation":0.7236,"shadow":0.0,"shape":0.9674,"size":0.9182},"solidity":0.9057,"touches_edge":false},"type":"Feature"},{"geometry":{"coordinates":[[[-5.9509769,39.9292047],[-5.9509903,39.9292109],[-5.9509769,39.9292294],[-5.9509689,39.9292233],[-5.9509769,39.9292047]]],"type":"Polygon"},"id":915,"properties":{"area_m2":3.774,"centroid_lonlat":[-5.950979,39.9292162],"centroid_px":[152.611,584.722],"confidence":0.7009,"confidence_bucket":"high","detector_score":null,"eccentricity":0.7227,"equivalent_diameter_m":2.192,"height_m":null,"height_reason":"unavailable","id":915,"low_confidence_reason":null,"perimeter_m":5.986,"shadow_length_m":null,"signals":{"separation":0.4178,"shadow":0.0,"shape":1.0,"size":0.6252},"solidity":1.0,"touches_edge":false},"type":"Feature"},{"geometry":{"coordinates":[[[-5.9490752,39.9292027],[-5.9490994,39.9291924],[-5.9491181,39.9292068],[-5.9491181,39.9292233],[-5.9491101,39.9292294],[-5.9490886,39.9292294],[-5.9490752,39.9292191],[-5.9490752,39.9292027]]],"type":"Polygon"},"id":916,"properties":{"area_m2":12.372,"centroid_lonlat":[-5.9490965,39.929212],"centroid_px":[503.525,585.729],"confidence":0.8844,"confidence_bucket":"high","detector_score":null,"eccentricity":0.5489,"equivalent_diameter_m":3.969,"height_m":null,"height_reason":"unavailable","id":916,"low_confidence_reason":null,"perimeter_m":11.592,"shadow_length_m":null,"signals":{"separation":0.6923,"shadow":0.0,"shape":1.0,"size":0.9377},"solidity":1.0,"touches_edge":false},"type":"Feature"},{"geometry":{"coordinates":[[[-5.9490457,39.9291718],[-5.9490484,39.9291862],[-5.9490725,39.9291883],[-5.9490752,39.9291945],[-5.9490645,39.9292027],[-5.9490538,39.9292315],[-5.9490404,39.9292418],[-5.9490296,39.9292335],[-5.9490189,39.9292418],[-5.9489948,39.9292315],[-5.9489894,39.929215],[-5.9490108,39.9292027],[-5.9490108,39.9291903],[-5.9490457,39.9291718]]],"type":"Polygon"},"id":917,"properties":{"area_m2":32.293,"centroid_lonlat":[-5.9490319,39.92921],"centroid_px":[515.578,586.221],"confidence":0.4221,"confidence_bucket":"low","detector_score":null,"eccentricity":0.705,"equivalent_diameter_m":6.412,"height_m":null,"height_reason":"unavailable","id":917,"low_confidence_reason":"Low confidence: this crown is far larger or smaller than its neighbours, so it is likely merged with, or split from, another crown.","perimeter_m":24.59,"shadow_length_m":null,"signals":{"separation":0.515,"shadow":0.0,"shape":0.6711,"size":0.0305},"solidity":0.8415,"touches_edge":false},"type":"Feature"},{"geometry":{"coordinates":[[[-5.9516206,39.9291883],[-5.9516394,39.9292027],[-5.9516314,39.9292171],[-5.9516153,39.9292171],[-5.9516019,39.9292027],[-5.9516206,39.9291883]]],"type":"Polygon"},"id":918,"properties":{"area_m2":6.5,"centroid_lonlat":[-5.9516224,39.9292045],"centroid_px":[32.677,587.548],"confidence":0.8447,"confidence_bucket":"high","detector_score":null,"eccentricity":0.5593,"equivalent_diameter_m":2.877,"height_m":null,"height_reason":"unavailable","id":918,"low_confidence_reason":null,"perimeter_m":8.576,"shadow_length_m":null,"signals":{"separation":0.7118,"shadow":0.0,"shape":1.0,"size":0.7912},"solidity":0.9688,"touches_edge":false},"type":"Feature"},{"geometry":{"coordinates":[[[-5.9511647,39.929176],[-5.9511781,39.9291903],[-5.95117,39.9292089],[-5.9511513,39.9291903],[-5.9511647,39.929176]]],"type":"Polygon"},"id":919,"properties":{"area_m2":5.242,"centroid_lonlat":[-5.951166,39.9291923],"centroid_px":[117.76,590.52],"confidence":0.8036,"confidence_bucket":"high","detector_score":null,"eccentricity":0.8233,"equivalent_diameter_m":2.584,"height_m":null,"height_reason":"unavailable","id":919,"low_confidence_reason":null,"perimeter_m":7.928,"shadow_length_m":null,"signals":{"separation":0.5013,"shadow":0.0,"shape":1.0,"size":0.8703},"solidity":0.9259,"touches_edge":false},"type":"Feature"},{"geometry":{"coordinates":[[[-5.948461,39.9291718],[-5.9484851,39.9291821],[-5.9484851,39.9291986],[-5.9484771,39.9292047],[-5.948461,39.9292047],[-5.9484476,39.9291945],[-5.948461,39.9291718]]],"type":"Polygon"},"id":920,"properties":{"area_m2":8.807,"centroid_lonlat":[-5.9484681,39.9291887],"centroid_px":[620.667,591.405],"confidence":0.8332,"confidence_bucket":"high","detector_score":null,"eccentricity":0.5818,"equivalent_diameter_m":3.349,"height_m":null,"height_reason":"unavailable","id":920,"low_confidence_reason":null,"perimeter_m":10.408,"shadow_length_m":null,"signals":{"separation":0.547,"shadow":0.0,"shape":1.0,"size":0.9193},"solidity":0.9333,"touches_edge":false},"type":"Feature"},{"geometry":{"coordinates":[[[-5.9509394,39.9291677],[-5.9509635,39.929178],[-5.9509447,39.9292006],[-5.9509259,39.9291862],[-5.9509394,39.9291677]]],"type":"Polygon"},"id":921,"properties":{"area_m2":7.13,"centroid_lonlat":[-5.9509441,39.929183],"centroid_px":[159.118,592.794],"confidence":0.8675,"confidence_bucket":"high","detector_score":null,"eccentricity":0.5379,"equivalent_diameter_m":3.013,"height_m":null,"height_reason":"unavailable","id":921,"low_confidence_reason":null,"perimeter_m":9.224,"shadow_length_m":null,"signals":{"separation":0.6079,"shadow":0.0,"shape":1.0,"size":0.9679},"solidity":0.9189,"touches_edge":false},"type":"Feature"},{"geometry":{"coordinates":[[[-5.9492227,39.9291636],[-5.9492388,39.9291636],[-5.9492522,39.9291739],[-5.9492522,39.9291862],[-5.9492227,39.9292047],[-5.949204,39.9291821],[-5.9492093,39.9291698],[-5.9492174,39.9291718],[-5.9492227,39.9291636]]],"type":"Polygon"},"id":922,"properties":{"area_m2":12.162,"centroid_lonlat":[-5.9492288,39.9291826],"centroid_px":[478.862,592.879],"confidence":0.8227,"confidence_bucket":"high","detector_score":null,"eccentricity":0.5289,"equivalent_diameter_m":3.935,"height_m":null,"height_reason":"unavailable","id":922,"low_confidence_reason":null,"perimeter_m":13.456,"shadow_length_m":null,"signals":{"separation":0.6583,"shadow":0.0,"shape":0.8441,"size":0.9616},"solidity":0.8923,"touches_edge":false},"type":"Feature"},{"geometry":{"coordinates":[[[-5.9490564,39.9291718],[-5.9490752,39.929178],[-5.9490725,39.9291883],[-5.9490484,39.9291862],[-5.9490564,39.9291718]]],"type":"Polygon"},"id":923,"properties":{"area_m2":3.774,"centroid_lonlat":[-5.9490618,39.9291808],"centroid_px":[510.0,593.333],"confidence":0.6825,"confidence_bucket":"medium","detector_score":null,"eccentricity":0.6124,"equivalent_diameter_m":2.192,"height_m":null,"height_reason":"unavailable","id":923,"low_confidence_reason":null,"perimeter_m":5.874,"shadow_length_m":null,"signals":{"separation":0.4178,"shadow":0.0,"shape":1.0,"size":0.5664},"solidity":1.0,"touches_edge":false},"type":"Feature"},{"geometry":{"coordinates":[[[-5.9483993,39.9291821],[-5.9484503,39.929176],[-5.9484529,39.9291903],[-5.9484181,39.9292047],[-5.9483993,39.9291821]]],"type":"Polygon"},"id":924,"properties":{"area_m2":10.275,"centroid_lonlat":[-5.9484275,39.9291886],"centroid_px":[628.245,591.429],"confidence":0.8007,"confidence_bucket":"high","detector_score":null,"eccentricity":0.793,"equivalent_diameter_m":3.617,"height_m":null,"height_reason":"unavailable","id":924,"low_confidence_reason":null,"perimeter_m":11.86,"shadow_length_m":null,"signals":{"separation":0.5064,"shadow":0.0,"shape":0.918,"size":0.9542},"solidity":0.9074,"touches_edge":false},"type":"Feature"},{"geometry":{"coordinates":[[[-5.9497377,39.9291595],[-5.9497672,39.9291698],[-5.9497726,39.9291903],[-5.9497592,39.9292006],[-5.9497297,39.9291821],[-5.9497297,39.9291657],[-5.9497377,39.9291595]]],"type":"Polygon"},"id":925,"properties":{"area_m2":10.694,"centroid_lonlat":[-5.9497506,39.9291798],"centroid_px":[381.608,593.569],"confidence":0.8958,"confidence_bucket":"high","detector_score":null,"eccentricity":0.7478,"equivalent_diameter_m":3.69,"height_m":null,"height_reason":"unavailable","id":925,"low_confidence_reason":null,"perimeter_m":11.703,"shadow_length_m":null,"signals":{"separation":0.702,"shadow":0.0,"shape":0.9813,"size":0.987},"solidity":0.8947,"touches_edge":false},"type":"Feature"},{"geometry":{"coordinates":[[[-5.9493193,39.9291636],[-5.9493247,39.9291718],[-5.9493488,39.929178],[-5.9493408,39.9291883],[-5.9493166,39.9291821],[-5.9493193,39.9291636]]],"type":"Polygon"},"id":926,"properties":{"area_m2":4.194,"centroid_lonlat":[-5.9493311,39.9291776],"centroid_px":[459.8,594.1],"confidence":0.6318,"confidence_bucket":"medium","detector_score":null,"eccentricity":0.8368,"equivalent_diameter_m":2.311,"height_m":null,"height_reason":"unavailable","id":926,"low_confidence_reason":null,"perimeter_m":6.98,"shadow_length_m":null,"signals":{"separation":0.3963,"shadow":0.0,"shape":1.0,"size":0.4254},"solidity":0.7692,"touches_edge":false},"type":"Feature"},{"geometry":{"coordinates":[[[-5.9491745,39.9291472],[-5.9492093,39.9291698],[-5.9492013,39.9291883],[-5.9491906,39.9291883],[-5.9491664,39.9291616],[-5.9491771,39.9291533],[-5.9491745,39.9291472]]],"type":"Polygon"},"id":927,"properties":{"area_m2":8.807,"centroid_lonlat":[-5.9491895,39.9291692],"centroid_px":[486.19,596.143],"confidence":0.674,"confidence_bucket":"medium","detector_score":null,"eccentricity":0.8753,"equivalent_diameter_m":3.349,"height_m":null,"height_reason":"unavailable","id":927,"low_confidence_reason":null,"perimeter_m":11.513,"shadow_length_m":null,"signals":{"separation":0.3868,"shadow":0.0,"shape":0.8349,"size":0.7681},"solidity":0.8571,"touches_edge":false},"type":"Feature"},{"geometry":{"coordinates":[[[-5.9516957,39.9291472],[-5.9517118,39.9291513],[-5.9517252,39.9291657],[-5.9517172,39.9291842],[-5.9516877,39.9291739],[-5.9516823,39.9291574],[-5.9516957,39.9291472]]],"type":"Polygon"},"id":928,"properties":{"area_m2":9.856,"centroid_lonlat":[-5.9517045,39.9291658],"centroid_px":[17.362,596.957],"confidence":0.741,"confidence_bucket":"high","detector_score":null,"eccentricity":0.7056,"equivalent_diameter_m":3.542,"height_m":null,"height_reason":"unavailable","id":928,"low_confidence_reason":null,"perimeter_m":12.082,"shadow_length_m":null,"signals":{"separation":0.5781,"shadow":0.0,"shape":0.8484,"size":0.7751},"solidity":0.8868,"touches_edge":false},"type":"Feature"},{"geometry":{"coordinates":[[[-5.9516421,39.9291472],[-5.9516609,39.9291533],[-5.9516421,39.929176],[-5.9516019,39.9291533],[-5.9516314,39.9291554],[-5.9516421,39.9291472]]],"type":"Polygon"},"id":929,"properties":{"area_m2":8.597,"centroid_lonlat":[-5.9516345,39.9291598],"centroid_px":[30.415,598.415],"confidence":0.6896,"confidence_bucket":"medium","detector_score":null,"eccentricity":0.79,"equivalent_diameter_m":3.309,"height_m":null,"height_reason":"unavailable","id":929,"low_confidence_reason":null,"perimeter_m":12.35,"shadow_length_m":null,"signals":{"separation":0.3915,"shadow":0.0,"shape":0.7083,"size":0.9654},"solidity":0.8367,"touches_edge":false},"type":"Feature"},{"geometry":{"coordinates":[[[-5.950537,39.9291513],[-5.9505531,39.9291513],[-5.9505665,39.9291616],[-5.9505424,39.9291801],[-5.9505236,39.9291698],[-5.950537,39.9291513]]],"type":"Polygon"},"id":930,"properties":{"area_m2":7.549,"centroid_lonlat":[-5.9505451,39.9291645],"centroid_px":[233.5,597.278],"confidence":0.851,"confidence_bucket":"high","detector_score":null,"eccentricity":0.594,"equivalent_diameter_m":3.1,"height_m":null,"height_reason":"unavailable","id":930,"low_confidence_reason":null,"perimeter_m":9.871,"shadow_length_m":null,"signals":{"separation":0.5908,"shadow":0.0,"shape":0.9736,"size":0.964},"solidity":0.9,"touches_edge":false},"type":"Feature"},{"geometry":{"coordinates":[[[-5.948402,39.929143],[-5.9484234,39.929143],[-5.9484342,39.9291513],[-5.9484556,39.929143],[-5.9484583,39.9291533],[-5.948469,39.9291574],[-5.948469,39.9291698],[-5.9484503,39.9291718],[-5.9484395,39.9291636],[-5.9484449,39.929176],[-5.948402,39.9291801],[-5.9483886,39.9291657],[-5.9483886,39.9291533],[-5.948402,39.929143]]],"type":"Polygon"},"id":931,"properties":{"area_m2":21.179,"centroid_lonlat":[-5.9484252,39.929161],"centroid_px":[628.673,598.129],"confidence":0.3626,"confidence_bucket":"low","detector_score":null,"eccentricity":0.8143,"equivalent_diameter_m":5.193,"height_m":null,"height_reason":"unavailable","id":931,"low_confidence_reason":"Low confidence: this crown is far larger or smaller than its neighbours, so it is likely merged with, or split from, another crown.","perimeter_m":20.42,"shadow_length_m":null,"signals":{"separation":0.3944,"shadow":0.0,"shape":0.6383,"size":0.0},"solidity":0.8632,"touches_edge":false},"type":"Feature"},{"geometry":{"coordinates":[[[-5.9503171,39.9291389],[-5.9503466,39.9291574],[-5.9503278,39.929176],[-5.9503117,39.929176],[-5.9502983,39.9291616],[-5.9503037,39.9291451],[-5.9503171,39.9291389]]],"type":"Polygon"},"id":932,"properties":{"area_m2":10.904,"centroid_lonlat":[-5.950321,39.9291589],"centroid_px":[275.269,598.654],"confidence":0.8579,"confidence_bucket":"high","detector_score":null,"eccentricity":0.4234,"equivalent_diameter_m":3.726,"height_m":null,"height_reason":"unavailable","id":932,"low_confidence_reason":null,"perimeter_m":11.703,"shadow_length_m":null,"signals":{"separation":0.6952,"shadow":0.0,"shape":1.0,"size":0.8501},"solidity":0.8966,"touches_edge":false},"type":"Feature"},{"geometry":{"coordinates":[[[-5.9492496,39.9291389],[-5.949271,39.9291389],[-5.9492791,39.9291451],[-5.9492791,39.9291698],[-5.9492657,39.929176],[-5.9492549,39.929176],[-5.9492362,39.9291616],[-5.9492496,39.9291389]]],"type":"Polygon"},"id":933,"properties":{"area_m2":10.694,"centroid_lonlat":[-5.9492599,39.929157],"centroid_px":[473.078,599.118],"confidence":0.7731,"confidence_bucket":"high","detector_score":null,"eccentricity":0.63,"equivalent_diameter_m":3.69,"height_m":null,"height_reason":"unavailable","id":933,"low_confidence_reason":null,"perimeter_m":12.619,"shadow_length_m":null,"signals":{"separation":0.4964,"shadow":0.0,"shape":0.844,"size":0.9649},"solidity":0.8793,"touches_edge":false},"type":"Feature"},{"geometry":{"coordinates":[[[-5.9509823,39.9291389],[-5.951001,39.9291492],[-5.950985,39.9291616],[-5.9509876,39.9291718],[-5.9509635,39.9291616],[-5.9509635,39.9291451],[-5.9509715,39.9291472],[-5.9509823,39.9291389]]],"type":"Polygon"},"id":934,"properties":{"area_m2":7.13,"centroid_lonlat":[-5.9509794,39.929155],"centroid_px":[152.529,599.588],"confidence":0.7382,"confidence_bucket":"high","detector_score":null,"eccentricity":0.616,"equivalent_diameter_m":3.013,"height_m":null,"height_reason":"unavailable","id":934,"low_confidence_reason":null,"perimeter_m":10.692,"shadow_length_m":null,"signals":{"separation":0.4299,"shadow":0.0,"shape":0.7837,"size":0.992},"solidity":0.8095,"touches_edge":false},"type":"Feature"},{"geometry":{"coordinates":[[[-5.948461,39.9291348],[-5.9484798,39.9291492],[-5.9484717,39.9291554],[-5.9484583,39.9291533],[-5.9484529,39.929141],[-5.948461,39.9291348]]],"type":"Polygon"},"id":935,"properties":{"area_m2":3.145,"centroid_lonlat":[-5.9484656,39.9291459],"centroid_px":[621.133,601.8],"confidence":0.5339,"confidence_bucket":"medium","detector_score":null,"eccentricity":0.7774,"equivalent_diameter_m":2.001,"height_m":null,"height_reason":"unavailable","id":935,"low_confidence_reason":null,"perimeter_m":6.08,"shadow_length_m":null,"signals":{"separation":0.4576,"shadow":0.0,"shape":1.0,"size":0.0508},"solidity":0.8824,"touches_edge":false},"type":"Feature"},{"geometry":{"coordinates":[[[-5.9504673,39.9291307],[-5.9504914,39.9291369],[-5.9504887,39.9291677],[-5.9504673,39.9291677],[-5.9504539,39.9291574],[-5.9504539,39.929141],[-5.9504673,39.9291307]]],"type":"Polygon"},"id":936,"properties":{"area_m2":10.694,"centroid_lonlat":[-5.9504729,39.9291498],"centroid_px":[246.961,600.863],"confidence":0.6374,"confidence_bucket":"medium","detector_score":null,"eccentricity":0.6496,"equivalent_diameter_m":3.69,"height_m":null,"height_reason":"unavailable","id":936,"low_confidence_reason":null,"perimeter_m":11.971,"shadow_length_m":null,"signals":{"separation":0.4964,"shadow":0.0,"shape":0.9378,"size":0.4179},"solidity":0.9107,"touches_edge":false},"type":"Feature"},{"geometry":{"coordinates":[[[-5.9493354,39.9291307],[-5.9493569,39.9291307],[-5.9493703,39.9291492],[-5.9493515,39.929176],[-5.949322,39.9291698],[-5.9493166,39.9291492],[-5.9493354,39.9291307]]],"type":"Polygon"},"id":937,"properties":{"area_m2":15.937,"centroid_lonlat":[-5.9493429,39.9291522],"centroid_px":[457.592,600.263],"confidence":0.6735,"confidence_bucket":"medium","detector_score":null,"eccentricity":0.6419,"equivalent_diameter_m":4.505,"height_m":null,"height_reason":"unavailable","id":937,"low_confidence_reason":null,"perimeter_m":14.719,"shadow_length_m":null,"signals":{"separation":0.6429,"shadow":0.0,"shape":0.9244,"size":0.4031},"solidity":0.8941,"touches_edge":false},"type":"Feature"},{"geometry":{"coordinates":[[[-5.9492067,39.9291348],[-5.9492254,39.9291451],[-5.9492254,39.9291616],[-5.9492174,39.9291677],[-5.9491879,39.9291574],[-5.9491879,39.9291492],[-5.9492067,39.9291348]]],"type":"Polygon"},"id":938,"properties":{"area_m2":8.388,"centroid_lonlat":[-5.9492084,39.9291524],"centroid_px":[482.675,600.225],"confidence":0.8154,"confidence_bucket":"high","detector_score":null,"eccentricity":0.3978,"equivalent_diameter_m":3.268,"height_m":null,"height_reason":"unavailable","id":938,"low_confidence_reason":null,"perimeter_m":9.76,"shadow_length_m":null,"signals":{"separation":0.6267,"shadow":0.0,"shape":1.0,"size":0.7827},"solidity":0.9524,"touches_edge":false},"type":"Feature"},{"geometry":{"coordinates":[[[-5.9492925,39.9291225],[-5.9493139,39.9291225],[-5.9493273,39.929141],[-5.9493139,39.9291595],[-5.9492871,39.9291554],[-5.9492818,39.9291677],[-5.9492737,39.9291492],[-5.9492791,39.9291328],[-5.9492925,39.9291225]]],"type":"Polygon"},"id":939,"properties":{"area_m2":15.098,"centroid_lonlat":[-5.9492999,39.9291421],"centroid_px":[465.625,602.736],"confidence":0.7429,"confidence_bucket":"high","detector_score":null,"eccentricity":0.6741,"equivalent_diameter_m":4.384,"height_m":null,"height_reason":"unavailable","id":939,"low_confidence_reason":null,"perimeter_m":14.434,"shadow_length_m":null,"signals":{"separation":0.6267,"shadow":0.0,"shape":0.9106,"size":0.6578},"solidity":0.8571,"touches_edge":false},"type":"Feature"},{"geometry":{"coordinates":[[[-5.949448,39.9291142],[-5.9494588,39.9291225],[-5.9494749,39.9291184],[-5.9495339,39.9291472],[-5.9495392,39.929143],[-5.9495634,39.9291657],[-5.9495687,39.9292027],[-5.9495285,39.9292418],[-5.9494963,39.92925],[-5.9494695,39.9292253],[-5.9494373,39.9292253],[-5.9494293,39.9292191],[-5.94944,39.9292068],[-5.9494185,39.9291903],[-5.9494239,39.9291698],[-5.94944,39.9291533],[-5.949448,39.9291142]]],"type":"Polygon"},"id":940,"properties":{"area_m2":123.719,"centroid_lonlat":[-5.949493,39.9291828],"centroid_px":[429.615,592.827],"confidence":0.3331,"confidence_bucket":"low","detector_score":null,"eccentricity":0.5534,"equivalent_diameter_m":12.551,"height_m":null,"height_reason":"unavailable","id":940,"low_confidence_reason":"Low confidence: this crown is far larger or smaller than its neighbours, so it is likely merged with, or split from, another crown.","perimeter_m":49.67,"shadow_length_m":null,"signals":{"separation":0.3096,"shadow":0.0,"shape":0.6302,"size":0.0},"solidity":0.8939,"touches_edge":false},"type":"Feature"},{"geometry":{"coordinates":[[[-5.9494212,39.9291142],[-5.9494454,39.9291204],[-5.9494373,39.9291472],[-5.9494266,39.9291472],[-5.9494185,39.9291369],[-5.9494212,39.9291142]]],"type":"Polygon"},"id":941,"properties":{"area_m2":6.5,"centroid_lonlat":[-5.9494309,39.9291297],"centroid_px":[441.194,605.742],"confidence":0.6084,"confidence_bucket":"medium","detector_score":null,"eccentricity":0.8454,"equivalent_diameter_m":2.877,"height_m":null,"height_reason":"unavailable","id":941,"low_confidence_reason":null,"perimeter_m":9.649,"shadow_length_m":null,"signals":{"separation":0.3183,"shadow":0.0,"shape":0.8774,"size":0.5757},"solidity":0.8857,"touches_edge":false},"type":"Feature"},{"geometry":{"coordinates":[[[-5.9485039,39.9291101],[-5.9485334,39.9291286],[-5.94852,39.9291472],[-5.9484959,39.929141],[-5.9484905,39.9291204],[-5.9485039,39.9291101]]],"type":"Polygon"},"id":942,"properties":{"area_m2":10.275,"centroid_lonlat":[-5.9485115,39.9291303],"centroid_px":[612.592,605.592],"confidence":0.8052,"confidence_bucket":"high","detector_score":null,"eccentricity":0.6435,"equivalent_diameter_m":3.617,"height_m":null,"height_reason":"unavailable","id":942,"low_confidence_reason":null,"perimeter_m":11.055,"shadow_length_m":null,"signals":{"separation":0.5064,"shadow":0.0,"shape":1.0,"size":0.8703},"solidity":0.9423,"touches_edge":false},"type":"Feature"},{"geometry":{"coordinates":[[[-5.9498075,39.9290484],[-5.9498343,39.9290608],[-5.9498557,39.9290567],[-5.9498638,39.9290628],[-5.9498423,39.9290793],[-5.9498477,39.9290957],[-5.9498879,39.9290978],[-5.949896,39.9291163],[-5.9498826,39.9291389],[-5.9498718,39.9291307],[-5.9498584,39.9291369],[-5.9498692,39.9291451],[-5.9498611,39.9291636],[-5.9498343,39.929176],[-5.9498182,39.9291677],[-5.9498021,39.9291801],[-5.9497806,39.9291636],[-5.9497699,39.9291718],[-5.9497485,39.9291636],[-5.9497511,39.9291574],[-5.9497136,39.9291328],[-5.9497136,39.9291163],[-5.9497645,39.9290731],[-5.9498075,39.9290484]]],"type":"Polygon"},"id":943,"properties":{"area_m2":137.769,"centroid_lonlat":[-5.9498044,39.929117],"centroid_px":[371.58,608.826],"confidence":0.4076,"confidence_bucket":"low","detector_score":null,"eccentricity":0.3689,"equivalent_diameter_m":13.244,"height_m":null,"height_reason":"unavailable","id":943,"low_confidence_reason":"Low confidence: this crown is far larger or smaller than its neighbours, so it is likely merged with, or split from, another crown.","perimeter_m":56.447,"shadow_length_m":null,"signals":{"separation":0.6524,"shadow":0.0,"shape":0.5434,"size":0.0},"solidity":0.8633,"touches_edge":false},"type":"Feature"},{"geometry":{"coordinates":[[[-5.9500542,39.9290978],[-5.9500891,39.929104],[-5.9500703,39.9291266],[-5.9500515,39.9291122],[-5.9500542,39.9290978]]],"type":"Polygon"},"id":944,"properties":{"area_m2":6.5,"centroid_lonlat":[-5.9500689,39.9291091],"centroid_px":[322.258,610.742],"confidence":0.7952,"confidence_bucket":"high","detector_score":null,"eccentricity":0.2702,"equivalent_diameter_m":2.877,"height_m":null,"height_reason":"unavailable","id":944,"low_confidence_reason":null,"perimeter_m":9.302,"shadow_length_m":null,"signals":{"separation":0.6367,"shadow":0.0,"shape":0.944,"size":0.7751},"solidity":0.8857,"touches_edge":false},"type":"Feature"},{"geometry":{"coordinates":[[[-5.9496331,39.9291081],[-5.9496573,39.9291019],[-5.9496707,39.9291163],[-5.9496626,39.9291348],[-5.9496465,39.9291348],[-5.9496331,39.9291245],[-5.9496331,39.9291081]]],"type":"Polygon"},"id":945,"properties":{"area_m2":9.227,"centroid_lonlat":[-5.949651,39.9291185],"centroid_px":[400.159,608.477],"confidence":0.8148,"confidence_bucket":"high","detector_score":null,"eccentricity":0.5752,"equivalent_diameter_m":3.427,"height_m":null,"height_reason":"unavailable","id":945,"low_confidence_reason":null,"perimeter_m":10.297,"shadow_length_m":null,"signals":{"separation":0.5975,"shadow":0.0,"shape":1.0,"size":0.8098},"solidity":0.9362,"touches_edge":false},"type":"Feature"},{"geometry":{"coordinates":[[[-5.9492496,39.9290731],[-5.9492576,39.929104],[-5.9492683,39.9291081],[-5.9492576,39.9291245],[-5.9492362,39.9291369],[-5.9492362,39.9291451],[-5.9492469,39.9291451],[-5.9492388,39.9291595],[-5.9492281,39.9291636],[-5.9492254,39.9291451],[-5.9492067,39.9291348],[-5.9491852,39.9291513],[-5.9491745,39.9291472],[-5.9491396,39.9291204],[-5.9491906,39.9290855],[-5.9492067,39.9290896],[-5.9492496,39.9290731]]],"type":"Polygon"},"id":946,"properties":{"area_m2":55.778,"centroid_lonlat":[-5.9492097,39.9291156],"centroid_px":[482.432,609.162],"confidence":0.3426,"confidence_bucket":"low","detector_score":null,"eccentricity":0.6564,"equivalent_diameter_m":8.427,"height_m":null,"height_reason":"unavailable","id":946,"low_confidence_reason":"Low confidence: this crown is far larger or smaller than its neighbours, so it is likely merged with, or split from, another crown.","perimeter_m":36.024,"shadow_length_m":null,"signals":{"separation":0.4481,"shadow":0.0,"shape":0.5401,"size":0.0},"solidity":0.8061,"touches_edge":false},"type":"Feature"},{"geometry":{"coordinates":[[[-5.9507623,39.929106],[-5.9507945,39.929106],[-5.9507972,39.9291204],[-5.9507623,39.9291266],[-5.9507543,39.9291204],[-5.9507623,39.929106]]],"type":"Polygon"},"id":947,"properties":{"area_m2":7.339,"centroid_lonlat":[-5.9507757,39.9291156],"centroid_px":[190.514,609.171],"confidence":0.7957,"confidence_bucket":"high","detector_score":null,"eccentricity":0.8119,"equivalent_diameter_m":3.057,"height_m":null,"height_reason":"unavailable","id":947,"low_confidence_reason":null,"perimeter_m":9.27,"shadow_length_m":null,"signals":{"separation":0.5992,"shadow":0.0,"shape":1.0,"size":0.747},"solidity":0.9722,"touches_edge":false},"type":"Feature"},{"geometry":{"coordinates":[[[-5.9504619,39.9291019],[-5.9504861,39.9291122],[-5.9504673,39.9291307],[-5.9504485,39.9291245],[-5.9504539,39.9291204],[-5.9504431,39.9291081],[-5.9504619,39.9291019]]],"type":"Polygon"},"id":948,"properties":{"area_m2":7.339,"centroid_lonlat":[-5.9504642,39.9291155],"centroid_px":[248.571,609.2],"confidence":0.7358,"confidence_bucket":"high","detector_score":null,"eccentricity":0.4657,"equivalent_diameter_m":3.057,"height_m":null,"height_reason":"unavailable","id":948,"low_confidence_reason":null,"perimeter_m":10.045,"shadow_length_m":null,"signals":{"separation":0.4237,"shadow":0.0,"shape":0.9141,"size":0.8338},"solidity":0.875,"touches_edge":false},"type":"Feature"},{"geometry":{"coordinates":[[[-5.9501079,39.9290937],[-5.9501293,39.9290937],[-5.9501427,39.929104],[-5.9501427,39.9291204],[-5.9501132,39.9291307],[-5.9500757,39.9291307],[-5.950073,39.9291204],[-5.9501079,39.9290937]]],"type":"Polygon"},"id":949,"properties":{"area_m2":17.195,"centroid_lonlat":[-5.9501115,39.9291128],"centroid_px":[314.329,609.854],"confidence":0.6936,"confidence_bucket":"medium","detector_score":null,"eccentricity":0.7967,"equivalent_diameter_m":4.679,"height_m":null,"height_reason":"unavailable","id":949,"low_confidence_reason":null,"perimeter_m":16.187,"shadow_length_m":null,"signals":{"separation":0.619,"shadow":0.0,"shape":0.8246,"size":0.6111},"solidity":0.8913,"touches_edge":false},"type":"Feature"},{"geometry":{"coordinates":[[[-5.9503332,39.9290855],[-5.9503546,39.9290855],[-5.9503627,39.9290957],[-5.9503493,39.9291225],[-5.9503332,39.9291225],[-5.9503198,39.9291122],[-5.9503198,39.9290957],[-5.9503332,39.9290855]]],"type":"Polygon"},"id":950,"properties":{"area_m2":11.953,"centroid_lonlat":[-5.9503403,39.9291031],"centroid_px":[271.667,612.211],"confidence":0.7857,"confidence_bucket":"high","detector_score":null,"eccentricity":0.5911,"equivalent_diameter_m":3.901,"height_m":null,"height_reason":"unavailable","id":950,"low_confidence_reason":null,"perimeter_m":11.86,"shadow_length_m":null,"signals":{"separation":0.664,"shadow":0.0,"shape":1.0,"size":0.6502},"solidity":0.9344,"touches_edge":false},"type":"Feature"},{"geometry":{"coordinates":[[[-5.9483376,39.9290813],[-5.9483457,39.9291081],[-5.9483698,39.9291101],[-5.9483832,39.9291204],[-5.9483832,39.9291369],[-5.9483752,39.929143],[-5.9483671,39.929141],[-5.9483644,39.9291266],[-5.9483537,39.9291389],[-5.9483376,39.9291348],[-5.9483323,39.9291225],[-5.9483108,39.9291225],[-5.9482974,39.9291122],[-5.948292,39.9290957],[-5.9483054,39.9290855],[-5.9483376,39.9290813]]],"type":"Polygon"},"id":951,"properties":{"area_m2":26.421,"centroid_lonlat":[-5.9483366,39.9291115],"centroid_px":[645.19,610.167],"confidence":0.2552,"confidence_bucket":"low","detector_score":null,"eccentricity":0.8939,"equivalent_diameter_m":5.8,"height_m":null,"height_reason":"unavailable","id":951,"low_confidence_reason":"Low confidence: this crown is far larger or smaller than its neighbours, so it is likely merged with, or split from, another crown.","perimeter_m":25.915,"shadow_length_m":null,"signals":{"separation":0.2233,"shadow":0.0,"shape":0.4944,"size":0.0},"solidity":0.7975,"touches_edge":false},"type":"Feature"},{"geometry":{"coordinates":[[[-5.948402,39.9290813],[-5.9484261,39.9290834],[-5.9484208,39.9290957],[-5.9484369,39.9291081],[-5.9484234,39.9291184],[-5.948402,39.9291184],[-5.9483886,39.9291081],[-5.9483886,39.9290916],[-5.948402,39.9290813]]],"type":"Polygon"},"id":952,"properties":{"area_m2":12.582,"centroid_lonlat":[-5.94841,39.9291005],"centroid_px":[631.5,612.85],"confidence":0.7655,"confidence_bucket":"high","detector_score":null,"eccentricity":0.566,"equivalent_diameter_m":4.002,"height_m":null,"height_reason":"unavailable","id":952,"low_confidence_reason":null,"perimeter_m":12.887,"shadow_length_m":null,"signals":{"separation":0.5117,"shadow":0.0,"shape":0.952,"size":0.7956},"solidity":0.9231,"touches_edge":false},"type":"Feature"},{"geometry":{"coordinates":[[[-5.9494212,39.9290813],[-5.9494561,39.9290875],[-5.9494561,39.929104],[-5.9494427,39.9291184],[-5.9494212,39.9291142],[-5.9494132,39.929104],[-5.9494078,39.9290916],[-5.9494212,39.9290813]]],"type":"Polygon"},"id":953,"properties":{"area_m2":11.323,"centroid_lonlat":[-5.9494327,39.929098],"centroid_px":[440.87,613.444],"confidence":0.7693,"confidence_bucket":"high","detector_score":null,"eccentricity":0.4669,"equivalent_diameter_m":3.797,"height_m":null,"height_reason":"unavailable","id":953,"low_confidence_reason":null,"perimeter_m":12.602,"shadow_length_m":null,"signals":{"separation":0.6822,"shadow":0.0,"shape":0.8959,"size":0.7044},"solidity":0.8571,"touches_edge":false},"type":"Feature"},{"geometry":{"coordinates":[[[-5.950816,39.9290649],[-5.9508294,39.9290711],[-5.9508348,39.9290875],[-5.9508294,39.9291122],[-5.9507999,39.9291225],[-5.9507945,39.929106],[-5.9507623,39.929106],[-5.9507596,39.9290998],[-5.9507784,39.929069],[-5.950816,39.9290649]]],"type":"Polygon"},"id":954,"properties":{"area_m2":26.841,"centroid_lonlat":[-5.9508011,39.929092],"centroid_px":[185.781,614.906],"confidence":0.4381,"confidence_bucket":"low","detector_score":null,"eccentricity":0.2928,"equivalent_diameter_m":5.846,"height_m":null,"height_reason":"unavailable","id":954,"low_confidence_reason":"Low confidence: this crown is far larger or smaller than its neighbours, so it is likely merged with, or split from, another crown.","perimeter_m":21.13,"shadow_length_m":null,"signals":{"separation":0.4954,"shadow":0.0,"shape":0.7555,"size":0.0},"solidity":0.8477,"touches_edge":false},"type":"Feature"},{"geometry":{"coordinates":[[[-5.9507301,39.9290731],[-5.9507436,39.9290752],[-5.9507489,39.9290957],[-5.9507141,39.9291101],[-5.950706,39.9290916],[-5.9507301,39.9290731]]],"type":"Polygon"},"id":955,"properties":{"area_m2":10.275,"centroid_lonlat":[-5.9507273,39.9290906],"centroid_px":[199.531,615.245],"confidence":0.6995,"confidence_bucket":"medium","detector_score":null,"eccentricity":0.7398,"equivalent_diameter_m":3.617,"height_m":null,"height_reason":"unavailable","id":955,"low_confidence_reason":null,"perimeter_m":11.971,"shadow_length_m":null,"signals":{"separation":0.5662,"shadow":0.0,"shape":0.901,"size":0.5911},"solidity":0.8909,"touches_edge":false},"type":"Feature"},{"geometry":{"coordinates":[[[-5.9505585,39.9290813],[-5.9505773,39.9290957],[-5.9505692,39.9291101],[-5.9505343,39.9290916],[-5.9505585,39.9290813]]],"type":"Polygon"},"id":956,"properties":{"area_m2":6.291,"centroid_lonlat":[-5.9505592,39.9290959],"centroid_px":[230.867,613.967],"confidence":0.7189,"confidence_bucket":"high","detector_score":null,"eccentricity":0.8061,"equivalent_diameter_m":2.83,"height_m":null,"height_reason":"unavailable","id":956,"low_confidence_reason":null,"perimeter_m":9.508,"shadow_length_m":null,"signals":{"separation":0.4576,"shadow":0.0,"shape":0.8744,"size":0.7935},"solidity":0.8824,"touches_edge":false},"type":"Feature"},{"geometry":{"coordinates":[[[-5.9504673,39.9290772],[-5.9504753,39.9290834],[-5.95047,39.9290998],[-5.9504405,39.929106],[-5.9504324,39.9290998],[-5.9504431,39.9290875],[-5.9504673,39.9290772]]],"type":"Polygon"},"id":957,"properties":{"area_m2":7.13,"centroid_lonlat":[-5.9504556,39.9290932],"centroid_px":[250.176,614.618],"confidence":0.7945,"confidence_bucket":"high","detector_score":null,"eccentricity":0.8088,"equivalent_diameter_m":3.013,"height_m":null,"height_reason":"unavailable","id":957,"low_confidence_reason":null,"perimeter_m":9.76,"shadow_length_m":null,"signals":{"separation":0.6079,"shadow":0.0,"shape":0.9405,"size":0.8059},"solidity":0.8947,"touches_edge":false},"type":"Feature"},{"geometry":{"coordinates":[[[-5.949271,39.9290525],[-5.9492844,39.9290875],[-5.9492603,39.929106],[-5.9492522,39.9290711],[-5.949271,39.9290525]]],"type":"Polygon"},"id":958,"properties":{"area_m2":10.275,"centroid_lonlat":[-5.9492664,39.9290799],"centroid_px":[471.857,617.857],"confidence":0.7047,"confidence_bucket":"high","detector_score":null,"eccentricity":0.9041,"equivalent_diameter_m":3.617,"height_m":null,"height_reason":"unavailable","id":958,"low_confidence_reason":null,"perimeter_m":12.413,"shadow_length_m":null,"signals":{"separation":0.5064,"shadow":0.0,"shape":0.838,"size":0.7431},"solidity":0.8596,"touches_edge":false},"type":"Feature"},{"geometry":{"coordinates":[[[-5.9508857,39.9290402],[-5.9509018,39.9290402],[-5.9509125,39.9290484],[-5.9509233,39.9290402],[-5.950942,39.9290587],[-5.9509367,39.9290628],[-5.9509689,39.9290793],[-5.9509689,39.9291081],[-5.9509608,39.9291142],[-5.9509233,39.9291225],[-5.9508911,39.9291101],[-5.9508803,39.9291142],[-5.9508535,39.9290937],[-5.9508401,39.9290916],[-5.9508508,39.9290669],[-5.9508857,39.9290402]]],"type":"Polygon"},"id":959,"properties":{"area_m2":67.941,"centroid_lonlat":[-5.9509088,39.9290831],"centroid_px":[165.698,617.065],"confidence":0.4785,"confidence_bucket":"medium","detector_score":null,"eccentricity":0.6685,"equivalent_diameter_m":9.301,"height_m":null,"height_reason":"unavailable","id":959,"low_confidence_reason":null,"perimeter_m":34.304,"shadow_length_m":null,"signals":{"separation":0.6606,"shadow":0.0,"shape":0.7255,"size":0.0},"solidity":0.9205,"touches_edge":false},"type":"Feature"},{"geometry":{"coordinates":[[[-5.9500703,39.9290567],[-5.9500811,39.929069],[-5.9501106,39.9290711],[-5.9500945,39.9290834],[-5.9500864,39.9291019],[-5.9500462,39.9290957],[-5.9500462,39.9290793],[-5.9500676,39.9290669],[-5.9500703,39.9290567]]],"type":"Polygon"},"id":960,"properties":{"area_m2":15.727,"centroid_lonlat":[-5.950075,39.929082],"centroid_px":[321.133,617.333],"confidence":0.5764,"confidence_bucket":"medium","detector_score":null,"eccentricity":0.6566,"equivalent_diameter_m":4.475,"height_m":null,"height_reason":"unavailable","id":960,"low_confidence_reason":null,"perimeter_m":16.534,"shadow_length_m":null,"signals":{"separation":0.614,"shadow":0.0,"shape":0.7229,"size":0.363},"solidity":0.8152,"touches_edge":false},"type":"Feature"},{"geometry":{"coordinates":[[[-5.9498557,39.9290731],[-5.9498665,39.9290813],[-5.9498718,39.9290772],[-5.9498906,39.9290957],[-5.9498504,39.9290978],[-5.9498423,39.9290793],[-5.9498557,39.9290731]]],"type":"Polygon"},"id":961,"properties":{"area_m2":7.13,"centroid_lonlat":[-5.9498649,39.929088],"centroid_px":[360.294,615.882],"confidence":0.6484,"confidence_bucket":"medium","detector_score":null,"eccentricity":0.8009,"equivalent_diameter_m":3.013,"height_m":null,"height_reason":"unavailable","id":961,"low_confidence_reason":null,"perimeter_m":10.391,"shadow_length_m":null,"signals":{"separation":0.304,"shadow":0.0,"shape":0.8297,"size":0.7752},"solidity":0.85,"touches_edge":false},"type":"Feature"},{"geometry":{"coordinates":[[[-5.9502903,39.9290649],[-5.9503117,39.9290649],[-5.9503251,39.9290752],[-5.9503251,39.9290916],[-5.9503117,39.9291019],[-5.9502903,39.9291019],[-5.9502769,39.9290916],[-5.9502769,39.9290752],[-5.9502903,39.9290649]]],"type":"Polygon"},"id":962,"properties":{"area_m2":14.259,"centroid_lonlat":[-5.950301,39.9290836],"centroid_px":[279.0,616.941],"confidence":0.7836,"confidence_bucket":"high","detector_score":null,"eccentricity":0.2078,"equivalent_diameter_m":4.261,"height_m":null,"height_reason":"unavailable","id":962,"low_confidence_reason":null,"perimeter_m":12.887,"shadow_length_m":null,"signals":{"separation":0.6448,"shadow":0.0,"shape":1.0,"size":0.6628},"solidity":0.9855,"touches_edge":false},"type":"Feature"},{"geometry":{"coordinates":[[[-5.9493408,39.9290649],[-5.9493622,39.9290649],[-5.9493756,39.9290752],[-5.9493756,39.9290916],[-5.9493622,39.9291019],[-5.9493408,39.9290978],[-5.9493273,39.9290875],[-5.9493273,39.9290752],[-5.9493408,39.9290649]]],"type":"Polygon"},"id":963,"properties":{"area_m2":13.211,"centroid_lonlat":[-5.9493523,39.929082],"centroid_px":[455.857,617.333],"confidence":0.8724,"confidence_bucket":"high","detector_score":null,"eccentricity":0.4627,"equivalent_diameter_m":4.101,"height_m":null,"height_reason":"unavailable","id":963,"low_confidence_reason":null,"perimeter_m":12.239,"shadow_length_m":null,"signals":{"separation":0.6699,"shadow":0.0,"shape":1.0,"size":0.9218},"solidity":0.9692,"touches_edge":false},"type":"Feature"},{"geometry":{"coordinates":[[[-5.9482732,39.929069],[-5.9483001,39.929069],[-5.9483081,39.9290752],[-5.9482893,39.9291019],[-5.9482652,39.9290957],[-5.9482732,39.929069]]],"type":"Polygon"},"id":964,"properties":{"area_m2":10.065,"centroid_lonlat":[-5.9482859,39.9290842],"centroid_px":[654.646,616.812],"confidence":0.7448,"confidence_bucket":"high","detector_score":null,"eccentricity":0.6825,"equivalent_diameter_m":3.58,"height_m":null,"height_reason":"unavailable","id":964,"low_confidence_reason":null,"perimeter_m":11.592,"shadow_length_m":null,"signals":{"separation":0.5117,"shadow":0.0,"shape":0.9413,"size":0.7422},"solidity":0.9057,"touches_edge":false},"type":"Feature"},{"geometry":{"coordinates":[[[-5.9483644,39.9290525],[-5.9483832,39.9290711],[-5.9483832,39.9290875],[-5.9483698,39.9290978],[-5.9483483,39.9290978],[-5.9483403,39.9290793],[-5.9483644,39.9290525]]],"type":"Polygon"},"id":965,"properties":{"area_m2":11.953,"centroid_lonlat":[-5.948363,39.9290799],"centroid_px":[640.263,617.86],"confidence":0.884,"confidence_bucket":"high","detector_score":null,"eccentricity":0.6744,"equivalent_diameter_m":3.901,"height_m":null,"height_reason":"unavailable","id":965,"low_confidence_reason":null,"perimeter_m":11.876,"shadow_length_m":null,"signals":{"separation":0.664,"shadow":0.0,"shape":1.0,"size":0.9649},"solidity":0.9048,"touches_edge":false},"type":"Feature"},{"geometry":{"coordinates":[[[-5.9491691,39.9290114],[-5.9491906,39.9290114],[-5.9492281,39.9290279],[-5.9492576,39.9290669],[-5.9492067,39.9290896],[-5.9491906,39.9290855],[-5.9491423,39.9291184],[-5.9491262,39.9291101],[-5.9491155,39.9291142],[-5.949102,39.9290998],[-5.9491128,39.9290916],[-5.9491074,39.9290752],[-5.9491315,39.9290731],[-5.9491611,39.9290505],[-5.9491557,39.9290423],[-5.9491691,39.9290114]]],"type":"Polygon"},"id":966,"properties":{"area_m2":76.748,"centroid_lonlat":[-5.9491798,39.929066],"centroid_px":[488.003,621.219],"confidence":0.2886,"confidence_bucket":"low","detector_score":null,"eccentricity":0.8373,"equivalent_diameter_m":9.885,"height_m":null,"height_reason":"unavailable","id":966,"low_confidence_reason":"Low confidence: this crown is far larger or smaller than its neighbours, so it is likely merged with, or split from, another crown.","perimeter_m":47.681,"shadow_length_m":null,"signals":{"separation":0.4143,"shadow":0.0,"shape":0.4242,"size":0.0},"solidity":0.7837,"touches_edge":false},"type":"Feature"},{"geometry":{"coordinates":[[[-5.9495124,39.9290402],[-5.9495232,39.9290484],[-5.9495392,39.9290443],[-5.9495634,39.9290669],[-5.9495553,39.9290855],[-5.9495446,39.9290772],[-5.9495366,39.9290834],[-5.9495419,39.9290998],[-5.9495339,39.929106],[-5.9494883,39.9290628],[-5.9495124,39.9290402]]],"type":"Polygon"},"id":967,"properties":{"area_m2":24.115,"centroid_lonlat":[-5.9495274,39.9290686],"centroid_px":[423.2,620.6],"confidence":0.6136,"confidence_bucket":"medium","detector_score":null,"eccentricity":0.6229,"equivalent_diameter_m":5.541,"height_m":null,"height_reason":"unavailable","id":967,"low_confidence_reason":null,"perimeter_m":22.444,"shadow_length_m":null,"signals":{"separation":0.5959,"shadow":0.0,"shape":0.6016,"size":0.6456},"solidity":0.8273,"touches_edge":false},"type":"Feature"},{"geometry":{"coordinates":[[[-5.9488633,39.9290279],[-5.9488875,39.9290464],[-5.9488875,39.9290669],[-5.9488982,39.9290752],[-5.9488633,39.9291266],[-5.948858,39.9291225],[-5.9488365,39.9291389],[-5.948815,39.9291184],[-5.9488043,39.9291225],[-5.9487829,39.9291101],[-5.9487695,39.9291204],[-5.9487855,39.9291369],[-5.9487802,39.9291533],[-5.9487399,39.9291718],[-5.9487239,39.9291636],[-5.9487131,39.9291677],[-5.9487024,39.9291513],[-5.9486863,39.9291554],[-5.9486783,39.9291492],[-5.9486622,39.9291245],[-5.9487024,39.9290813],[-5.9487507,39.9290813],[-5.9487534,39.9290711],[-5.9487882,39.9290484],[-5.9488419,39.9290484],[-5.9488633,39.9290279]]],"type":"Polygon"},"id":968,"properties":{"area_m2":161.254,"centroid_lonlat":[-5.9487837,39.9291013],"centroid_px":[561.849,612.654],"confidence":0.1623,"confidence_bucket":"low","detector_score":null,"eccentricity":0.8916,"equivalent_diameter_m":14.329,"height_m":null,"height_reason":"unavailable","id":968,"low_confidence_reason":"Low confidence: this crown is far larger or smaller than its neighbours, so it is likely merged with, or split from, another crown.","perimeter_m":78.812,"shadow_length_m":null,"signals":{"separation":0.1278,"shadow":0.0,"shape":0.3262,"size":0.0},"solidity":0.8181,"touches_edge":false},"type":"Feature"},{"geometry":{"coordinates":[[[-5.9507087,39.9290525],[-5.9507248,39.9290608],[-5.9507409,39.9290567],[-5.9507436,39.9290711],[-5.9507087,39.9290813],[-5.9507006,39.9290587],[-5.9507087,39.9290525]]],"type":"Polygon"},"id":969,"properties":{"area_m2":7.339,"centroid_lonlat":[-5.950722,39.9290666],"centroid_px":[200.514,621.086],"confidence":0.6593,"confidence_bucket":"medium","detector_score":null,"eccentricity":0.6861,"equivalent_diameter_m":3.057,"height_m":null,"height_reason":"unavailable","id":969,"low_confidence_reason":null,"perimeter_m":10.944,"shadow_length_m":null,"signals":{"separation":0.4237,"shadow":0.0,"shape":0.77,"size":0.7619},"solidity":0.814,"touches_edge":false},"type":"Feature"},{"geometry":{"coordinates":[[[-5.9501293,39.9290484],[-5.9501535,39.9290628],[-5.9501454,39.9290813],[-5.950124,39.9290813],[-5.9501052,39.9290669],[-5.9501293,39.9290484]]],"type":"Polygon"},"id":970,"properties":{"area_m2":10.904,"centroid_lonlat":[-5.9501311,39.9290662],"centroid_px":[310.673,621.173],"confidence":0.8882,"confidence_bucket":"high","detector_score":null,"eccentricity":0.5648,"equivalent_diameter_m":3.726,"height_m":null,"height_reason":"unavailable","id":970,"low_confidence_reason":null,"perimeter_m":11.055,"shadow_length_m":null,"signals":{"separation":0.6952,"shadow":0.0,"shape":1.0,"size":0.9471},"solidity":0.9811,"touches_edge":false},"type":"Feature"},{"geometry":{"coordinates":[[[-5.9500918,39.9290567],[-5.9501052,39.9290669],[-5.9501025,39.929069],[-5.9500784,39.9290669],[-5.9500918,39.9290567]]],"type":"Polygon"},"id":971,"properties":{"area_m2":1.887,"centroid_lonlat":[-5.9500918,39.9290647],"centroid_px":[318.0,621.556],"confidence":0.6784,"confidence_bucket":"medium","detector_score":null,"eccentricity":0.8051,"equivalent_diameter_m":1.55,"height_m":null,"height_reason":"unavailable","id":971,"low_confidence_reason":null,"perimeter_m":4.422,"shadow_length_m":null,"signals":{"separation":0.5908,"shadow":0.0,"shape":1.0,"size":0.3802},"solidity":1.0,"touches_edge":false},"type":"Feature"},{"geometry":{"coordinates":[[[-5.9493998,39.9290361],[-5.949432,39.9290402],[-5.94944,39.9290546],[-5.9494346,39.9290752],[-5.9494105,39.9290896],[-5.9493998,39.9290896],[-5.949381,39.9290711],[-5.949381,39.9290587],[-5.9493917,39.9290505],[-5.9493864,39.9290464],[-5.9493998,39.9290361]]],"type":"Polygon"},"id":972,"properties":{"area_m2":21.598,"centroid_lonlat":[-5.94941,39.9290625],"centroid_px":[445.087,622.078],"confidence":0.6138,"confidence_bucket":"medium","detector_score":null,"eccentricity":0.5483,"equivalent_diameter_m":5.244,"height_m":null,"height_reason":"unavailable","id":972,"low_confidence_reason":null,"perimeter_m":17.309,"shadow_length_m":null,"signals":{"separation":0.741,"shadow":0.0,"shape":0.9059,"size":0.1361},"solidity":0.9115,"touches_edge":false},"type":"Feature"},{"geometry":{"coordinates":[[[-5.9490699,39.9290587],[-5.949094,39.9290484],[-5.949102,39.9290587],[-5.9491074,39.9290793],[-5.9490994,39.9290855],[-5.9490699,39.9290587]]],"type":"Polygon"},"id":973,"properties":{"area_m2":7.339,"centroid_lonlat":[-5.9490903,39.9290651],"centroid_px":[504.686,621.457],"confidence":0.7147,"confidence_bucket":"high","detector_score":null,"eccentricity":0.8538,"equivalent_diameter_m":3.057,"height_m":null,"height_reason":"unavailable","id":973,"low_confidence_reason":null,"perimeter_m":10.139,"shadow_length_m":null,"signals":{"separation":0.4237,"shadow":0.0,"shape":0.8971,"size":0.7869},"solidity":0.8974,"touches_edge":false},"type":"Feature"},{"geometry":{"coordinates":[[[-5.9484181,39.9290484],[-5.9484369,39.9290669],[-5.9484288,39.9290772],[-5.9484074,39.9290772],[-5.9483939,39.9290669],[-5.9484181,39.9290484]]],"type":"Polygon"},"id":974,"properties":{"area_m2":7.339,"centroid_lonlat":[-5.9484161,39.9290656],"centroid_px":[630.371,621.314],"confidence":0.7682,"confidence_bucket":"high","detector_score":null,"eccentricity":0.5256,"equivalent_diameter_m":3.057,"height_m":null,"height_reason":"unavailable","id":974,"low_confidence_reason":null,"perimeter_m":9.492,"shadow_length_m":null,"signals":{"separation":0.5992,"shadow":0.0,"shape":1.0,"size":0.6591},"solidity":0.9211,"touches_edge":false},"type":"Feature"},{"geometry":{"coordinates":[[[-5.9483323,39.9290402],[-5.948343,39.9290484],[-5.9483537,39.9290402],[-5.9483671,39.9290505],[-5.9483376,39.9290813],[-5.9483188,39.9290669],[-5.9483323,39.9290402]]],"type":"Polygon"},"id":975,"properties":{"area_m2":10.694,"centroid_lonlat":[-5.9483416,39.9290593],"centroid_px":[644.255,622.863],"confidence":0.7137,"confidence_bucket":"high","detector_score":null,"eccentricity":0.6943,"equivalent_diameter_m":3.69,"height_m":null,"height_reason":"unavailable","id":975,"low_confidence_reason":null,"perimeter_m":12.841,"shadow_length_m":null,"signals":{"separation":0.4964,"shadow":0.0,"shape":0.815,"size":0.8095},"solidity":0.8361,"touches_edge":false},"type":"Feature"},{"geometry":{"coordinates":[[[-5.9490296,39.929032],[-5.9490511,39.929032],[-5.9490591,39.9290423],[-5.9490538,39.9290587],[-5.9490296,39.929069],[-5.9490189,39.9290608],[-5.9490082,39.9290649],[-5.9489894,39.9290464],[-5.9489921,39.9290402],[-5.9490189,39.9290402],[-5.9490296,39.929032]]],"type":"Polygon"},"id":976,"properties":{"area_m2":16.146,"centroid_lonlat":[-5.9490278,39.9290493],"centroid_px":[516.338,625.299],"confidence":0.6844,"confidence_bucket":"medium","detector_score":null,"eccentricity":0.7851,"equivalent_diameter_m":4.534,"height_m":null,"height_reason":"unavailable","id":976,"low_confidence_reason":null,"perimeter_m":16.282,"shadow_length_m":null,"signals":{"separation":0.5713,"shadow":0.0,"shape":0.7654,"size":0.7003},"solidity":0.8556,"touches_edge":false},"type":"Feature"},{"geometry":{"coordinates":[[[-5.9482732,39.9290279],[-5.9482947,39.9290279],[-5.9483081,39.9290381],[-5.9482947,39.929069],[-5.9482706,39.9290669],[-5.9482759,39.9290546],[-5.9482652,39.9290423],[-5.9482732,39.9290279]]],"type":"Polygon"},"id":977,"properties":{"area_m2":12.372,"centroid_lonlat":[-5.9482859,39.9290478],"centroid_px":[654.644,625.661],"confidence":0.7739,"confidence_bucket":"high","detector_score":null,"eccentricity":0.7655,"equivalent_diameter_m":3.969,"height_m":null,"height_reason":"unavailable","id":977,"low_confidence_reason":null,"perimeter_m":13.423,"shadow_length_m":null,"signals":{"separation":0.516,"shadow":0.0,"shape":0.8628,"size":0.9251},"solidity":0.8939,"touches_edge":false},"type":"Feature"},{"geometry":{"coordinates":[[[-5.9493032,39.9290279],[-5.9493247,39.9290279],[-5.9493327,39.929034],[-5.9493327,39.9290505],[-5.9493193,39.9290608],[-5.9492978,39.9290608],[-5.9492898,39.9290546],[-5.9492898,39.9290381],[-5.9493032,39.9290279]]],"type":"Polygon"},"id":978,"properties":{"area_m2":11.743,"centroid_lonlat":[-5.9493113,39.9290443],"centroid_px":[463.5,626.5],"confidence":0.8386,"confidence_bucket":"high","detector_score":null,"eccentricity":0.4956,"equivalent_diameter_m":3.867,"height_m":null,"height_reason":"unavailable","id":978,"low_confidence_reason":null,"perimeter_m":11.212,"shadow_length_m":null,"signals":{"separation":0.7106,"shadow":0.0,"shape":1.0,"size":0.7728},"solidity":1.0,"touches_edge":false},"type":"Feature"},{"geometry":{"coordinates":[[[-5.9496626,39.9290073],[-5.9496707,39.9290135],[-5.9496707,39.9290464],[-5.9496465,39.9290484],[-5.9496331,39.9290381],[-5.9496331,39.9290217],[-5.9496626,39.9290073]]],"type":"Polygon"},"id":979,"properties":{"area_m2":12.162,"centroid_lonlat":[-5.9496536,39.9290296],"centroid_px":[399.69,630.086],"confidence":0.8563,"confidence_bucket":"high","detector_score":null,"eccentricity":0.6578,"equivalent_diameter_m":3.935,"height_m":null,"height_reason":"unavailable","id":979,"low_confidence_reason":null,"perimeter_m":12.128,"shadow_length_m":null,"signals":{"separation":0.6982,"shadow":0.0,"shape":1.0,"size":0.842},"solidity":0.9831,"touches_edge":false},"type":"Feature"},{"geometry":{"coordinates":[[[-5.9486058,39.9290114],[-5.9486139,39.9290258],[-5.9486058,39.9290402],[-5.9485897,39.9290402],[-5.9485656,39.9290217],[-5.9485683,39.9290155],[-5.9486058,39.9290114]]],"type":"Polygon"},"id":980,"properties":{"area_m2":8.597,"centroid_lonlat":[-5.9485924,39.9290259],"centroid_px":[597.512,630.976],"confidence":0.7494,"confidence_bucket":"high","detector_score":null,"eccentricity":0.7702,"equivalent_diameter_m":3.309,"height_m":null,"height_reason":"unavailable","id":980,"low_confidence_reason":null,"perimeter_m":11.229,"shadow_length_m":null,"signals":{"separation":0.5536,"shadow":0.0,"shape":0.8569,"size":0.8161},"solidity":0.8913,"touches_edge":false},"type":"Feature"},{"geometry":{"coordinates":[[[-5.9482303,39.928995],[-5.9482384,39.928997],[-5.9482357,39.9290073],[-5.9482518,39.9290073],[-5.9482652,39.9290176],[-5.9482652,39.9290258],[-5.9482571,39.9290237],[-5.9482303,39.9290443],[-5.9482169,39.9290217],[-5.9482223,39.9290135],[-5.9482008,39.9290093],[-5.9482303,39.928995]]],"type":"Polygon"},"id":981,"properties":{"area_m2":13.63,"centroid_lonlat":[-5.948235,39.9290178],"centroid_px":[664.123,632.938],"confidence":0.5997,"confidence_bucket":"medium","detector_score":null,"eccentricity":0.6184,"equivalent_diameter_m":4.166,"height_m":null,"height_reason":"unavailable","id":981,"low_confidence_reason":null,"perimeter_m":17.42,"shadow_length_m":null,"signals":{"separation":0.4397,"shadow":0.0,"shape":0.5644,"size":0.8022},"solidity":0.7471,"touches_edge":true},"type":"Feature"},{"geometry":{"coordinates":[[[-5.9486273,39.9290032],[-5.9486568,39.9290093],[-5.9486514,39.9290176],[-5.9486622,39.9290258],[-5.9486434,39.9290402],[-5.9486273,39.9290402],[-5.9486085,39.9290217],[-5.9486273,39.9290032]]],"type":"Polygon"},"id":982,"properties":{"area_m2":12.582,"centroid_lonlat":[-5.9486344,39.9290222],"centroid_px":[589.667,631.867],"confidence":0.8278,"confidence_bucket":"high","detector_score":null,"eccentricity":0.3488,"equivalent_diameter_m":4.002,"height_m":null,"height_reason":"unavailable","id":982,"low_confidence_reason":null,"perimeter_m":12.903,"shadow_length_m":null,"signals":{"separation":0.7236,"shadow":0.0,"shape":0.9496,"size":0.7858},"solidity":0.8955,"touches_edge":false},"type":"Feature"},{"geometry":{"coordinates":[[[-5.9494212,39.928995],[-5.9494427,39.928995],[-5.9494561,39.9290093],[-5.9494615,39.9290669],[-5.9494534,39.9290855],[-5.9494239,39.9290793],[-5.94944,39.9290669],[-5.9494346,39.9290423],[-5.9494025,39.9290381],[-5.9494078,39.9290052],[-5.9494212,39.928995]]],"type":"Polygon"},"id":983,"properties":{"area_m2":29.776,"centroid_lonlat":[-5.9494368,39.929034],"centroid_px":[440.106,629.007],"confidence":0.2568,"confidence_bucket":"low","detector_score":null,"eccentricity":0.9169,"equivalent_diameter_m":6.157,"height_m":null,"height_reason":"unavailable","id":983,"low_confidence_reason":"Low confidence: this crown is far larger or smaller than its neighbours, so it is likely merged with, or split from, another crown.","perimeter_m":27.099,"shadow_length_m":null,"signals":{"separation":0.2104,"shadow":0.0,"shape":0.5095,"size":0.0},"solidity":0.7358,"touches_edge":false},"type":"Feature"},{"geometry":{"coordinates":[[[-5.9493729,39.9289991],[-5.9493971,39.9290093],[-5.9493971,39.9290258],[-5.9493837,39.9290361],[-5.9493622,39.9290361],[-5.9493488,39.9290258],[-5.9493488,39.9290176],[-5.9493729,39.9289991]]],"type":"Polygon"},"id":984,"properties":{"area_m2":13.001,"centroid_lonlat":[-5.9493746,39.9290188],"centroid_px":[451.694,632.694],"confidence":0.8526,"confidence_bucket":"high","detector_score":null,"eccentricity":0.5299,"equivalent_diameter_m":4.069,"height_m":null,"height_reason":"unavailable","id":984,"low_confidence_reason":null,"perimeter_m":11.971,"shadow_length_m":null,"signals":{"separation":0.6367,"shadow":0.0,"shape":1.0,"size":0.8918},"solidity":1.0,"touches_edge":false},"type":"Feature"},{"geometry":{"coordinates":[[[-5.9491315,39.9289991],[-5.9491637,39.9289991],[-5.9491771,39.9290093],[-5.9491664,39.9290135],[-5.9491557,39.9290423],[-5.9491611,39.9290505],[-5.9491315,39.9290731],[-5.9491047,39.9290731],[-5.9490967,39.9290505],[-5.949086,39.9290464],[-5.9491315,39.9289991]]],"type":"Polygon"},"id":985,"properties":{"area_m2":37.325,"centroid_lonlat":[-5.949132,39.9290358],"centroid_px":[496.916,628.567],"confidence":0.4465,"confidence_bucket":"low","detector_score":null,"eccentricity":0.8317,"equivalent_diameter_m":6.894,"height_m":null,"height_reason":"unavailable","id":985,"low_confidence_reason":"Low confidence: this crown is far larger or smaller than its neighbours, so it is likely merged with, or split from, another crown.","perimeter_m":25.506,"shadow_length_m":null,"signals":{"separation":0.5636,"shadow":0.0,"shape":0.721,"size":0.0},"solidity":0.8768,"touches_edge":false},"type":"Feature"},{"geometry":{"coordinates":[[[-5.9489384,39.9289867],[-5.9489545,39.9289991],[-5.9489733,39.9290011],[-5.9489813,39.9290279],[-5.9489706,39.9290237],[-5.9489545,39.9290361],[-5.9489384,39.9290361],[-5.9489197,39.9290217],[-5.9489197,39.9290093],[-5.9489411,39.928997],[-5.9489384,39.9289867]]],"type":"Polygon"},"id":986,"properties":{"area_m2":17.614,"centroid_lonlat":[-5.9489481,39.9290146],"centroid_px":[531.19,633.714],"confidence":0.6332,"confidence_bucket":"medium","detector_score":null,"eccentricity":0.3001,"equivalent_diameter_m":4.736,"height_m":null,"height_reason":"unavailable","id":986,"low_confidence_reason":null,"perimeter_m":16.913,"shadow_length_m":null,"signals":{"separation":0.6116,"shadow":0.0,"shape":0.7738,"size":0.4863},"solidity":0.8317,"touches_edge":false},"type":"Feature"},{"geometry":{"coordinates":[[[-5.948976,39.9289826],[-5.9490108,39.9290011],[-5.9490108,39.9290176],[-5.9489974,39.9290279],[-5.9489733,39.9290176],[-5.9489679,39.928997],[-5.948976,39.9289826]]],"type":"Polygon"},"id":987,"properties":{"area_m2":12.372,"centroid_lonlat":[-5.9489901,39.9290068],"centroid_px":[523.373,635.61],"confidence":0.8197,"confidence_bucket":"high","detector_score":null,"eccentricity":0.7544,"equivalent_diameter_m":3.969,"height_m":null,"height_reason":"unavailable","id":987,"low_confidence_reason":null,"perimeter_m":12.602,"shadow_length_m":null,"signals":{"separation":0.6527,"shadow":0.0,"shape":0.9789,"size":0.7956},"solidity":0.9219,"touches_edge":false},"type":"Feature"},{"geometry":{"coordinates":[[[-5.9483215,39.9289867],[-5.9483457,39.9289929],[-5.9483457,39.9290217],[-5.9483376,39.9290279],[-5.948292,39.9290217],[-5.948292,39.928997],[-5.9483001,39.9289991],[-5.9483215,39.9289867]]],"type":"Polygon"},"id":988,"properties":{"area_m2":16.775,"centroid_lonlat":[-5.9483202,39.9290082],"centroid_px":[648.237,635.275],"confidence":0.5699,"confidence_bucket":"medium","detector_score":null,"eccentricity":0.4298,"equivalent_diameter_m":4.622,"height_m":null,"height_reason":"unavailable","id":988,"low_confidence_reason":null,"perimeter_m":17.041,"shadow_length_m":null,"signals":{"separation":0.5945,"shadow":0.0,"shape":0.7259,"size":0.3581},"solidity":0.8889,"touches_edge":false},"type":"Feature"},{"geometry":{"coordinates":[[[-5.9493032,39.9289867],[-5.9493193,39.9289867],[-5.9493327,39.928997],[-5.9493327,39.9290176],[-5.9493193,39.9290279],[-5.9493086,39.9290279],[-5.9492898,39.9290135],[-5.9493032,39.9289867]]],"type":"Polygon"},"id":989,"properties":{"area_m2":12.372,"centroid_lonlat":[-5.9493137,39.9290073],"centroid_px":[463.051,635.508],"confidence":0.8438,"confidence_bucket":"high","detector_score":null,"eccentricity":0.6859,"equivalent_diameter_m":3.969,"height_m":null,"height_reason":"unavailable","id":989,"low_confidence_reason":null,"perimeter_m":12.239,"shadow_length_m":null,"signals":{"separation":0.6527,"shadow":0.0,"shape":1.0,"size":0.8474},"solidity":0.9672,"touches_edge":false},"type":"Feature"},{"geometry":{"coordinates":[[[-5.949668,39.9289785],[-5.9496868,39.9289806],[-5.9496975,39.9290011],[-5.9496894,39.9290073],[-5.949668,39.9290114],[-5.9496492,39.9289929],[-5.949668,39.9289785]]],"type":"Polygon"},"id":990,"properties":{"area_m2":9.856,"centroid_lonlat":[-5.9496736,39.9289939],"centroid_px":[395.957,638.745],"confidence":0.8943,"confidence_bucket":"high","detector_score":null,"eccentricity":0.5248,"equivalent_diameter_m":3.542,"height_m":null,"height_reason":"unavailable","id":990,"low_confidence_reason":null,"perimeter_m":11.323,"shadow_length_m":null,"signals":{"separation":0.7313,"shadow":0.0,"shape":0.9659,"size":0.9715},"solidity":0.8868,"touches_edge":false},"type":"Feature"},{"geometry":{"coordinates":[[[-5.948579,39.9289785],[-5.9486032,39.9289888],[-5.9486005,39.9290155],[-5.9485683,39.9290155],[-5.9485549,39.9290052],[-5.9485549,39.928997],[-5.948579,39.9289785]]],"type":"Polygon"},"id":991,"properties":{"area_m2":13.211,"centroid_lonlat":[-5.9485813,39.9289995],"centroid_px":[599.571,637.397],"confidence":0.8007,"confidence_bucket":"high","detector_score":null,"eccentricity":0.3522,"equivalent_diameter_m":4.101,"height_m":null,"height_reason":"unavailable","id":991,"low_confidence_reason":null,"perimeter_m":12.508,"shadow_length_m":null,"signals":{"separation":0.6699,"shadow":0.0,"shape":1.0,"size":0.6923},"solidity":0.9844,"touches_edge":false},"type":"Feature"},{"geometry":{"coordinates":[[[-5.9495124,39.928962],[-5.9495527,39.9289723],[-5.9495553,39.9290032],[-5.9495124,39.9290032],[-5.9495044,39.928997],[-5.9495044,39.9289682],[-5.9495124,39.928962]]],"type":"Polygon"},"id":992,"properties":{"area_m2":16.566,"centroid_lonlat":[-5.9495292,39.9289852],"centroid_px":[422.873,640.873],"confidence":0.7647,"confidence_bucket":"high","detector_score":null,"eccentricity":0.6253,"equivalent_diameter_m":4.593,"height_m":null,"height_reason":"unavailable","id":992,"low_confidence_reason":null,"perimeter_m":15.903,"shadow_length_m":null,"signals":{"separation":0.5982,"shadow":0.0,"shape":0.8232,"size":0.8609},"solidity":0.908,"touches_edge":false},"type":"Feature"},{"geometry":{"coordinates":[[[-5.9486192,39.9289847],[-5.9486434,39.9289744],[-5.9486622,39.9289888],[-5.9486541,39.9290073],[-5.9486192,39.9290011],[-5.9486192,39.9289847]]],"type":"Polygon"},"id":993,"properties":{"area_m2":10.694,"centroid_lonlat":[-5.9486403,39.9289918],"centroid_px":[588.569,639.255],"confidence":0.8378,"confidence_bucket":"high","detector_score":null,"eccentricity":0.5198,"equivalent_diameter_m":3.69,"height_m":null,"height_reason":"unavailable","id":993,"low_confidence_reason":null,"perimeter_m":10.944,"shadow_length_m":null,"signals":{"separation":0.555,"shadow":0.0,"shape":1.0,"size":0.9259},"solidity":0.9808,"touches_edge":false},"type":"Feature"},{"geometry":{"coordinates":[[[-5.9482142,39.9289826],[-5.9482276,39.9289929],[-5.9482142,39.9290032],[-5.9482062,39.9289929],[-5.9482142,39.9289826]]],"type":"Polygon"},"id":994,"properties":{"area_m2":2.516,"centroid_lonlat":[-5.9482165,39.9289929],"centroid_px":[667.583,639.0],"confidence":0.5349,"confidence_bucket":"medium","detector_score":null,"eccentricity":0.6528,"equivalent_diameter_m":1.79,"height_m":null,"height_reason":"unavailable","id":994,"low_confidence_reason":null,"perimeter_m":4.88,"shadow_length_m":null,"signals":{"separation":0.5117,"shadow":0.0,"shape":1.0,"size":0.0},"solidity":0.8571,"touches_edge":false},"type":"Feature"},{"geometry":{"coordinates":[[[-5.9493408,39.9289703],[-5.9493622,39.9289703],[-5.9493756,39.9289806],[-5.9493756,39.928997],[-5.9493515,39.9290155],[-5.9493461,39.9290073],[-5.9493327,39.9290135],[-5.9493327,39.928997],[-5.949322,39.9289888],[-5.9493408,39.9289703]]],"type":"Polygon"},"id":995,"properties":{"area_m2":15.517,"centroid_lonlat":[-5.9493505,39.9289904],"centroid_px":[456.176,639.608],"confidence":0.836,"confidence_bucket":"high","detector_score":null,"eccentricity":0.5139,"equivalent_diameter_m":4.445,"height_m":null,"height_reason":"unavailable","id":995,"low_confidence_reason":null,"perimeter_m":14.83,"shadow_length_m":null,"signals":{"separation":0.6181,"shadow":0.0,"shape":0.8867,"size":0.993},"solidity":0.881,"touches_edge":false},"type":"Feature"},{"geometry":{"coordinates":[[[-5.9489492,39.9289662],[-5.9489733,39.9289723],[-5.9489733,39.9289929],[-5.9489653,39.9289991],[-5.9489545,39.9289991],[-5.9489357,39.9289847],[-5.9489492,39.9289662]]],"type":"Polygon"},"id":996,"properties":{"area_m2":8.597,"centroid_lonlat":[-5.9489564,39.9289826],"centroid_px":[529.659,641.512],"confidence":0.8026,"confidence_bucket":"high","detector_score":null,"eccentricity":0.5727,"equivalent_diameter_m":3.309,"height_m":null,"height_reason":"unavailable","id":996,"low_confidence_reason":null,"perimeter_m":10.408,"shadow_length_m":null,"signals":{"separation":0.5536,"shadow":0.0,"shape":0.9974,"size":0.818},"solidity":0.9111,"touches_edge":false},"type":"Feature"},{"geometry":{"coordinates":[[[-5.9497216,39.928962],[-5.949735,39.9289723],[-5.9497297,39.9289806],[-5.9496948,39.9289908],[-5.9496868,39.9289764],[-5.9497216,39.928962]]],"type":"Polygon"},"id":997,"properties":{"area_m2":7.759,"centroid_lonlat":[-5.9497102,39.9289776],"centroid_px":[389.135,642.73],"confidence":0.6591,"confidence_bucket":"medium","detector_score":null,"eccentricity":0.838,"equivalent_diameter_m":3.143,"height_m":null,"height_reason":"unavailable","id":997,"low_confidence_reason":null,"perimeter_m":11.166,"shadow_length_m":null,"signals":{"separation":0.2914,"shadow":0.0,"shape":0.7819,"size":0.8794},"solidity":0.8605,"touches_edge":false},"type":"Feature"},{"geometry":{"coordinates":[[[-5.9488848,39.9289579],[-5.9489036,39.9289806],[-5.9488901,39.928995],[-5.9488714,39.9289847],[-5.9488714,39.9289682],[-5.9488848,39.9289579]]],"type":"Polygon"},"id":998,"properties":{"area_m2":7.339,"centroid_lonlat":[-5.9488856,39.928978],"centroid_px":[542.857,642.629],"confidence":0.6864,"confidence_bucket":"medium","detector_score":null,"eccentricity":0.7833,"equivalent_diameter_m":3.057,"height_m":null,"height_reason":"unavailable","id":998,"low_confidence_reason":null,"perimeter_m":9.492,"shadow_length_m":null,"signals":{"separation":0.4237,"shadow":0.0,"shape":1.0,"size":0.5728},"solidity":0.9211,"touches_edge":false},"type":"Feature"},{"geometry":{"coordinates":[[[-5.9488472,39.9289662],[-5.948858,39.9289744],[-5.9488714,39.9289723],[-5.9488633,39.9289908],[-5.9488392,39.9289723],[-5.9488472,39.9289662]]],"type":"Polygon"},"id":999,"properties":{"area_m2":4.194,"centroid_lonlat":[-5.9488577,39.9289789],"centroid_px":[548.05,642.4],"confidence":0.5725,"confidence_bucket":"medium","detector_score":null,"eccentricity":0.7734,"equivalent_diameter_m":2.311,"height_m":null,"height_reason":"unavailable","id":999,"low_confidence_reason":null,"perimeter_m":6.538,"shadow_length_m":null,"signals":{"separation":0.3963,"shadow":0.0,"shape":1.0,"size":0.2356},"solidity":0.8,"touches_edge":false},"type":"Feature"},{"geometry":{"coordinates":[[[-5.9511083,39.9289682],[-5.9511325,39.9289579],[-5.9511513,39.9289723],[-5.9511513,39.9289888],[-5.9511432,39.928995],[-5.9511191,39.9289929],[-5.9511244,39.9289888],[-5.9511083,39.9289682]]],"type":"Polygon"},"id":1000,"properties":{"area_m2":10.904,"centroid_lonlat":[-5.951131,39.9289768],"centroid_px":[124.269,642.923],"confidence":0.7191,"confidence_bucket":"high","detector_score":null,"eccentricity":0.7144,"equivalent_diameter_m":3.726,"height_m":null,"height_reason":"unavailable","id":1000,"low_confidence_reason":null,"perimeter_m":12.35,"shadow_length_m":null,"signals":{"separation":0.5496,"shadow":0.0,"shape":0.8983,"size":0.6737},"solidity":0.9286,"touches_edge":false},"type":"Feature"},{"geometry":{"coordinates":[[[-5.950022,39.9289168],[-5.9500328,39.928925],[-5.9500542,39.9289168],[-5.950073,39.9289271],[-5.9500676,39.9289435],[-5.9500891,39.9289641],[-5.9500891,39.9289847],[-5.9500811,39.9289908],[-5.9500542,39.9289908],[-5.9500462,39.9289847],[-5.9500569,39.9289764],[-5.9500489,39.9289662],[-5.9500328,39.9289785],[-5.9500086,39.9289682],[-5.9499979,39.9289518],[-5.9499979,39.9289312],[-5.950022,39.9289168]]],"type":"Polygon"},"id":1001,"properties":{"area_m2":42.358,"centroid_lonlat":[-5.9500447,39.9289528],"centroid_px":[326.777,648.738],"confidence":0.2152,"confidence_bucket":"low","detector_score":null,"eccentricity":0.7503,"equivalent_diameter_m":7.344,"height_m":null,"height_reason":"unavailable","id":1001,"low_confidence_reason":"Low confidence: this crown is far larger or smaller than its neighbours, so it is likely merged with, or split from, another crown.","perimeter_m":33.656,"shadow_length_m":null,"signals":{"separation":0.1247,"shadow":0.0,"shape":0.4699,"size":0.0},"solidity":0.8347,"touches_edge":false},"type":"Feature"},{"geometry":{"coordinates":[[[-5.9498611,39.928962],[-5.9498692,39.9289682],[-5.9498611,39.9289867],[-5.9498531,39.9289806],[-5.9498611,39.928962]]],"type":"Polygon"},"id":1002,"properties":{"area_m2":2.936,"centroid_lonlat":[-5.9498611,39.9289744],"centroid_px":[361.0,643.5],"confidence":0.7317,"confidence_bucket":"high","detector_score":null,"eccentricity":0.8421,"equivalent_diameter_m":1.933,"height_m":null,"height_reason":"unavailable","id":1002,"low_confidence_reason":null,"perimeter_m":5.338,"shadow_length_m":null,"signals":{"separation":0.4737,"shadow":0.0,"shape":1.0,"size":0.6676},"solidity":1.0,"touches_edge":false},"type":"Feature"},{"geometry":{"coordinates":[[[-5.9510788,39.9289497],[-5.9510869,39.9289682],[-5.9510735,39.9289744],[-5.9510654,39.9289641],[-5.9510788,39.9289497]]],"type":"Polygon"},"id":1003,"properties":{"area_m2":3.355,"centroid_lonlat":[-5.9510768,39.9289636],"centroid_px":[134.375,646.125],"confidence":0.7234,"confidence_bucket":"high","detector_score":null,"eccentricity":0.765,"equivalent_diameter_m":2.067,"height_m":null,"height_reason":"unavailable","id":1003,"low_confidence_reason":null,"perimeter_m":5.796,"shadow_length_m":null,"signals":{"separation":0.4431,"shadow":0.0,"shape":1.0,"size":0.6719},"solidity":0.8889,"touches_edge":false},"type":"Feature"},{"geometry":{"coordinates":[[[-5.9494963,39.928888],[-5.9495097,39.9288983],[-5.9495097,39.9289188],[-5.9494936,39.9289394],[-5.9495044,39.9289847],[-5.949491,39.9289908],[-5.9494615,39.9289764],[-5.9494561,39.9289559],[-5.9494722,39.9289271],[-5.9494668,39.9289147],[-5.9494963,39.928888]]],"type":"Polygon"},"id":1004,"properties":{"area_m2":32.502,"centroid_lonlat":[-5.9494846,39.9289414],"centroid_px":[431.181,651.523],"confidence":0.2494,"confidence_bucket":"low","detector_score":null,"eccentricity":0.9438,"equivalent_diameter_m":6.433,"height_m":null,"height_reason":"unavailable","id":1004,"low_confidence_reason":"Low confidence: this crown is far larger or smaller than its neighbours, so it is likely merged with, or split from, another crown.","perimeter_m":27.337,"shadow_length_m":null,"signals":{"separation":0.1424,"shadow":0.0,"shape":0.5465,"size":0.0},"solidity":0.8289,"touches_edge":false},"type":"Feature"},{"geometry":{"coordinates":[[[-5.9489813,39.9289497],[-5.9490189,39.9289497],[-5.9490269,39.9289559],[-5.9490135,39.9289785],[-5.9489974,39.9289785],[-5.9489787,39.9289641],[-5.9489813,39.9289497]]],"type":"Polygon"},"id":1005,"properties":{"area_m2":9.856,"centroid_lonlat":[-5.9490013,39.9289628],"centroid_px":[521.277,646.319],"confidence":0.7987,"confidence_bucket":"high","detector_score":null,"eccentricity":0.6142,"equivalent_diameter_m":3.542,"height_m":null,"height_reason":"unavailable","id":1005,"low_confidence_reason":null,"perimeter_m":11.592,"shadow_length_m":null,"signals":{"separation":0.5781,"shadow":0.0,"shape":0.9217,"size":0.8716},"solidity":0.9216,"touches_edge":false},"type":"Feature"},{"geometry":{"coordinates":[[[-5.9511486,39.9289332],[-5.951162,39.9289394],[-5.9511539,39.9289497],[-5.9511405,39.9289435],[-5.9511486,39.9289332]]],"type":"Polygon"},"id":1006,"properties":{"area_m2":2.516,"centroid_lonlat":[-5.9511513,39.9289415],"centroid_px":[120.5,651.5],"confidence":0.7573,"confidence_bucket":"high","detector_score":null,"eccentricity":0.0,"equivalent_diameter_m":1.79,"height_m":null,"height_reason":"unavailable","id":1006,"low_confidence_reason":null,"perimeter_m":4.422,"shadow_length_m":null,"signals":{"separation":0.5117,"shadow":0.0,"shape":1.0,"size":0.7116},"solidity":1.0,"touches_edge":false},"type":"Feature"},{"geometry":{"coordinates":[[[-5.9493622,39.928925],[-5.9494025,39.9289353],[-5.9494025,39.9289518],[-5.949389,39.928962],[-5.9493515,39.928962],[-5.9493434,39.9289559],[-5.9493381,39.9289353],[-5.9493622,39.928925]]],"type":"Polygon"},"id":1007,"properties":{"area_m2":17.614,"centroid_lonlat":[-5.9493705,39.9289444],"centroid_px":[452.452,650.798],"confidence":0.7599,"confidence_bucket":"high","detector_score":null,"eccentricity":0.7141,"equivalent_diameter_m":4.736,"height_m":null,"height_reason":"unavailable","id":1007,"low_confidence_reason":null,"perimeter_m":15.098,"shadow_length_m":null,"signals":{"separation":0.5802,"shadow":0.0,"shape":0.971,"size":0.6863},"solidity":0.913,"touches_edge":false},"type":"Feature"},{"geometry":{"coordinates":[[[-5.9488901,39.9288962],[-5.948917,39.9289127],[-5.9489277,39.9289086],[-5.9489518,39.9289312],[-5.9489518,39.9289435],[-5.9489357,39.9289559],[-5.9489411,39.9289641],[-5.9489116,39.9289744],[-5.9489062,39.9289826],[-5.9488848,39.9289579],[-5.9488633,39.9289579],[-5.9488553,39.9289476],[-5.9488606,39.9289147],[-5.9488901,39.9288962]]],"type":"Polygon"},"id":1008,"properties":{"area_m2":49.068,"centroid_lonlat":[-5.9489023,39.9289377],"centroid_px":[539.731,652.415],"confidence":0.4467,"confidence_bucket":"low","detector_score":null,"eccentricity":0.5605,"equivalent_diameter_m":7.904,"height_m":null,"height_reason":"unavailable","id":1008,"low_confidence_reason":"Low confidence: this crown is far larger or smaller than its neighbours, so it is likely merged with, or split from, another crown.","perimeter_m":29.502,"shadow_length_m":null,"signals":{"separation":0.5793,"shadow":0.0,"shape":0.7084,"size":0.0},"solidity":0.8764,"touches_edge":false},"type":"Feature"},{"geometry":{"coordinates":[[[-5.9488258,39.9289168],[-5.9488606,39.928923],[-5.9488472,39.9289538],[-5.9488258,39.9289538],[-5.9488177,39.9289476],[-5.9488258,39.9289168]]],"type":"Polygon"},"id":1009,"properties":{"area_m2":11.953,"centroid_lonlat":[-5.9488384,39.9289354],"centroid_px":[551.649,652.982],"confidence":0.7116,"confidence_bucket":"high","detector_score":null,"eccentricity":0.6801,"equivalent_diameter_m":3.901,"height_m":null,"height_reason":"unavailable","id":1009,"low_confidence_reason":null,"perimeter_m":12.396,"shadow_length_m":null,"signals":{"separation":0.4695,"shadow":0.0,"shape":0.9774,"size":0.6346},"solidity":0.9194,"touches_edge":false},"type":"Feature"},{"geometry":{"coordinates":[[[-5.9510735,39.9289168],[-5.9510976,39.928923],[-5.9510976,39.9289394],[-5.9510842,39.9289538],[-5.9510788,39.9289497],[-5.9510681,39.9289579],[-5.9510493,39.9289312],[-5.9510735,39.9289168]]],"type":"Polygon"},"id":1010,"properties":{"area_m2":13.001,"centroid_lonlat":[-5.9510751,39.928935],"centroid_px":[134.694,653.065],"confidence":0.7781,"confidence_bucket":"high","detector_score":null,"eccentricity":0.5629,"equivalent_diameter_m":4.069,"height_m":null,"height_reason":"unavailable","id":1010,"low_confidence_reason":null,"perimeter_m":13.077,"shadow_length_m":null,"signals":{"separation":0.7118,"shadow":0.0,"shape":0.9554,"size":0.6315},"solidity":0.9118,"touches_edge":false},"type":"Feature"},{"geometry":{"coordinates":[[[-5.9487239,39.9289127],[-5.9487399,39.9289127],[-5.9487534,39.9289312],[-5.9487346,39.9289497],[-5.9487104,39.9289394],[-5.9487104,39.928923],[-5.9487239,39.9289127]]],"type":"Polygon"},"id":1011,"properties":{"area_m2":10.694,"centroid_lonlat":[-5.9487294,39.9289309],"centroid_px":[571.961,654.059],"confidence":0.8877,"confidence_bucket":"high","detector_score":null,"eccentricity":0.5792,"equivalent_diameter_m":3.69,"height_m":null,"height_reason":"unavailable","id":1011,"low_confidence_reason":null,"perimeter_m":10.787,"shadow_length_m":null,"signals":{"separation":0.702,"shadow":0.0,"shape":1.0,"size":0.9387},"solidity":0.9273,"touches_edge":false},"type":"Feature"},{"geometry":{"coordinates":[[[-5.9486809,39.9289045],[-5.9487051,39.928923],[-5.9486917,39.9289374],[-5.9486756,39.9289374],[-5.9486622,39.9289271],[-5.9486809,39.9289045]]],"type":"Polygon"},"id":1012,"properties":{"area_m2":7.968,"centroid_lonlat":[-5.9486842,39.9289236],"centroid_px":[580.395,655.842],"confidence":0.7822,"confidence_bucket":"high","detector_score":null,"eccentricity":0.3818,"equivalent_diameter_m":3.185,"height_m":null,"height_reason":"unavailable","id":1012,"low_confidence_reason":null,"perimeter_m":9.871,"shadow_length_m":null,"signals":{"separation":0.6429,"shadow":0.0,"shape":1.0,"size":0.6601},"solidity":0.9268,"touches_edge":false},"type":"Feature"},{"geometry":{"coordinates":[[[-5.9511217,39.9288962],[-5.9511298,39.9289024],[-5.9511191,39.9289106],[-5.9511405,39.9289188],[-5.9511325,39.9289291],[-5.9511217,39.9289209],[-5.9511083,39.928923],[-5.9511083,39.9289065],[-5.9511217,39.9288962]]],"type":"Polygon"},"id":1013,"properties":{"area_m2":5.242,"centroid_lonlat":[-5.951122,39.9289144],"centroid_px":[125.96,658.08],"confidence":0.6339,"confidence_bucket":"medium","detector_score":null,"eccentricity":0.7297,"equivalent_diameter_m":2.584,"height_m":null,"height_reason":"unavailable","id":1013,"low_confidence_reason":null,"perimeter_m":8.655,"shadow_length_m":null,"signals":{"separation":0.0,"shadow":0.0,"shape":0.8795,"size":0.973},"solidity":0.7143,"touches_edge":false},"type":"Feature"},{"geometry":{"coordinates":[[[-5.9498128,39.9289003],[-5.9498236,39.9289003],[-5.9498316,39.9289106],[-5.9498236,39.9289209],[-5.9498101,39.9289147],[-5.9498128,39.9289003]]],"type":"Polygon"},"id":1014,"properties":{"area_m2":3.355,"centroid_lonlat":[-5.9498199,39.9289104],"centroid_px":[368.688,659.062],"confidence":0.6796,"confidence_bucket":"medium","detector_score":null,"eccentricity":0.7118,"equivalent_diameter_m":2.067,"height_m":null,"height_reason":"unavailable","id":1014,"low_confidence_reason":null,"perimeter_m":5.606,"shadow_length_m":null,"signals":{"separation":0.4431,"shadow":0.0,"shape":1.0,"size":0.5316},"solidity":0.9412,"touches_edge":false},"type":"Feature"},{"geometry":{"coordinates":[[[-5.9492925,39.9288551],[-5.9493139,39.9288633],[-5.9493247,39.9288592],[-5.9493569,39.9288839],[-5.9493729,39.9288757],[-5.9493864,39.9288942],[-5.9493837,39.9289003],[-5.9493729,39.9288962],[-5.9493649,39.9289024],[-5.9493649,39.928923],[-5.9493381,39.9289353],[-5.9493488,39.92896],[-5.94933,39.9289703],[-5.9492871,39.9289703],[-5.9492522,39.9289518],[-5.949263,39.9289312],[-5.9492898,39.9289106],[-5.9492898,39.9288942],[-5.9492737,39.9288818],[-5.9492737,39.9288654],[-5.9492925,39.9288551]]],"type":"Polygon"},"id":1015,"properties":{"area_m2":83.458,"centroid_lonlat":[-5.9493155,39.9289156],"centroid_px":[462.709,657.789],"confidence":0.3101,"confidence_bucket":"low","detector_score":null,"eccentricity":0.7716,"equivalent_diameter_m":10.308,"height_m":null,"height_reason":"unavailable","id":1015,"low_confidence_reason":"Low confidence: this crown is far larger or smaller than its neighbours, so it is likely merged with, or split from, another crown.","perimeter_m":44.836,"shadow_length_m":null,"signals":{"separation":0.3663,"shadow":0.0,"shape":0.5217,"size":0.0},"solidity":0.7713,"touches_edge":false},"type":"Feature"},{"geometry":{"coordinates":[[[-5.9508911,39.9288715],[-5.9509286,39.9288715],[-5.9509367,39.9288777],[-5.9509313,39.9288859],[-5.9509474,39.9288983],[-5.9509474,39.9289188],[-5.9509394,39.928925],[-5.9509233,39.9289209],[-5.9509125,39.9289291],[-5.9509018,39.928925],[-5.9508938,39.9289312],[-5.9508991,39.9289353],[-5.9508857,39.9289415],[-5.9508669,39.9289271],[-5.9508616,39.9288942],[-5.9508911,39.9288715]]],"type":"Polygon"},"id":1016,"properties":{"area_m2":37.116,"centroid_lonlat":[-5.950903,39.9289032],"centroid_px":[166.785,660.814],"confidence":0.1604,"confidence_bucket":"low","detector_score":null,"eccentricity":0.5188,"equivalent_diameter_m":6.874,"height_m":null,"height_reason":"unavailable","id":1016,"low_confidence_reason":"Low confidence: this region is likely two or more merged crowns.","perimeter_m":33.025,"shadow_length_m":null,"signals":{"separation":0.0,"shadow":0.0,"shape":0.4276,"size":0.0},"solidity":0.8389,"touches_edge":false},"type":"Feature"},{"geometry":{"coordinates":[[[-5.9492603,39.9288551],[-5.9492791,39.9288695],[-5.9492737,39.9288818],[-5.9492898,39.9288942],[-5.9492898,39.9289106],[-5.9492496,39.9289497],[-5.9492201,39.9289106],[-5.9492201,39.9288942],[-5.9492335,39.9288757],[-5.9492496,39.9288798],[-5.9492576,39.9288736],[-5.9492603,39.9288551]]],"type":"Polygon"},"id":1017,"properties":{"area_m2":35.858,"centroid_lonlat":[-5.9492553,39.9289029],"centroid_px":[473.93,660.889],"confidence":0.5415,"confidence_bucket":"medium","detector_score":null,"eccentricity":0.7927,"equivalent_diameter_m":6.757,"height_m":null,"height_reason":"unavailable","id":1017,"low_confidence_reason":null,"perimeter_m":27.069,"shadow_length_m":null,"signals":{"separation":0.6911,"shadow":0.0,"shape":0.615,"size":0.3036},"solidity":0.8465,"touches_edge":false},"type":"Feature"},{"geometry":{"coordinates":[[[-5.9491155,39.9288551],[-5.9491235,39.9288695],[-5.949145,39.9288818],[-5.949145,39.9289106],[-5.9491101,39.928925],[-5.9490967,39.9289147],[-5.9490967,39.9288901],[-5.9491235,39.9288777],[-5.9491128,39.9288695],[-5.9491155,39.9288551]]],"type":"Polygon"},"id":1018,"properties":{"area_m2":19.921,"centroid_lonlat":[-5.9491211,39.9288964],"centroid_px":[498.947,662.463],"confidence":0.6829,"confidence_bucket":"medium","detector_score":null,"eccentricity":0.7653,"equivalent_diameter_m":5.036,"height_m":null,"height_reason":"unavailable","id":1018,"low_confidence_reason":null,"perimeter_m":18.477,"shadow_length_m":null,"signals":{"separation":0.7274,"shadow":0.0,"shape":0.7333,"size":0.5779},"solidity":0.8482,"touches_edge":false},"type":"Feature"},{"geometry":{"coordinates":[[[-5.9514597,39.9288839],[-5.9514731,39.9288942],[-5.951449,39.9289003],[-5.9514409,39.9288942],[-5.9514597,39.9288839]]],"type":"Polygon"},"id":1019,"properties":{"area_m2":3.145,"centroid_lonlat":[-5.9514586,39.9288922],"centroid_px":[63.2,663.467],"confidence":0.6574,"confidence_bucket":"medium","detector_score":null,"eccentricity":0.8308,"equivalent_diameter_m":2.001,"height_m":null,"height_reason":"unavailable","id":1019,"low_confidence_reason":null,"perimeter_m":6.175,"shadow_length_m":null,"signals":{"separation":0.0,"shadow":0.0,"shape":1.0,"size":0.9036},"solidity":0.8333,"touches_edge":false},"type":"Feature"},{"geometry":{"coordinates":[[[-5.9498289,39.9288715],[-5.9498531,39.9288942],[-5.9498343,39.9289168],[-5.9498262,39.9289024],[-5.9498101,39.9288983],[-5.9498101,39.9288859],[-5.9498289,39.9288715]]],"type":"Polygon"},"id":1020,"properties":{"area_m2":10.275,"centroid_lonlat":[-5.9498319,39.9288932],"centroid_px":[366.449,663.245],"confidence":0.7802,"confidence_bucket":"high","detector_score":null,"eccentricity":0.7228,"equivalent_diameter_m":3.617,"height_m":null,"height_reason":"unavailable","id":1020,"low_confidence_reason":null,"perimeter_m":12.54,"shadow_length_m":null,"signals":{"separation":0.5662,"shadow":0.0,"shape":0.8211,"size":0.945},"solidity":0.875,"touches_edge":false},"type":"Feature"},{"geometry":{"coordinates":[[[-5.9494695,39.9288674],[-5.949491,39.9288674],[-5.9495044,39.9288777],[-5.9494749,39.9289045],[-5.9494561,39.9288942],[-5.9494561,39.9288777],[-5.9494695,39.9288674]]],"type":"Polygon"},"id":1021,"properties":{"area_m2":11.743,"centroid_lonlat":[-5.9494771,39.9288839],"centroid_px":[432.589,665.5],"confidence":0.8391,"confidence_bucket":"high","detector_score":null,"eccentricity":0.6432,"equivalent_diameter_m":3.867,"height_m":null,"height_reason":"unavailable","id":1021,"low_confidence_reason":null,"perimeter_m":11.703,"shadow_length_m":null,"signals":{"separation":0.6699,"shadow":0.0,"shape":1.0,"size":0.8151},"solidity":0.9825,"touches_edge":false},"type":"Feature"},{"geometry":{"coordinates":[[[-5.9490511,39.9288633],[-5.9490618,39.9288633],[-5.9490806,39.9288777],[-5.9490806,39.9288901],[-5.9490672,39.9289003],[-5.9490457,39.9289003],[-5.9490323,39.9288901],[-5.9490511,39.9288633]]],"type":"Polygon"},"id":1022,"properties":{"area_m2":12.372,"centroid_lonlat":[-5.9490578,39.9288832],"centroid_px":[510.746,665.661],"confidence":0.8595,"confidence_bucket":"high","detector_score":null,"eccentricity":0.4147,"equivalent_diameter_m":3.969,"height_m":null,"height_reason":"unavailable","id":1022,"low_confidence_reason":null,"perimeter_m":11.971,"shadow_length_m":null,"signals":{"separation":0.6527,"shadow":0.0,"shape":1.0,"size":0.8978},"solidity":0.9672,"touches_edge":false},"type":"Feature"},{"geometry":{"coordinates":[[[-5.9495232,39.9288592],[-5.9495661,39.9288674],[-5.9495902,39.9288983],[-5.9495902,39.9289188],[-5.9496224,39.9289353],[-5.9496331,39.9289723],[-5.9495875,39.9290073],[-5.9495714,39.9290073],[-5.949558,39.928997],[-5.94955,39.9289703],[-5.9495285,39.9289703],[-5.9495178,39.928962],[-5.9495017,39.9289662],[-5.9494936,39.9289559],[-5.9494936,39.9289394],[-5.9495097,39.9289188],[-5.9495097,39.9288983],[-5.949499,39.9288818],[-5.9495151,39.9288736],[-5.9495232,39.9288592]]],"type":"Polygon"},"id":1023,"properties":{"area_m2":115.541,"centroid_lonlat":[-5.9495597,39.9289347],"centroid_px":[417.196,653.151],"confidence":0.197,"confidence_bucket":"low","detector_score":null,"eccentricity":0.8347,"equivalent_diameter_m":12.129,"height_m":null,"height_reason":"unavailable","id":1023,"low_confidence_reason":"Low confidence: this region is likely two or more merged crowns.","perimeter_m":52.575,"shadow_length_m":null,"signals":{"separation":0.0,"shadow":0.0,"shape":0.5253,"size":0.0},"solidity":0.8464,"touches_edge":false},"type":"Feature"},{"geometry":{"coordinates":[[[-5.9492335,39.9288592],[-5.9492576,39.9288613],[-5.9492496,39.9288798],[-5.9492254,39.9288695],[-5.9492335,39.9288592]]],"type":"Polygon"},"id":1024,"properties":{"area_m2":4.613,"centroid_lonlat":[-5.949243,39.9288682],"centroid_px":[476.227,669.318],"confidence":0.734,"confidence_bucket":"high","detector_score":null,"eccentricity":0.7162,"equivalent_diameter_m":2.424,"height_m":null,"height_reason":"unavailable","id":1024,"low_confidence_reason":null,"perimeter_m":7.549,"shadow_length_m":null,"signals":{"separation":0.3779,"shadow":0.0,"shape":1.0,"size":0.771},"solidity":0.9167,"touches_edge":false},"type":"Feature"},{"geometry":{"coordinates":[[[-5.9502795,39.9288098],[-5.9503224,39.9288098],[-5.9503627,39.9288407],[-5.9503734,39.9288777],[-5.9503493,39.9289003],[-5.9503171,39.9289003],[-5.9502903,39.9288839],[-5.9502742,39.9288921],[-5.9502608,39.9288818],[-5.9502447,39.9288571],[-5.9502608,39.9288242],[-5.9502795,39.9288098]]],"type":"Polygon"},"id":1025,"properties":{"area_m2":79.474,"centroid_lonlat":[-5.9503113,39.9288556],"centroid_px":[277.084,672.385],"confidence":0.2935,"confidence_bucket":"low","detector_score":null,"eccentricity":0.5975,"equivalent_diameter_m":10.059,"height_m":null,"height_reason":"unavailable","id":1025,"low_confidence_reason":"Low confidence: this crown is far larger or smaller than its neighbours, so it is likely merged with, or split from, another crown.","perimeter_m":38.458,"shadow_length_m":null,"signals":{"separation":0.1288,"shadow":0.0,"shape":0.6753,"size":0.0},"solidity":0.9199,"touches_edge":false},"type":"Feature"},{"geometry":{"coordinates":[[[-5.9491208,39.928851],[-5.949145,39.9288571],[-5.9491423,39.9288757],[-5.9491235,39.9288695],[-5.9491208,39.928851]]],"type":"Polygon"},"id":1026,"properties":{"area_m2":4.823,"centroid_lonlat":[-5.9491322,39.9288622],"centroid_px":[496.87,670.783],"confidence":0.6718,"confidence_bucket":"medium","detector_score":null,"eccentricity":0.7752,"equivalent_diameter_m":2.478,"height_m":null,"height_reason":"unavailable","id":1026,"low_confidence_reason":null,"perimeter_m":7.817,"shadow_length_m":null,"signals":{"separation":0.3696,"shadow":0.0,"shape":0.9918,"size":0.59},"solidity":0.8846,"touches_edge":false},"type":"Feature"},{"geometry":{"coordinates":[[[-5.9514758,39.9288469],[-5.9514892,39.928853],[-5.9514758,39.9288674],[-5.9514678,39.9288613],[-5.9514758,39.9288469]]],"type":"Polygon"},"id":1027,"properties":{"area_m2":2.726,"centroid_lonlat":[-5.951477,39.9288562],"centroid_px":[59.769,672.231],"confidence":0.7896,"confidence_bucket":"high","detector_score":null,"eccentricity":0.7297,"equivalent_diameter_m":1.863,"height_m":null,"height_reason":"unavailable","id":1027,"low_confidence_reason":null,"perimeter_m":5.07,"shadow_length_m":null,"signals":{"separation":0.4916,"shadow":0.0,"shape":1.0,"size":0.8351},"solidity":0.9286,"touches_edge":false},"type":"Feature"},{"geometry":{"coordinates":[[[-5.9494078,39.9288366],[-5.949448,39.9288304],[-5.9494454,39.9288366],[-5.9494588,39.9288386],[-5.9494722,39.9288571],[-5.9494588,39.9288757],[-5.9494373,39.9288757],[-5.9494239,39.9288654],[-5.9494293,39.9288448],[-5.9494078,39.9288366]]],"type":"Polygon"},"id":1028,"properties":{"area_m2":16.775,"centroid_lonlat":[-5.9494436,39.9288537],"centroid_px":[438.825,672.837],"confidence":0.5255,"confidence_bucket":"medium","detector_score":null,"eccentricity":0.7524,"equivalent_diameter_m":4.622,"height_m":null,"height_reason":"unavailable","id":1028,"low_confidence_reason":null,"perimeter_m":17.561,"shadow_length_m":null,"signals":{"separation":0.5605,"shadow":0.0,"shape":0.6836,"size":0.3007},"solidity":0.8421,"touches_edge":false},"type":"Feature"},{"geometry":{"coordinates":[[[-5.9490779,39.9288427],[-5.949094,39.9288469],[-5.9491074,39.9288654],[-5.949094,39.9288757],[-5.9490779,39.9288757],[-5.9490591,39.9288613],[-5.9490591,39.9288489],[-5.9490779,39.9288427]]],"type":"Polygon"},"id":1029,"properties":{"area_m2":10.275,"centroid_lonlat":[-5.9490814,39.9288597],"centroid_px":[506.347,671.367],"confidence":0.8488,"confidence_bucket":"high","detector_score":null,"eccentricity":0.6622,"equivalent_diameter_m":3.617,"height_m":null,"height_reason":"unavailable","id":1029,"low_confidence_reason":null,"perimeter_m":11.323,"shadow_length_m":null,"signals":{"separation":0.5662,"shadow":0.0,"shape":1.0,"size":0.95},"solidity":0.9074,"touches_edge":false},"type":"Feature"},{"geometry":{"coordinates":[[[-5.9493408,39.9288345],[-5.9493515,39.9288345],[-5.9493756,39.9288613],[-5.9493569,39.9288839],[-5.9493273,39.9288613],[-5.9493408,39.9288345]]],"type":"Polygon"},"id":1030,"properties":{"area_m2":12.582,"centroid_lonlat":[-5.9493504,39.9288584],"centroid_px":[456.2,671.7],"confidence":0.7411,"confidence_bucket":"high","detector_score":null,"eccentricity":0.7687,"equivalent_diameter_m":4.002,"height_m":null,"height_reason":"unavailable","id":1030,"low_confidence_reason":null,"perimeter_m":14.751,"shadow_length_m":null,"signals":{"separation":0.5117,"shadow":0.0,"shape":0.7266,"size":0.9879},"solidity":0.8333,"touches_edge":false},"type":"Feature"},{"geometry":{"coordinates":[[[-5.9493676,39.9288181],[-5.949389,39.9288181],[-5.9494078,39.9288325],[-5.9494025,39.9288448],[-5.9493729,39.9288592],[-5.9493542,39.9288407],[-5.9493542,39.9288283],[-5.9493676,39.9288181]]],"type":"Polygon"},"id":1031,"properties":{"area_m2":14.469,"centroid_lonlat":[-5.9493792,39.9288365],"centroid_px":[450.841,677.014],"confidence":0.7952,"confidence_bucket":"high","detector_score":null,"eccentricity":0.225,"equivalent_diameter_m":4.292,"height_m":null,"height_reason":"unavailable","id":1031,"low_confidence_reason":null,"perimeter_m":13.266,"shadow_length_m":null,"signals":{"separation":0.7693,"shadow":0.0,"shape":1.0,"size":0.5754},"solidity":0.9583,"touches_edge":false},"type":"Feature"},{"geometry":{"coordinates":[[[-5.9486648,39.928814],[-5.9486863,39.928814],[-5.9486997,39.9288242],[-5.9486809,39.9288469],[-5.9486514,39.9288325],[-5.9486648,39.928814]]],"type":"Polygon"},"id":1032,"properties":{"area_m2":9.436,"centroid_lonlat":[-5.9486763,39.9288292],"centroid_px":[581.867,678.8],"confidence":0.7648,"confidence_bucket":"high","detector_score":null,"eccentricity":0.5039,"equivalent_diameter_m":3.466,"height_m":null,"height_reason":"unavailable","id":1032,"low_confidence_reason":null,"perimeter_m":11.166,"shadow_length_m":null,"signals":{"separation":0.5284,"shadow":0.0,"shape":0.951,"size":0.7777},"solidity":0.8824,"touches_edge":false},"type":"Feature"},{"geometry":{"coordinates":[[[-5.949963,39.9287852],[-5.9499899,39.9287852],[-5.950014,39.9288078],[-5.9500194,39.9288242],[-5.9500194,39.9288489],[-5.9500113,39.9288551],[-5.9500006,39.928851],[-5.9499845,39.9288633],[-5.9499684,39.9288633],[-5.9499577,39.9288551],[-5.9499523,39.9288592],[-5.9499416,39.928851],[-5.9499362,39.9288551],[-5.9499228,39.9288407],[-5.9499443,39.9288242],[-5.9499443,39.9288078],[-5.949963,39.9287852]]],"type":"Polygon"},"id":1033,"properties":{"area_m2":48.859,"centroid_lonlat":[-5.9499763,39.9288266],"centroid_px":[339.524,679.421],"confidence":0.6352,"confidence_bucket":"medium","detector_score":null,"eccentricity":0.5193,"equivalent_diameter_m":7.887,"height_m":null,"height_reason":"unavailable","id":1033,"low_confidence_reason":null,"perimeter_m":28.744,"shadow_length_m":null,"signals":{"separation":0.5921,"shadow":0.0,"shape":0.7431,"size":0.5488},"solidity":0.9031,"touches_edge":false},"type":"Feature"},{"geometry":{"coordinates":[[[-5.9491208,39.9288222],[-5.9491476,39.9288222],[-5.9491503,39.9288242],[-5.9491369,39.9288386],[-5.9491208,39.9288427],[-5.9491128,39.9288366],[-5.9491208,39.9288222]]],"type":"Polygon"},"id":1034,"properties":{"area_m2":4.823,"centroid_lonlat":[-5.9491299,39.9288305],"centroid_px":[497.304,678.478],"confidence":0.6749,"confidence_bucket":"medium","detector_score":null,"eccentricity":0.7838,"equivalent_diameter_m":2.478,"height_m":null,"height_reason":"unavailable","id":1034,"low_confidence_reason":null,"perimeter_m":7.454,"shadow_length_m":null,"signals":{"separation":0.3696,"shadow":0.0,"shape":1.0,"size":0.59},"solidity":0.8846,"touches_edge":false},"type":"Feature"},{"geometry":{"coordinates":[[[-5.9494051,39.9288222],[-5.9494373,39.9288181],[-5.9494507,39.9288283],[-5.9494266,39.9288345],[-5.9494025,39.9288283],[-5.9494051,39.9288222]]],"type":"Polygon"},"id":1035,"properties":{"area_m2":5.033,"centroid_lonlat":[-5.949425,39.9288266],"centroid_px":[442.292,679.417],"confidence":0.5124,"confidence_bucket":"medium","detector_score":null,"eccentricity":0.9204,"equivalent_diameter_m":2.531,"height_m":null,"height_reason":"unavailable","id":1035,"low_confidence_reason":null,"perimeter_m":8.733,"shadow_length_m":null,"signals":{"separation":0.3618,"shadow":0.0,"shape":0.8292,"size":0.2828},"solidity":0.8571,"touches_edge":false},"type":"Feature"},{"geometry":{"coordinates":[[[-5.9490511,39.928814],[-5.9490833,39.928814],[-5.9490806,39.9288366],[-5.9490967,39.9288448],[-5.9490564,39.9288427],[-5.9490591,39.9288366],[-5.949043,39.9288201],[-5.9490511,39.928814]]],"type":"Polygon"},"id":1036,"properties":{"area_m2":10.275,"centroid_lonlat":[-5.949069,39.9288294],"centroid_px":[508.653,678.735],"confidence":0.7251,"confidence_bucket":"high","detector_score":null,"eccentricity":0.7545,"equivalent_diameter_m":3.617,"height_m":null,"height_reason":"unavailable","id":1036,"low_confidence_reason":null,"perimeter_m":13.881,"shadow_length_m":null,"signals":{"separation":0.5662,"shadow":0.0,"shape":0.6701,"size":0.95},"solidity":0.7778,"touches_edge":false},"type":"Feature"},{"geometry":{"coordinates":[[[-5.9485951,39.9288057],[-5.9486085,39.9288078],[-5.9486192,39.9288283],[-5.9486058,39.9288427],[-5.9485817,39.9288366],[-5.9485817,39.928816],[-5.9485951,39.9288057]]],"type":"Polygon"},"id":1037,"properties":{"area_m2":9.856,"centroid_lonlat":[-5.9485993,39.9288252],"centroid_px":[596.213,679.766],"confidence":0.7836,"confidence_bucket":"high","detector_score":null,"eccentricity":0.72,"equivalent_diameter_m":3.542,"height_m":null,"height_reason":"unavailable","id":1037,"low_confidence_reason":null,"perimeter_m":11.703,"shadow_length_m":null,"signals":{"separation":0.5171,"shadow":0.0,"shape":0.9043,"size":0.9054},"solidity":0.9216,"touches_edge":false},"type":"Feature"},{"geometry":{"coordinates":[[[-5.9494051,39.9287893],[-5.9494239,39.9287996],[-5.949432,39.9288181],[-5.9493998,39.9288222],[-5.9493917,39.928816],[-5.9493917,39.9287996],[-5.9494051,39.9287893]]],"type":"Polygon"},"id":1038,"properties":{"area_m2":9.227,"centroid_lonlat":[-5.9494095,39.9288078],"centroid_px":[445.182,684.0],"confidence":0.7805,"confidence_bucket":"high","detector_score":null,"eccentricity":0.5789,"equivalent_diameter_m":3.427,"height_m":null,"height_reason":"unavailable","id":1038,"low_confidence_reason":null,"perimeter_m":10.486,"shadow_length_m":null,"signals":{"separation":0.5344,"shadow":0.0,"shape":1.0,"size":0.7633},"solidity":0.9167,"touches_edge":false},"type":"Feature"},{"geometry":{"coordinates":[[[-5.9499469,39.928781],[-5.949955,39.9287954],[-5.9499443,39.9288078],[-5.9499443,39.9288242],[-5.9499201,39.9288386],[-5.9499121,39.9288325],[-5.9499121,39.9287954],[-5.9499255,39.9287852],[-5.9499469,39.928781]]],"type":"Polygon"},"id":1039,"properties":{"area_m2":15.308,"centroid_lonlat":[-5.9499311,39.9288078],"centroid_px":[347.945,683.986],"confidence":0.6895,"confidence_bucket":"medium","detector_score":null,"eccentricity":0.8746,"equivalent_diameter_m":4.415,"height_m":null,"height_reason":"unavailable","id":1039,"low_confidence_reason":null,"perimeter_m":16.014,"shadow_length_m":null,"signals":{"separation":0.4149,"shadow":0.0,"shape":0.7501,"size":0.8912},"solidity":0.8795,"touches_edge":false},"type":"Feature"},{"geometry":{"coordinates":[[[-5.9497055,39.928781],[-5.9497485,39.928781],[-5.9497592,39.9287893],[-5.9497806,39.9287852],[-5.9497967,39.9287934],[-5.9498236,39.9287893],[-5.9498423,39.9288037],[-5.9498477,39.9288448],[-5.9498316,39.9288695],[-5.9498075,39.928888],[-5.9497914,39.9288839],[-5.9497645,39.9288962],[-5.9497324,39.9288715],[-5.9497055,39.9288715],[-5.9496814,39.9288489],[-5.9496921,39.9288366],[-5.9496814,39.9288283],[-5.9496868,39.928816],[-5.949676,39.9288037],[-5.9497055,39.928781]]],"type":"Polygon"},"id":1040,"properties":{"area_m2":137.349,"centroid_lonlat":[-5.9497635,39.9288329],"centroid_px":[379.205,677.893],"confidence":0.2878,"confidence_bucket":"low","detector_score":null,"eccentricity":0.6157,"equivalent_diameter_m":13.224,"height_m":null,"height_reason":"unavailable","id":1040,"low_confidence_reason":"Low confidence: this crown is far larger or smaller than its neighbours, so it is likely merged with, or split from, another crown.","perimeter_m":51.992,"shadow_length_m":null,"signals":{"separation":0.1549,"shadow":0.0,"shape":0.6385,"size":0.0},"solidity":0.9212,"touches_edge":false},"type":"Feature"},{"geometry":{"coordinates":[[[-5.9495875,39.928781],[-5.9496036,39.928781],[-5.949617,39.9288037],[-5.9495929,39.9288181],[-5.9495741,39.9288078],[-5.9495875,39.928781]]],"type":"Polygon"},"id":1041,"properties":{"area_m2":9.436,"centroid_lonlat":[-5.9495943,39.9287988],"centroid_px":[410.733,686.178],"confidence":0.7078,"confidence_bucket":"high","detector_score":null,"eccentricity":0.6345,"equivalent_diameter_m":3.466,"height_m":null,"height_reason":"unavailable","id":1041,"low_confidence_reason":null,"perimeter_m":11.703,"shadow_length_m":null,"signals":{"separation":0.3737,"shadow":0.0,"shape":0.8658,"size":0.8522},"solidity":0.8654,"touches_edge":false},"type":"Feature"},{"geometry":{"coordinates":[[[-5.9492496,39.9287893],[-5.9492576,39.9287996],[-5.9492549,39.9288098],[-5.9492362,39.9287996],[-5.9492496,39.9287893]]],"type":"Polygon"},"id":1042,"properties":{"area_m2":2.516,"centroid_lonlat":[-5.9492487,39.9288006],"centroid_px":[475.167,685.75],"confidence":0.7191,"confidence_bucket":"high","detector_score":null,"eccentricity":0.7355,"equivalent_diameter_m":1.79,"height_m":null,"height_reason":"unavailable","id":1042,"low_confidence_reason":null,"perimeter_m":4.88,"shadow_length_m":null,"signals":{"separation":0.5117,"shadow":0.0,"shape":1.0,"size":0.5894},"solidity":0.9231,"touches_edge":false},"type":"Feature"},{"geometry":{"coordinates":[[[-5.9490564,39.9287769],[-5.9490779,39.9287769],[-5.9490913,39.9287872],[-5.9490913,39.9288037],[-5.9490779,39.928814],[-5.9490511,39.928814],[-5.949043,39.9288037],[-5.949043,39.9287872],[-5.9490564,39.9287769]]],"type":"Polygon"},"id":1043,"properties":{"area_m2":14.679,"centroid_lonlat":[-5.9490669,39.9287957],"centroid_px":[509.043,686.943],"confidence":0.8867,"confidence_bucket":"high","detector_score":null,"eccentricity":0.248,"equivalent_diameter_m":4.323,"height_m":null,"height_reason":"unavailable","id":1043,"low_confidence_reason":null,"perimeter_m":12.776,"shadow_length_m":null,"signals":{"separation":0.8474,"shadow":0.0,"shape":1.0,"size":0.7901},"solidity":0.9859,"touches_edge":false},"type":"Feature"},{"geometry":{"coordinates":[[[-5.9491208,39.9287728],[-5.9491369,39.9287728],[-5.9491557,39.9287996],[-5.949145,39.9288078],[-5.9491557,39.928816],[-5.9491476,39.9288222],[-5.9491181,39.9288201],[-5.9491235,39.9288119],[-5.9491074,39.9287831],[-5.9491208,39.9287728]]],"type":"Polygon"},"id":1044,"properties":{"area_m2":15.098,"centroid_lonlat":[-5.9491312,39.9287981],"centroid_px":[497.069,686.361],"confidence":0.5486,"confidence_bucket":"medium","detector_score":null,"eccentricity":0.85,"equivalent_diameter_m":4.384,"height_m":null,"height_reason":"unavailable","id":1044,"low_confidence_reason":null,"perimeter_m":16.393,"shadow_length_m":null,"signals":{"separation":0.4178,"shadow":0.0,"shape":0.706,"size":0.4904},"solidity":0.8276,"touches_edge":false},"type":"Feature"},{"geometry":{"coordinates":[[[-5.9502527,39.9287481],[-5.9502742,39.9287481],[-5.9502876,39.9287584],[-5.9502983,39.9287749],[-5.9502983,39.9287913],[-5.9502903,39.9287975],[-5.9502634,39.9287975],[-5.95025,39.928779],[-5.9502554,39.9287749],[-5.9502473,39.9287687],[-5.9502366,39.9287728],[-5.9502232,39.9287625],[-5.9502527,39.9287481]]],"type":"Polygon"},"id":1045,"properties":{"area_m2":21.389,"centroid_lonlat":[-5.9502673,39.9287726],"centroid_px":[285.284,692.549],"confidence":0.6277,"confidence_bucket":"medium","detector_score":null,"eccentricity":0.7787,"equivalent_diameter_m":5.219,"height_m":null,"height_reason":"unavailable","id":1045,"low_confidence_reason":null,"perimeter_m":20.468,"shadow_length_m":null,"signals":{"separation":0.3924,"shadow":0.0,"shape":0.6415,"size":0.8463},"solidity":0.85,"touches_edge":false},"type":"Feature"},{"geometry":{"coordinates":[[[-5.9492925,39.9287564],[-5.9493247,39.9287646],[-5.9493327,39.9287872],[-5.9493139,39.9288057],[-5.9492603,39.9288057],[-5.9492522,39.9287872],[-5.9492683,39.9287666],[-5.9492925,39.9287564]]],"type":"Polygon"},"id":1046,"properties":{"area_m2":27.26,"centroid_lonlat":[-5.9492937,39.9287828],"centroid_px":[466.777,690.077],"confidence":0.5192,"confidence_bucket":"medium","detector_score":null,"eccentricity":0.6462,"equivalent_diameter_m":5.891,"height_m":null,"height_reason":"unavailable","id":1046,"low_confidence_reason":null,"perimeter_m":20.626,"shadow_length_m":null,"signals":{"separation":0.6952,"shadow":0.0,"shape":0.8052,"size":0.0},"solidity":0.8844,"touches_edge":false},"type":"Feature"},{"geometry":{"coordinates":[[[-5.9493515,39.9287646],[-5.9493729,39.9287646],[-5.9493864,39.9287749],[-5.9493864,39.9287872],[-5.9493783,39.9287852],[-5.9493569,39.9287975],[-5.9493381,39.9287749],[-5.9493515,39.9287646]]],"type":"Polygon"},"id":1047,"properties":{"area_m2":10.065,"centroid_lonlat":[-5.9493632,39.9287788],"centroid_px":[453.812,691.042],"confidence":0.8498,"confidence_bucket":"high","detector_score":null,"eccentricity":0.4872,"equivalent_diameter_m":3.58,"height_m":null,"height_reason":"unavailable","id":1047,"low_confidence_reason":null,"perimeter_m":11.703,"shadow_length_m":null,"signals":{"separation":0.7236,"shadow":0.0,"shape":0.9235,"size":0.8875},"solidity":0.9057,"touches_edge":false},"type":"Feature"},{"geometry":{"coordinates":[[[-5.9494105,39.9287481],[-5.9494293,39.9287625],[-5.9493998,39.9287852],[-5.9493864,39.9287708],[-5.9494105,39.9287481]]],"type":"Polygon"},"id":1048,"properties":{"area_m2":8.807,"centroid_lonlat":[-5.9494067,39.9287672],"centroid_px":[445.714,693.857],"confidence":0.7938,"confidence_bucket":"high","detector_score":null,"eccentricity":0.711,"equivalent_diameter_m":3.349,"height_m":null,"height_reason":"unavailable","id":1048,"low_confidence_reason":null,"perimeter_m":10.519,"shadow_length_m":null,"signals":{"separation":0.547,"shadow":0.0,"shape":1.0,"size":0.7931},"solidity":0.913,"touches_edge":false},"type":"Feature"},{"geometry":{"coordinates":[[[-5.950301,39.9287522],[-5.9503144,39.9287543],[-5.9503144,39.9287708],[-5.9503064,39.9287769],[-5.9502876,39.9287666],[-5.950301,39.9287522]]],"type":"Polygon"},"id":1049,"properties":{"area_m2":4.404,"centroid_lonlat":[-5.9503025,39.9287637],"centroid_px":[278.714,694.714],"confidence":0.7087,"confidence_bucket":"high","detector_score":null,"eccentricity":0.5418,"equivalent_diameter_m":2.368,"height_m":null,"height_reason":"unavailable","id":1049,"low_confidence_reason":null,"perimeter_m":7.281,"shadow_length_m":null,"signals":{"separation":0.3868,"shadow":0.0,"shape":1.0,"size":0.681},"solidity":0.913,"touches_edge":false},"type":"Feature"},{"geometry":{"coordinates":[[[-5.9492227,39.928744],[-5.9492442,39.928744],[-5.9492576,39.9287543],[-5.9492576,39.9287708],[-5.9492469,39.928779],[-5.9492576,39.9287831],[-5.9492388,39.9287975],[-5.9492254,39.9287954],[-5.9492362,39.9287831],[-5.9492093,39.9287708],[-5.9492093,39.9287584],[-5.9492227,39.928744]]],"type":"Polygon"},"id":1050,"properties":{"area_m2":17.195,"centroid_lonlat":[-5.9492351,39.9287676],"centroid_px":[477.695,693.768],"confidence":0.5766,"confidence_bucket":"medium","detector_score":null,"eccentricity":0.7452,"equivalent_diameter_m":4.679,"height_m":null,"height_reason":"unavailable","id":1050,"low_confidence_reason":null,"perimeter_m":16.472,"shadow_length_m":null,"signals":{"separation":0.5872,"shadow":0.0,"shape":0.7964,"size":0.3024},"solidity":0.8632,"touches_edge":false},"type":"Feature"},{"geometry":{"coordinates":[[[-5.9489545,39.9287399],[-5.9489813,39.9287399],[-5.9490055,39.9287584],[-5.9489706,39.9287852],[-5.9489357,39.9287708],[-5.9489572,39.9287625],[-5.9489545,39.9287399]]],"type":"Polygon"},"id":1051,"properties":{"area_m2":16.985,"centroid_lonlat":[-5.9489725,39.9287622],"centroid_px":[526.654,695.074],"confidence":0.6058,"confidence_bucket":"medium","detector_score":null,"eccentricity":0.6071,"equivalent_diameter_m":4.65,"height_m":null,"height_reason":"unavailable","id":1051,"low_confidence_reason":null,"perimeter_m":15.935,"shadow_length_m":null,"signals":{"separation":0.3939,"shadow":0.0,"shape":0.8405,"size":0.5359},"solidity":0.8265,"touches_edge":false},"type":"Feature"},{"geometry":{"coordinates":[[[-5.9486166,39.9287193],[-5.9486434,39.9287276],[-5.9486648,39.9287234],[-5.948689,39.9287461],[-5.948689,39.9287584],[-5.9486675,39.9287749],[-5.9486675,39.9287831],[-5.9486327,39.9287975],[-5.9486192,39.9287913],[-5.9486139,39.9287708],[-5.9485871,39.928742],[-5.9486166,39.9287193]]],"type":"Polygon"},"id":1052,"properties":{"area_m2":48.439,"centroid_lonlat":[-5.9486393,39.9287544],"centroid_px":[588.758,696.983],"confidence":0.5067,"confidence_bucket":"medium","detector_score":null,"eccentricity":0.4519,"equivalent_diameter_m":7.853,"height_m":null,"height_reason":"unavailable","id":1052,"low_confidence_reason":null,"perimeter_m":27.56,"shadow_length_m":null,"signals":{"separation":0.6597,"shadow":0.0,"shape":0.8014,"size":0.0},"solidity":0.9023,"touches_edge":false},"type":"Feature"},{"geometry":{"coordinates":[[[-5.9490886,39.9287564],[-5.9491128,39.9287666],[-5.9490994,39.9287769],[-5.9490779,39.9287769],[-5.9490699,39.9287708],[-5.9490886,39.9287564]]],"type":"Polygon"},"id":1053,"properties":{"area_m2":5.662,"centroid_lonlat":[-5.9490896,39.9287679],"centroid_px":[504.815,693.704],"confidence":0.7039,"confidence_bucket":"high","detector_score":null,"eccentricity":0.7712,"equivalent_diameter_m":2.685,"height_m":null,"height_reason":"unavailable","id":1053,"low_confidence_reason":null,"perimeter_m":8.007,"shadow_length_m":null,"signals":{"separation":0.4824,"shadow":0.0,"shape":1.0,"size":0.5701},"solidity":0.931,"touches_edge":false},"type":"Feature"},{"geometry":{"coordinates":[[[-5.9489277,39.9287358],[-5.9489572,39.9287461],[-5.9489545,39.9287646],[-5.9489384,39.9287687],[-5.9489277,39.9287605],[-5.9489143,39.9287625],[-5.9489143,39.9287461],[-5.9489277,39.9287358]]],"type":"Polygon"},"id":1054,"properties":{"area_m2":9.646,"centroid_lonlat":[-5.9489357,39.9287532],"centroid_px":[533.5,697.261],"confidence":0.719,"confidence_bucket":"high","detector_score":null,"eccentricity":0.6376,"equivalent_diameter_m":3.505,"height_m":null,"height_reason":"unavailable","id":1054,"low_confidence_reason":null,"perimeter_m":11.971,"shadow_length_m":null,"signals":{"separation":0.3696,"shadow":0.0,"shape":0.8458,"size":0.9163},"solidity":0.8519,"touches_edge":false},"type":"Feature"},{"geometry":{"coordinates":[[[-5.9512076,39.9287276],[-5.9512371,39.9287378],[-5.9512237,39.9287605],[-5.9511995,39.9287337],[-5.9512076,39.9287276]]],"type":"Polygon"},"id":1055,"properties":{"area_m2":6.5,"centroid_lonlat":[-5.9512209,39.928742],"centroid_px":[107.516,700.0],"confidence":0.7738,"confidence_bucket":"high","detector_score":null,"eccentricity":0.7558,"equivalent_diameter_m":2.877,"height_m":null,"height_reason":"unavailable","id":1055,"low_confidence_reason":null,"perimeter_m":8.576,"shadow_length_m":null,"signals":{"separation":0.3183,"shadow":0.0,"shape":1.0,"size":0.9578},"solidity":0.8611,"touches_edge":false},"type":"Feature"},{"geometry":{"coordinates":[[[-5.9493783,39.9287234],[-5.9494078,39.9287337],[-5.9494078,39.9287502],[-5.949389,39.9287687],[-5.9493703,39.9287543],[-5.9493756,39.9287502],[-5.9493595,39.9287337],[-5.9493783,39.9287234]]],"type":"Polygon"},"id":1056,"properties":{"area_m2":12.372,"centroid_lonlat":[-5.9493861,39.9287421],"centroid_px":[449.542,699.966],"confidence":0.7367,"confidence_bucket":"high","detector_score":null,"eccentricity":0.592,"equivalent_diameter_m":3.969,"height_m":null,"height_reason":"unavailable","id":1056,"low_confidence_reason":null,"perimeter_m":13.44,"shadow_length_m":null,"signals":{"separation":0.516,"shadow":0.0,"shape":0.8607,"size":0.8085},"solidity":0.8551,"touches_edge":false},"type":"Feature"},{"geometry":{"coordinates":[[[-5.9493408,39.9287234],[-5.9493595,39.9287255],[-5.9493649,39.9287461],[-5.9493354,39.9287605],[-5.9493273,39.9287543],[-5.9493327,39.928742],[-5.949322,39.9287337],[-5.9493408,39.9287234]]],"type":"Polygon"},"id":1057,"properties":{"area_m2":9.856,"centroid_lonlat":[-5.9493448,39.9287401],"centroid_px":[457.255,700.447],"confidence":0.7448,"confidence_bucket":"high","detector_score":null,"eccentricity":0.562,"equivalent_diameter_m":3.542,"height_m":null,"height_reason":"unavailable","id":1057,"low_confidence_reason":null,"perimeter_m":12.35,"shadow_length_m":null,"signals":{"separation":0.5171,"shadow":0.0,"shape":0.8119,"size":0.8918},"solidity":0.8545,"touches_edge":false},"type":"Feature"},{"geometry":{"coordinates":[[[-5.9514061,39.9287029],[-5.9514114,39.9287111],[-5.9514222,39.9287029],[-5.9514275,39.9287111],[-5.951457,39.9287132],[-5.951457,39.9287255],[-5.9514409,39.9287378],[-5.9514356,39.9287543],[-5.9514168,39.9287646],[-5.9513953,39.9287605],[-5.9513873,39.9287502],[-5.9513873,39.9287337],[-5.9514034,39.9287214],[-5.9514061,39.9287029]]],"type":"Polygon"},"id":1058,"properties":{"area_m2":26.002,"centroid_lonlat":[-5.9514198,39.928734],"centroid_px":[70.435,701.944],"confidence":0.4512,"confidence_bucket":"medium","detector_score":null,"eccentricity":0.7375,"equivalent_diameter_m":5.754,"height_m":null,"height_reason":"unavailable","id":1058,"low_confidence_reason":null,"perimeter_m":20.42,"shadow_length_m":null,"signals":{"separation":0.5033,"shadow":0.0,"shape":0.7836,"size":0.0},"solidity":0.8552,"touches_edge":false},"type":"Feature"},{"geometry":{"coordinates":[[[-5.9512505,39.9287111],[-5.9512639,39.9287255],[-5.9512559,39.9287358],[-5.9512424,39.9287296],[-5.9512505,39.9287111]]],"type":"Polygon"},"id":1059,"properties":{"area_m2":2.936,"centroid_lonlat":[-5.9512528,39.9287255],"centroid_px":[101.571,704.0],"confidence":0.5222,"confidence_bucket":"medium","detector_score":null,"eccentricity":0.7977,"equivalent_diameter_m":1.933,"height_m":null,"height_reason":"unavailable","id":1059,"low_confidence_reason":null,"perimeter_m":4.059,"shadow_length_m":null,"signals":{"separation":0.0,"shadow":0.0,"shape":1.0,"size":0.4711},"solidity":0.8235,"touches_edge":false},"type":"Feature"},{"geometry":{"coordinates":[[[-5.9502313,39.9286823],[-5.9502527,39.9286947],[-5.9502849,39.9286905],[-5.9502929,39.9286967],[-5.950309,39.9287214],[-5.9503064,39.9287522],[-5.9502849,39.928744],[-5.9502688,39.9287522],[-5.9502527,39.9287481],[-5.9502152,39.9287646],[-5.9501857,39.9287461],[-5.9501803,39.9287255],[-5.9501964,39.9287008],[-5.9502313,39.9286823]]],"type":"Polygon"},"id":1060,"properties":{"area_m2":67.312,"centroid_lonlat":[-5.9502444,39.9287239],"centroid_px":[289.548,704.383],"confidence":0.5059,"confidence_bucket":"medium","detector_score":null,"eccentricity":0.7214,"equivalent_diameter_m":9.258,"height_m":null,"height_reason":"unavailable","id":1060,"low_confidence_reason":null,"perimeter_m":34.729,"shadow_length_m":null,"signals":{"separation":0.5327,"shadow":0.0,"shape":0.7013,"size":0.2446},"solidity":0.8676,"touches_edge":false},"type":"Feature"},{"geometry":{"coordinates":[[[-5.9482518,39.9286988],[-5.9482759,39.9287008],[-5.9482759,39.9287132],[-5.9482571,39.9287358],[-5.9482491,39.9287337],[-5.9482545,39.9287296],[-5.9482437,39.9287173],[-5.9482518,39.9286988]]],"type":"Polygon"},"id":1061,"properties":{"area_m2":7.759,"centroid_lonlat":[-5.9482589,39.9287136],"centroid_px":[659.676,706.892],"confidence":0.722,"confidence_bucket":"high","detector_score":null,"eccentricity":0.7865,"equivalent_diameter_m":3.143,"height_m":null,"height_reason":"unavailable","id":1061,"low_confidence_reason":null,"perimeter_m":10.771,"shadow_length_m":null,"signals":{"separation":0.5828,"shadow":0.0,"shape":0.8404,"size":0.719},"solidity":0.8605,"touches_edge":false},"type":"Feature"},{"geometry":{"coordinates":[[[-5.9513739,39.9286947],[-5.9513953,39.9286947],[-5.9514034,39.9287008],[-5.9514034,39.9287214],[-5.9513846,39.9287399],[-5.9513658,39.9287255],[-5.9513658,39.9287008],[-5.9513739,39.9286947]]],"type":"Polygon"},"id":1062,"properties":{"area_m2":12.162,"centroid_lonlat":[-5.9513844,39.9287135],"centroid_px":[77.034,706.914],"confidence":0.6731,"confidence_bucket":"medium","detector_score":null,"eccentricity":0.7149,"equivalent_diameter_m":3.935,"height_m":null,"height_reason":"unavailable","id":1062,"low_confidence_reason":null,"perimeter_m":12.144,"shadow_length_m":null,"signals":{"separation":0.5204,"shadow":0.0,"shape":1.0,"size":0.4334},"solidity":0.9355,"touches_edge":false},"type":"Feature"},{"geometry":{"coordinates":[[[-5.9514382,39.9286905],[-5.951457,39.9287049],[-5.9514543,39.9287111],[-5.9514248,39.9287091],[-5.9514195,39.9287008],[-5.9514382,39.9286905]]],"type":"Polygon"},"id":1063,"properties":{"area_m2":4.613,"centroid_lonlat":[-5.951439,39.9287033],"centroid_px":[66.864,709.409],"confidence":0.7992,"confidence_bucket":"high","detector_score":null,"eccentricity":0.7359,"equivalent_diameter_m":2.424,"height_m":null,"height_reason":"unavailable","id":1063,"low_confidence_reason":null,"perimeter_m":7.359,"shadow_length_m":null,"signals":{"separation":0.3779,"shadow":0.0,"shape":1.0,"size":0.9796},"solidity":0.9167,"touches_edge":false},"type":"Feature"},{"geometry":{"coordinates":[[[-5.9512505,39.9286947],[-5.9512585,39.9287008],[-5.9512559,39.9287111],[-5.9512371,39.9287049],[-5.9512505,39.9286947]]],"type":"Polygon"},"id":1064,"properties":{"area_m2":2.097,"centroid_lonlat":[-5.9512489,39.9287041],"centroid_px":[102.3,709.2],"confidence":0.4891,"confidence_bucket":"medium","detector_score":null,"eccentricity":0.4425,"equivalent_diameter_m":1.634,"height_m":null,"height_reason":"unavailable","id":1064,"low_confidence_reason":null,"perimeter_m":3.506,"shadow_length_m":null,"signals":{"separation":0.0,"shadow":0.0,"shape":1.0,"size":0.3652},"solidity":0.9091,"touches_edge":false},"type":"Feature"},{"geometry":{"coordinates":[[[-5.9509876,39.92867],[-5.9510118,39.9286885],[-5.9510037,39.9286988],[-5.9509742,39.9286967],[-5.9509742,39.9286803],[-5.9509876,39.92867]]],"type":"Polygon"},"id":1065,"properties":{"area_m2":6.92,"centroid_lonlat":[-5.9509911,39.9286867],"centroid_px":[150.364,713.424],"confidence":0.7948,"confidence_bucket":"high","detector_score":null,"eccentricity":0.6231,"equivalent_diameter_m":2.968,"height_m":null,"height_reason":"unavailable","id":1065,"low_confidence_reason":null,"perimeter_m":9.397,"shadow_length_m":null,"signals":{"separation":0.4363,"shadow":0.0,"shape":0.9848,"size":0.9251},"solidity":0.9429,"touches_edge":false},"type":"Feature"},{"geometry":{"coordinates":[[[-5.9511915,39.9286659],[-5.9512049,39.9286679],[-5.9512049,39.9286885],[-5.9511808,39.9286988],[-5.9511673,39.9286926],[-5.9511673,39.9286844],[-5.9511915,39.9286659]]],"type":"Polygon"},"id":1066,"properties":{"area_m2":8.178,"centroid_lonlat":[-5.951188,39.928683],"centroid_px":[113.641,714.333],"confidence":0.7984,"confidence_bucket":"high","detector_score":null,"eccentricity":0.7399,"equivalent_diameter_m":3.227,"height_m":null,"height_reason":"unavailable","id":1066,"low_confidence_reason":null,"perimeter_m":10.787,"shadow_length_m":null,"signals":{"separation":0.5676,"shadow":0.0,"shape":0.8832,"size":0.9275},"solidity":0.9286,"touches_edge":false},"type":"Feature"},{"geometry":{"coordinates":[[[-5.9506765,39.9286535],[-5.9507114,39.928672],[-5.9507087,39.9286864],[-5.9506872,39.9286864],[-5.9506631,39.928672],[-5.9506765,39.9286535]]],"type":"Polygon"},"id":1067,"properties":{"area_m2":9.646,"centroid_lonlat":[-5.9506872,39.9286704],"centroid_px":[207.0,717.391],"confidence":0.8031,"confidence_bucket":"high","detector_score":null,"eccentricity":0.8017,"equivalent_diameter_m":3.505,"height_m":null,"height_reason":"unavailable","id":1067,"low_confidence_reason":null,"perimeter_m":11.435,"shadow_length_m":null,"signals":{"separation":0.5844,"shadow":0.0,"shape":0.9271,"size":0.873},"solidity":0.8846,"touches_edge":false},"type":"Feature"},{"geometry":{"coordinates":[[[-5.9512156,39.9286638],[-5.9512398,39.9286535],[-5.9512532,39.9286679],[-5.9512451,39.9286823],[-5.951229,39.9286741],[-5.9512156,39.9286761],[-5.9512156,39.9286638]]],"type":"Polygon"},"id":1068,"properties":{"area_m2":7.339,"centroid_lonlat":[-5.9512349,39.9286677],"centroid_px":[104.914,718.057],"confidence":0.8001,"confidence_bucket":"high","detector_score":null,"eccentricity":0.5631,"equivalent_diameter_m":3.057,"height_m":null,"height_reason":"unavailable","id":1068,"low_confidence_reason":null,"perimeter_m":9.665,"shadow_length_m":null,"signals":{"separation":0.4237,"shadow":0.0,"shape":0.9873,"size":0.9518},"solidity":0.875,"touches_edge":false},"type":"Feature"},{"geometry":{"coordinates":[[[-5.9509367,39.9286556],[-5.9509608,39.9286494],[-5.9509796,39.9286597],[-5.9509796,39.928672],[-5.9509662,39.9286823],[-5.950942,39.928672],[-5.9509367,39.9286556]]],"type":"Polygon"},"id":1069,"properties":{"area_m2":9.436,"centroid_lonlat":[-5.9509585,39.9286654],"centroid_px":[156.422,718.6],"confidence":0.7906,"confidence_bucket":"high","detector_score":null,"eccentricity":0.6487,"equivalent_diameter_m":3.466,"height_m":null,"height_reason":"unavailable","id":1069,"low_confidence_reason":null,"perimeter_m":11.055,"shadow_length_m":null,"signals":{"separation":0.5908,"shadow":0.0,"shape":0.9702,"size":0.7749},"solidity":0.9,"touches_edge":false},"type":"Feature"},{"geometry":{"coordinates":[[[-5.9507355,39.9286371],[-5.950765,39.9286391],[-5.950765,39.9286597],[-5.9507409,39.9286741],[-5.9507328,39.9286679],[-5.9507436,39.9286597],[-5.9507355,39.9286371]]],"type":"Polygon"},"id":1070,"properties":{"area_m2":7.339,"centroid_lonlat":[-5.9507493,39.9286531],"centroid_px":[195.429,721.6],"confidence":0.5625,"confidence_bucket":"medium","detector_score":null,"eccentricity":0.8443,"equivalent_diameter_m":3.057,"height_m":null,"height_reason":"unavailable","id":1070,"low_confidence_reason":null,"perimeter_m":11.703,"shadow_length_m":null,"signals":{"separation":0.2996,"shadow":0.0,"shape":0.6734,"size":0.6923},"solidity":0.7447,"touches_edge":false},"type":"Feature"},{"geometry":{"coordinates":[[[-5.9499148,39.9286083],[-5.9499308,39.9286124],[-5.9499711,39.9286473],[-5.9499657,39.9286844],[-5.9499523,39.9286988],[-5.9499148,39.9286947],[-5.9498584,39.9286597],[-5.9498584,39.928635],[-5.9498826,39.9286288],[-5.9499148,39.9286083]]],"type":"Polygon"},"id":1071,"properties":{"area_m2":65.634,"centroid_lonlat":[-5.9499177,39.9286552],"centroid_px":[350.45,721.08],"confidence":0.7742,"confidence_bucket":"high","detector_score":null,"eccentricity":0.6065,"equivalent_diameter_m":9.142,"height_m":null,"height_reason":"unavailable","id":1071,"low_confidence_reason":null,"perimeter_m":30.575,"shadow_length_m":null,"signals":{"separation":0.7224,"shadow":0.0,"shape":0.8823,"size":0.6964},"solidity":0.9399,"touches_edge":false},"type":"Feature"},{"geometry":{"coordinates":[[[-5.9489116,39.9286412],[-5.9489304,39.9286473],[-5.948917,39.9286617],[-5.9488982,39.9286556],[-5.9488982,39.9286473],[-5.9489116,39.9286412]]],"type":"Polygon"},"id":1072,"properties":{"area_m2":4.613,"centroid_lonlat":[-5.9489131,39.9286513],"centroid_px":[537.727,722.045],"confidence":0.7369,"confidence_bucket":"high","detector_score":null,"eccentricity":0.6324,"equivalent_diameter_m":2.424,"height_m":null,"height_reason":"unavailable","id":1072,"low_confidence_reason":null,"perimeter_m":6.901,"shadow_length_m":null,"signals":{"separation":0.5344,"shadow":0.0,"shape":1.0,"size":0.6235},"solidity":0.9167,"touches_edge":false},"type":"Feature"},{"geometry":{"coordinates":[[[-5.9507462,39.9286042],[-5.9507704,39.9286227],[-5.9507623,39.9286371],[-5.9507275,39.928635],[-5.9507462,39.9286042]]],"type":"Polygon"},"id":1073,"properties":{"area_m2":9.017,"centroid_lonlat":[-5.9507482,39.9286243],"centroid_px":[195.628,728.605],"confidence":0.8291,"confidence_bucket":"high","detector_score":null,"eccentricity":0.2644,"equivalent_diameter_m":3.388,"height_m":null,"height_reason":"unavailable","id":1073,"low_confidence_reason":null,"perimeter_m":11.055,"shadow_length_m":null,"signals":{"separation":0.5406,"shadow":0.0,"shape":0.9271,"size":0.9999},"solidity":0.9348,"touches_edge":false},"type":"Feature"},{"geometry":{"coordinates":[[[-5.9489518,39.9286144],[-5.9489813,39.9286042],[-5.9489948,39.9286186],[-5.9489948,39.928635],[-5.9489867,39.9286412],[-5.9489653,39.9286412],[-5.9489518,39.9286309],[-5.9489518,39.9286144]]],"type":"Polygon"},"id":1074,"properties":{"area_m2":12.372,"centroid_lonlat":[-5.9489734,39.9286238],"centroid_px":[526.475,728.729],"confidence":0.8716,"confidence_bucket":"high","detector_score":null,"eccentricity":0.498,"equivalent_diameter_m":3.969,"height_m":null,"height_reason":"unavailable","id":1074,"low_confidence_reason":null,"perimeter_m":11.86,"shadow_length_m":null,"signals":{"separation":0.6527,"shadow":0.0,"shape":1.0,"size":0.9364},"solidity":0.9672,"touches_edge":false},"type":"Feature"},{"geometry":{"coordinates":[[[-5.9501669,39.928563],[-5.9501857,39.9285692],[-5.9501749,39.9285774],[-5.950183,39.9285836],[-5.9501937,39.9285754],[-5.9502152,39.9285877],[-5.9502205,39.9285836],[-5.9502339,39.9286021],[-5.9502232,39.9286473],[-5.9501883,39.9286659],[-5.9501669,39.9286659],[-5.9501427,39.9286473],[-5.9501481,39.9286432],[-5.9501401,39.9286371],[-5.9501293,39.9286453],[-5.9500945,39.9286227],[-5.9501052,39.9285898],[-5.9501669,39.928563]]],"type":"Polygon"},"id":1075,"properties":{"area_m2":90.168,"centroid_lonlat":[-5.9501684,39.928615],"centroid_px":[303.723,730.872],"confidence":0.4527,"confidence_bucket":"medium","detector_score":null,"eccentricity":0.5557,"equivalent_diameter_m":10.715,"height_m":null,"height_reason":"unavailable","id":1075,"low_confidence_reason":null,"perimeter_m":40.132,"shadow_length_m":null,"signals":{"separation":0.6044,"shadow":0.0,"shape":0.7035,"size":0.0},"solidity":0.9091,"touches_edge":false},"type":"Feature"},{"geometry":{"coordinates":[[[-5.950655,39.9285959],[-5.9506711,39.9285959],[-5.9506845,39.9286103],[-5.9506497,39.9286329],[-5.9506363,39.9286062],[-5.950655,39.9285959]]],"type":"Polygon"},"id":1076,"properties":{"area_m2":10.694,"centroid_lonlat":[-5.9506584,39.9286115],"centroid_px":[212.373,731.725],"confidence":0.7646,"confidence_bucket":"high","detector_score":null,"eccentricity":0.6674,"equivalent_diameter_m":3.69,"height_m":null,"height_reason":"unavailable","id":1076,"low_confidence_reason":null,"perimeter_m":11.703,"shadow_length_m":null,"signals":{"separation":0.555,"shadow":0.0,"shape":0.9813,"size":0.7143},"solidity":0.9273,"touches_edge":false},"type":"Feature"},{"geometry":{"coordinates":[[[-5.948917,39.9285754],[-5.9489143,39.9285939],[-5.9489304,39.9286062],[-5.9489304,39.9286227],[-5.9489197,39.9286309],[-5.9489357,39.9286432],[-5.9489116,39.9286412],[-5.9488955,39.9286494],[-5.9488875,39.9286432],[-5.9488982,39.928635],[-5.9488821,39.9286227],[-5.9488821,39.9286062],[-5.9489036,39.9285939],[-5.948917,39.9285754]]],"type":"Polygon"},"id":1077,"properties":{"area_m2":20.131,"centroid_lonlat":[-5.9489077,39.9286171],"centroid_px":[538.729,730.354],"confidence":0.5624,"confidence_bucket":"medium","detector_score":null,"eccentricity":0.8138,"equivalent_diameter_m":5.063,"height_m":null,"height_reason":"unavailable","id":1077,"low_confidence_reason":null,"perimeter_m":21.005,"shadow_length_m":null,"signals":{"separation":0.6522,"shadow":0.0,"shape":0.5734,"size":0.4593},"solidity":0.7559,"touches_edge":false},"type":"Feature"},{"geometry":{"coordinates":[[[-5.949432,39.9285877],[-5.9494561,39.9286062],[-5.9494266,39.9286288],[-5.9494078,39.9286186],[-5.9494025,39.9286062],[-5.949432,39.9285877]]],"type":"Polygon"},"id":1078,"properties":{"area_m2":13.211,"centroid_lonlat":[-5.9494291,39.928608],"centroid_px":[441.524,732.556],"confidence":0.7967,"confidence_bucket":"high","detector_score":null,"eccentricity":0.5513,"equivalent_diameter_m":4.101,"height_m":null,"height_reason":"unavailable","id":1078,"low_confidence_reason":null,"perimeter_m":12.73,"shadow_length_m":null,"signals":{"separation":0.6316,"shadow":0.0,"shape":1.0,"size":0.7179},"solidity":0.9403,"touches_edge":false},"type":"Feature"},{"geometry":{"coordinates":[[[-5.9507194,39.9285918],[-5.9507436,39.9286021],[-5.9507301,39.9286247],[-5.9507141,39.9286247],[-5.9507006,39.9286144],[-5.9507194,39.9285918]]],"type":"Polygon"},"id":1079,"properties":{"area_m2":7.968,"centroid_lonlat":[-5.9507231,39.92861],"centroid_px":[200.316,732.079],"confidence":0.8006,"confidence_bucket":"high","detector_score":null,"eccentricity":0.6233,"equivalent_diameter_m":3.185,"height_m":null,"height_reason":"unavailable","id":1079,"low_confidence_reason":null,"perimeter_m":10.139,"shadow_length_m":null,"signals":{"separation":0.5751,"shadow":0.0,"shape":0.974,"size":0.8181},"solidity":0.8261,"touches_edge":false},"type":"Feature"},{"geometry":{"coordinates":[[[-5.949389,39.9285877],[-5.9494132,39.928598],[-5.9493998,39.9286165],[-5.9493756,39.9286021],[-5.9493756,39.9285939],[-5.949389,39.9285877]]],"type":"Polygon"},"id":1080,"properties":{"area_m2":6.5,"centroid_lonlat":[-5.9493932,39.9286005],"centroid_px":[448.226,734.387],"confidence":0.6422,"confidence_bucket":"medium","detector_score":null,"eccentricity":0.407,"equivalent_diameter_m":2.877,"height_m":null,"height_reason":"unavailable","id":1080,"low_confidence_reason":null,"perimeter_m":8.844,"shadow_length_m":null,"signals":{"separation":0.4502,"shadow":0.0,"shape":1.0,"size":0.4047},"solidity":0.8857,"touches_edge":false},"type":"Feature"},{"geometry":{"coordinates":[[[-5.9489357,39.9285815],[-5.9489599,39.9285712],[-5.9489787,39.9285898],[-5.9489787,39.9286021],[-5.9489653,39.9286083],[-5.9489492,39.9286083],[-5.9489357,39.928598],[-5.9489357,39.9285815]]],"type":"Polygon"},"id":1081,"properties":{"area_m2":11.953,"centroid_lonlat":[-5.9489565,39.9285907],"centroid_px":[529.632,736.772],"confidence":0.8961,"confidence_bucket":"high","detector_score":null,"eccentricity":0.5491,"equivalent_diameter_m":3.901,"height_m":null,"height_reason":"unavailable","id":1081,"low_confidence_reason":null,"perimeter_m":11.592,"shadow_length_m":null,"signals":{"separation":0.7043,"shadow":0.0,"shape":1.0,"size":0.9632},"solidity":0.9661,"touches_edge":false},"type":"Feature"},{"geometry":{"coordinates":[[[-5.9489062,39.928563],[-5.9489197,39.9285733],[-5.9489036,39.9285939],[-5.9488848,39.9286],[-5.9488767,39.9285856],[-5.9489062,39.928563]]],"type":"Polygon"},"id":1082,"properties":{"area_m2":7.968,"centroid_lonlat":[-5.9488973,39.9285828],"centroid_px":[540.658,738.684],"confidence":0.712,"confidence_bucket":"high","detector_score":null,"eccentricity":0.8686,"equivalent_diameter_m":3.185,"height_m":null,"height_reason":"unavailable","id":1082,"low_confidence_reason":null,"perimeter_m":10.519,"shadow_length_m":null,"signals":{"separation":0.4066,"shadow":0.0,"shape":0.905,"size":0.7859},"solidity":0.9268,"touches_edge":false},"type":"Feature"},{"geometry":{"coordinates":[[[-5.9494373,39.9285589],[-5.9494615,39.928561],[-5.9494561,39.9285651],[-5.9494668,39.9285898],[-5.9494588,39.9285959],[-5.9494239,39.9285856],[-5.9494239,39.9285692],[-5.9494373,39.9285589]]],"type":"Polygon"},"id":1083,"properties":{"area_m2":11.743,"centroid_lonlat":[-5.9494458,39.928577],"centroid_px":[438.411,740.089],"confidence":0.7997,"confidence_bucket":"high","detector_score":null,"eccentricity":0.5913,"equivalent_diameter_m":3.867,"height_m":null,"height_reason":"unavailable","id":1083,"low_confidence_reason":null,"perimeter_m":12.508,"shadow_length_m":null,"signals":{"separation":0.5296,"shadow":0.0,"shape":0.9433,"size":0.8974},"solidity":0.9032,"touches_edge":false},"type":"Feature"},{"geometry":{"coordinates":[[[-5.9493569,39.9285466],[-5.949389,39.928563],[-5.9494132,39.9285651],[-5.9494105,39.9285959],[-5.949389,39.9285877],[-5.9493756,39.9285939],[-5.9493729,39.9286042],[-5.9493434,39.9285939],[-5.9493381,39.9285815],[-5.9493488,39.9285733],[-5.9493381,39.928561],[-5.9493569,39.9285466]]],"type":"Polygon"},"id":1084,"properties":{"area_m2":24.954,"centroid_lonlat":[-5.9493728,39.9285751],"centroid_px":[452.025,740.555],"confidence":0.4016,"confidence_bucket":"low","detector_score":null,"eccentricity":0.6188,"equivalent_diameter_m":5.637,"height_m":null,"height_reason":"unavailable","id":1084,"low_confidence_reason":"Low confidence: this crown is far larger or smaller than its neighbours, so it is likely merged with, or split from, another crown.","perimeter_m":23.2,"shadow_length_m":null,"signals":{"separation":0.5858,"shadow":0.0,"shape":0.5826,"size":0.0},"solidity":0.7727,"touches_edge":false},"type":"Feature"},{"geometry":{"coordinates":[[[-5.9503922,39.9285466],[-5.9504083,39.9285466],[-5.9504163,39.9285651],[-5.9503868,39.9285795],[-5.9503788,39.9285733],[-5.9503788,39.9285568],[-5.9503868,39.9285589],[-5.9503922,39.9285466]]],"type":"Polygon"},"id":1085,"properties":{"area_m2":8.597,"centroid_lonlat":[-5.9503974,39.9285626],"centroid_px":[261.024,743.61],"confidence":0.7335,"confidence_bucket":"high","detector_score":null,"eccentricity":0.7269,"equivalent_diameter_m":3.309,"height_m":null,"height_reason":"unavailable","id":1085,"low_confidence_reason":null,"perimeter_m":11.323,"shadow_length_m":null,"signals":{"separation":0.3915,"shadow":0.0,"shape":0.8426,"size":0.9447},"solidity":0.9111,"touches_edge":false},"type":"Feature"},{"geometry":{"coordinates":[[[-5.9493837,39.9285342],[-5.9494051,39.9285342],[-5.9494185,39.9285445],[-5.9494159,39.928563],[-5.949389,39.928563],[-5.9493595,39.9285486],[-5.9493837,39.9285342]]],"type":"Polygon"},"id":1086,"properties":{"area_m2":11.743,"centroid_lonlat":[-5.9493939,39.9285488],"centroid_px":[448.089,746.946],"confidence":0.8675,"confidence_bucket":"high","detector_score":null,"eccentricity":0.7641,"equivalent_diameter_m":3.867,"height_m":null,"height_reason":"unavailable","id":1086,"low_confidence_reason":null,"perimeter_m":12.508,"shadow_length_m":null,"signals":{"separation":0.6699,"shadow":0.0,"shape":0.9433,"size":0.9741},"solidity":0.9333,"touches_edge":false},"type":"Feature"},{"geometry":{"coordinates":[[[-5.9499201,39.9285013],[-5.9499604,39.9285239],[-5.9499604,39.9285486],[-5.9499711,39.9285568],[-5.9499604,39.9285774],[-5.9499308,39.9285959],[-5.9498987,39.9285918],[-5.9498531,39.9285486],[-5.9498826,39.9285137],[-5.9498987,39.9285054],[-5.9499094,39.9285095],[-5.9499201,39.9285013]]],"type":"Polygon"},"id":1087,"properties":{"area_m2":68.36,"centroid_lonlat":[-5.9499157,39.9285493],"centroid_px":[350.825,746.837],"confidence":0.5657,"confidence_bucket":"medium","detector_score":null,"eccentricity":0.473,"equivalent_diameter_m":9.329,"height_m":null,"height_reason":"unavailable","id":1087,"low_confidence_reason":null,"perimeter_m":31.713,"shadow_length_m":null,"signals":{"separation":0.7853,"shadow":0.0,"shape":0.8541,"size":0.0},"solidity":0.9235,"touches_edge":false},"type":"Feature"},{"geometry":{"coordinates":[[[-5.9502581,39.928526],[-5.9502715,39.9285363],[-5.9502527,39.9285466],[-5.9502447,39.9285404],[-5.9502581,39.928526]]],"type":"Polygon"},"id":1088,"properties":{"area_m2":3.145,"centroid_lonlat":[-5.9502588,39.9285357],"centroid_px":[286.867,750.133],"confidence":0.7441,"confidence_bucket":"high","detector_score":null,"eccentricity":0.7504,"equivalent_diameter_m":2.001,"height_m":null,"height_reason":"unavailable","id":1088,"low_confidence_reason":null,"perimeter_m":5.717,"shadow_length_m":null,"signals":{"separation":0.4576,"shadow":0.0,"shape":1.0,"size":0.7236},"solidity":0.8824,"touches_edge":false},"type":"Feature"},{"geometry":{"coordinates":[[[-5.9507838,39.9284931],[-5.9508052,39.9284931],[-5.9508213,39.9285013],[-5.9508482,39.9284972],[-5.9508616,39.9285075],[-5.9508562,39.9285404],[-5.9508374,39.9285548],[-5.9508052,39.9285589],[-5.950765,39.9285363],[-5.950765,39.9285116],[-5.9507838,39.9284931]]],"type":"Polygon"},"id":1089,"properties":{"area_m2":46.133,"centroid_lonlat":[-5.950812,39.9285246],"centroid_px":[183.732,752.827],"confidence":0.5099,"confidence_bucket":"medium","detector_score":null,"eccentricity":0.5528,"equivalent_diameter_m":7.664,"height_m":null,"height_reason":"unavailable","id":1089,"low_confidence_reason":null,"perimeter_m":26.533,"shadow_length_m":null,"signals":{"separation":0.6435,"shadow":0.0,"shape":0.8235,"size":0.0},"solidity":0.9244,"touches_edge":false},"type":"Feature"},{"geometry":{"coordinates":[[[-5.9498611,39.9285137],[-5.9498718,39.9285137],[-5.9498799,39.9285239],[-5.9498557,39.9285466],[-5.949845,39.9285466],[-5.9498423,39.9285322],[-5.9498611,39.9285137]]],"type":"Polygon"},"id":1090,"properties":{"area_m2":7.339,"centroid_lonlat":[-5.9498593,39.9285295],"centroid_px":[361.343,751.657],"confidence":0.7234,"confidence_bucket":"high","detector_score":null,"eccentricity":0.8812,"equivalent_diameter_m":3.057,"height_m":null,"height_reason":"unavailable","id":1090,"low_confidence_reason":null,"perimeter_m":9.76,"shadow_length_m":null,"signals":{"separation":0.4237,"shadow":0.0,"shape":0.9682,"size":0.7293},"solidity":0.9211,"touches_edge":false},"type":"Feature"},{"geometry":{"coordinates":[[[-5.9491476,39.9284643],[-5.9491611,39.9284705],[-5.9491557,39.9284746],[-5.9491637,39.9284807],[-5.9491906,39.9284807],[-5.9492201,39.9285157],[-5.9492093,39.9285404],[-5.9491879,39.9285568],[-5.9491932,39.928561],[-5.9491637,39.9285795],[-5.9491476,39.9285795],[-5.9491396,39.9285733],[-5.949145,39.9285651],[-5.9491262,39.9285507],[-5.9490994,39.9285507],[-5.9490752,39.928528],[-5.9490967,39.9285198],[-5.9490967,39.9285075],[-5.9491074,39.9284993],[-5.949102,39.928491],[-5.9491476,39.9284643]]],"type":"Polygon"},"id":1091,"properties":{"area_m2":90.378,"centroid_lonlat":[-5.949153,39.9285217],"centroid_px":[493.005,753.548],"confidence":0.4823,"confidence_bucket":"medium","detector_score":null,"eccentricity":0.3384,"equivalent_diameter_m":10.727,"height_m":null,"height_reason":"unavailable","id":1091,"low_confidence_reason":null,"perimeter_m":41.048,"shadow_length_m":null,"signals":{"separation":0.7344,"shadow":0.0,"shape":0.674,"size":0.0},"solidity":0.8725,"touches_edge":false},"type":"Feature"},{"geometry":{"coordinates":[[[-5.9488419,39.9285095],[-5.9488687,39.9285137],[-5.9488714,39.9285239],[-5.9488472,39.9285301],[-5.9488285,39.9285157],[-5.9488419,39.9285095]]],"type":"Polygon"},"id":1092,"properties":{"area_m2":5.871,"centroid_lonlat":[-5.948852,39.9285192],"centroid_px":[549.107,754.143],"confidence":0.7347,"confidence_bucket":"high","detector_score":null,"eccentricity":0.779,"equivalent_diameter_m":2.734,"height_m":null,"height_reason":"unavailable","id":1092,"low_confidence_reason":null,"perimeter_m":8.275,"shadow_length_m":null,"signals":{"separation":0.6699,"shadow":0.0,"shape":1.0,"size":0.4811},"solidity":0.9032,"touches_edge":false},"type":"Feature"},{"geometry":{"coordinates":[[[-5.9499818,39.928491],[-5.9500006,39.9284849],[-5.950014,39.9285034],[-5.9500006,39.9285178],[-5.9499818,39.9285075],[-5.9499818,39.928491]]],"type":"Polygon"},"id":1093,"properties":{"area_m2":7.13,"centroid_lonlat":[-5.9499973,39.9285011],"centroid_px":[335.618,758.559],"confidence":0.7002,"confidence_bucket":"high","detector_score":null,"eccentricity":0.7525,"equivalent_diameter_m":3.013,"height_m":null,"height_reason":"unavailable","id":1093,"low_confidence_reason":null,"perimeter_m":9.492,"shadow_length_m":null,"signals":{"separation":0.304,"shadow":0.0,"shape":0.9944,"size":0.7434},"solidity":0.9189,"touches_edge":false},"type":"Feature"},{"geometry":{"coordinates":[[[-5.9485146,39.9284849],[-5.9485254,39.9284931],[-5.9485361,39.9284849],[-5.9485576,39.9284849],[-5.948571,39.9285034],[-5.9485522,39.9285219],[-5.9485361,39.9285219],[-5.9485254,39.9285137],[-5.9485093,39.9285178],[-5.9485066,39.928491],[-5.9485146,39.9284849]]],"type":"Polygon"},"id":1094,"properties":{"area_m2":17.614,"centroid_lonlat":[-5.9485378,39.9285022],"centroid_px":[607.69,758.274],"confidence":0.6106,"confidence_bucket":"medium","detector_score":null,"eccentricity":0.7224,"equivalent_diameter_m":4.736,"height_m":null,"height_reason":"unavailable","id":1094,"low_confidence_reason":null,"perimeter_m":17.42,"shadow_length_m":null,"signals":{"separation":0.547,"shadow":0.0,"shape":0.7294,"size":0.5316},"solidity":0.8936,"touches_edge":false},"type":"Feature"},{"geometry":{"coordinates":[[[-5.9485039,39.9284849],[-5.948512,39.9284869],[-5.9485039,39.9285178],[-5.9484851,39.9285034],[-5.9485039,39.9284849]]],"type":"Polygon"},"id":1095,"properties":{"area_m2":4.404,"centroid_lonlat":[-5.9484991,39.9285006],"centroid_px":[614.905,758.667],"confidence":0.6419,"confidence_bucket":"medium","detector_score":null,"eccentricity":0.8387,"equivalent_diameter_m":2.368,"height_m":null,"height_reason":"unavailable","id":1095,"low_confidence_reason":null,"perimeter_m":8.007,"shadow_length_m":null,"signals":{"separation":0.3868,"shadow":0.0,"shape":0.8631,"size":0.6317},"solidity":0.875,"touches_edge":false},"type":"Feature"},{"geometry":{"coordinates":[[[-5.9488472,39.9284561],[-5.9488848,39.9284602],[-5.9488982,39.9284746],[-5.9488928,39.9285157],[-5.9488741,39.928526],[-5.9488687,39.9285137],[-5.9488258,39.9285137],[-5.9488124,39.9284993],[-5.9488124,39.9284746],[-5.9488472,39.9284561]]],"type":"Polygon"},"id":1096,"properties":{"area_m2":41.31,"centroid_lonlat":[-5.9488564,39.9284872],"centroid_px":[548.299,761.934],"confidence":0.5041,"confidence_bucket":"medium","detector_score":null,"eccentricity":0.4406,"equivalent_diameter_m":7.252,"height_m":null,"height_reason":"unavailable","id":1096,"low_confidence_reason":null,"perimeter_m":25.189,"shadow_length_m":null,"signals":{"separation":0.6314,"shadow":0.0,"shape":0.8182,"size":0.0},"solidity":0.8914,"touches_edge":false},"type":"Feature"},{"geometry":{"coordinates":[[[-5.9514543,39.9284561],[-5.9514731,39.9284663],[-5.9514651,39.9284766],[-5.9514463,39.9284622],[-5.9514543,39.9284561]]],"type":"Polygon"},"id":1097,"properties":{"area_m2":2.936,"centroid_lonlat":[-5.9514609,39.9284655],"centroid_px":[62.786,767.214],"confidence":0.7568,"confidence_bucket":"high","detector_score":null,"eccentricity":0.8299,"equivalent_diameter_m":1.933,"height_m":null,"height_reason":"unavailable","id":1097,"low_confidence_reason":null,"perimeter_m":5.449,"shadow_length_m":null,"signals":{"separation":0.4737,"shadow":0.0,"shape":1.0,"size":0.7481},"solidity":1.0,"touches_edge":false},"type":"Feature"},{"geometry":{"coordinates":[[[-5.949719,39.9284458],[-5.9497592,39.9284396],[-5.949778,39.928454],[-5.9497833,39.9284622],[-5.9497699,39.9284849],[-5.9497136,39.9284787],[-5.949719,39.9284458]]],"type":"Polygon"},"id":1098,"properties":{"area_m2":23.066,"centroid_lonlat":[-5.9497464,39.9284627],"centroid_px":[382.391,767.882],"confidence":0.7318,"confidence_bucket":"high","detector_score":null,"eccentricity":0.4369,"equivalent_diameter_m":5.419,"height_m":null,"height_reason":"unavailable","id":1098,"low_confidence_reason":null,"perimeter_m":18.019,"shadow_length_m":null,"signals":{"separation":0.7558,"shadow":0.0,"shape":0.8927,"size":0.5146},"solidity":0.9167,"touches_edge":false},"type":"Feature"},{"geometry":{"coordinates":[[[-5.9496894,39.9284355],[-5.9497109,39.9284355],[-5.949719,39.9284417],[-5.9497109,39.9284807],[-5.9496948,39.9284807],[-5.949676,39.9284581],[-5.9496894,39.9284355]]],"type":"Polygon"},"id":1099,"properties":{"area_m2":13.84,"centroid_lonlat":[-5.9496989,39.9284565],"centroid_px":[391.242,769.394],"confidence":0.7517,"confidence_bucket":"high","detector_score":null,"eccentricity":0.7474,"equivalent_diameter_m":4.198,"height_m":null,"height_reason":"unavailable","id":1099,"low_confidence_reason":null,"perimeter_m":14.071,"shadow_length_m":null,"signals":{"separation":0.4363,"shadow":0.0,"shape":0.8784,"size":0.9149},"solidity":0.9041,"touches_edge":false},"type":"Feature"},{"geometry":{"coordinates":[[[-5.9499684,39.9284273],[-5.9499845,39.9284273],[-5.9499979,39.9284375],[-5.9499979,39.928454],[-5.9499845,39.9284643],[-5.949963,39.9284602],[-5.9499496,39.9284499],[-5.9499496,39.9284375],[-5.9499684,39.9284273]]],"type":"Polygon"},"id":1100,"properties":{"area_m2":13.001,"centroid_lonlat":[-5.9499747,39.9284446],"centroid_px":[339.823,772.274],"confidence":0.8927,"confidence_bucket":"high","detector_score":null,"eccentricity":0.4591,"equivalent_diameter_m":4.069,"height_m":null,"height_reason":"unavailable","id":1100,"low_confidence_reason":null,"perimeter_m":12.239,"shadow_length_m":null,"signals":{"separation":0.6753,"shadow":0.0,"shape":1.0,"size":0.9813},"solidity":0.9538,"touches_edge":false},"type":"Feature"},{"geometry":{"coordinates":[[[-5.9514812,39.9284232],[-5.9515026,39.9284232],[-5.951516,39.9284334],[-5.951516,39.9284499],[-5.9514758,39.9284725],[-5.9514517,39.928454],[-5.9514678,39.9284458],[-5.9514678,39.9284334],[-5.9514812,39.9284232]]],"type":"Polygon"},"id":1101,"properties":{"area_m2":18.034,"centroid_lonlat":[-5.9514879,39.9284461],"centroid_px":[57.744,771.93],"confidence":0.5467,"confidence_bucket":"medium","detector_score":null,"eccentricity":0.6579,"equivalent_diameter_m":4.792,"height_m":null,"height_reason":"unavailable","id":1101,"low_confidence_reason":null,"perimeter_m":17.041,"shadow_length_m":null,"signals":{"separation":0.5734,"shadow":0.0,"shape":0.7804,"size":0.2394},"solidity":0.8866,"touches_edge":false},"type":"Feature"},{"geometry":{"coordinates":[[[-5.9514275,39.928419],[-5.951449,39.928419],[-5.9514624,39.9284293],[-5.9514624,39.9284458],[-5.951449,39.9284602],[-5.9514275,39.9284561],[-5.9514141,39.9284417],[-5.9514275,39.928419]]],"type":"Polygon"},"id":1102,"properties":{"area_m2":13.63,"centroid_lonlat":[-5.95144,39.9284381],"centroid_px":[66.677,773.862],"confidence":0.7427,"confidence_bucket":"high","detector_score":null,"eccentricity":0.4643,"equivalent_diameter_m":4.166,"height_m":null,"height_reason":"unavailable","id":1102,"low_confidence_reason":null,"perimeter_m":12.965,"shadow_length_m":null,"signals":{"separation":0.6595,"shadow":0.0,"shape":1.0,"size":0.5172},"solidity":0.9155,"touches_edge":false},"type":"Feature"},{"geometry":{"coordinates":[[[-5.9487453,39.9284149],[-5.9487668,39.9284149],[-5.9487802,39.9284252],[-5.9487668,39.9284519],[-5.9487453,39.9284519],[-5.9487319,39.9284417],[-5.9487319,39.9284252],[-5.9487453,39.9284149]]],"type":"Polygon"},"id":1103,"properties":{"area_m2":13.42,"centroid_lonlat":[-5.9487547,39.928433],"centroid_px":[567.25,775.094],"confidence":0.8751,"confidence_bucket":"high","detector_score":null,"eccentricity":0.3723,"equivalent_diameter_m":4.134,"height_m":null,"height_reason":"unavailable","id":1103,"low_confidence_reason":null,"perimeter_m":12.887,"shadow_length_m":null,"signals":{"separation":0.6647,"shadow":0.0,"shape":1.0,"size":0.9358},"solidity":0.9552,"touches_edge":false},"type":"Feature"},{"geometry":{"coordinates":[[[-5.949896,39.928417],[-5.9499201,39.9284108],[-5.9499335,39.9284211],[-5.9499308,39.9284396],[-5.9499094,39.9284437],[-5.949896,39.9284334],[-5.949896,39.928417]]],"type":"Polygon"},"id":1104,"properties":{"area_m2":9.646,"centroid_lonlat":[-5.9499144,39.9284266],"centroid_px":[351.065,776.652],"confidence":0.8752,"confidence_bucket":"high","detector_score":null,"eccentricity":0.4805,"equivalent_diameter_m":3.505,"height_m":null,"height_reason":"unavailable","id":1104,"low_confidence_reason":null,"perimeter_m":10.297,"shadow_length_m":null,"signals":{"separation":0.7392,"shadow":0.0,"shape":1.0,"size":0.8614},"solidity":0.9787,"touches_edge":false},"type":"Feature"},{"geometry":{"coordinates":[[[-5.9516206,39.9284108],[-5.951634,39.928417],[-5.9516206,39.9284314],[-5.9516126,39.9284252],[-5.9516206,39.9284108]]],"type":"Polygon"},"id":1105,"properties":{"area_m2":2.726,"centroid_lonlat":[-5.9516219,39.9284201],"centroid_px":[32.769,778.231],"confidence":0.7585,"confidence_bucket":"high","detector_score":null,"eccentricity":0.7297,"equivalent_diameter_m":1.863,"height_m":null,"height_reason":"unavailable","id":1105,"low_confidence_reason":null,"perimeter_m":5.07,"shadow_length_m":null,"signals":{"separation":0.4916,"shadow":0.0,"shape":1.0,"size":0.7357},"solidity":0.9286,"touches_edge":false},"type":"Feature"},{"geometry":{"coordinates":[[[-5.948638,39.9283902],[-5.9486595,39.9283902],[-5.9486729,39.9284005],[-5.9486488,39.9284273],[-5.9486246,39.9284129],[-5.9486246,39.9284005],[-5.948638,39.9283902]]],"type":"Polygon"},"id":1106,"properties":{"area_m2":11.533,"centroid_lonlat":[-5.948648,39.928406],"centroid_px":[587.145,781.673],"confidence":0.8978,"confidence_bucket":"high","detector_score":null,"eccentricity":0.3365,"equivalent_diameter_m":3.832,"height_m":null,"height_reason":"unavailable","id":1106,"low_confidence_reason":null,"perimeter_m":11.703,"shadow_length_m":null,"signals":{"separation":0.717,"shadow":0.0,"shape":1.0,"size":0.9558},"solidity":0.9483,"touches_edge":false},"type":"Feature"},{"geometry":{"coordinates":[[[-5.9499523,39.928382],[-5.9499684,39.928382],[-5.9499872,39.9284046],[-5.9499738,39.928419],[-5.9499523,39.928419],[-5.9499389,39.9284088],[-5.9499389,39.9283923],[-5.9499523,39.928382]]],"type":"Polygon"},"id":1107,"properties":{"area_m2":13.211,"centroid_lonlat":[-5.9499613,39.9284013],"centroid_px":[342.317,782.81],"confidence":0.8825,"confidence_bucket":"high","detector_score":null,"eccentricity":0.4903,"equivalent_diameter_m":4.101,"height_m":null,"height_reason":"unavailable","id":1107,"low_confidence_reason":null,"perimeter_m":12.239,"shadow_length_m":null,"signals":{"separation":0.6316,"shadow":0.0,"shape":1.0,"size":0.9924},"solidity":0.9692,"touches_edge":true},"type":"Feature"}],"type":"FeatureCollection"}